x_times_g,y_times_g,z_times_g,g_measured,TimeInterval,Date
0.223160,0.148407,-0.880142,0.920041,117292.545258,2001-01-02 08:34:52.545 +0000
0.222122,0.157318,-0.940033,0.978647,117292.525665,2001-01-02 08:34:52.526 +0000
0.264297,0.170227,-0.991623,1.040263,117292.506073,2001-01-02 08:34:52.506 +0000
0.302307,0.179276,-0.989746,1.050298,117292.486481,2001-01-02 08:34:52.486 +0000
0.275848,0.190628,-0.955383,1.012516,117292.466889,2001-01-02 08:34:52.467 +0000
0.249527,0.201279,-1.005188,1.055073,117292.447296,2001-01-02 08:34:52.447 +0000
0.251099,0.182266,-0.733566,0.796487,117292.427704,2001-01-02 08:34:52.428 +0000
0.255051,0.191376,-0.991089,1.041121,117292.408112,2001-01-02 08:34:52.408 +0000
0.258530,0.187851,-1.006485,1.056001,117292.388519,2001-01-02 08:34:52.389 +0000
0.258331,0.188263,-0.973068,1.024226,117292.368927,2001-01-02 08:34:52.369 +0000
0.260620,0.192413,-0.938004,0.992369,117292.349335,2001-01-02 08:34:52.349 +0000
0.263214,0.192978,-0.915009,0.971475,117292.329743,2001-01-02 08:34:52.330 +0000
0.274277,0.195480,-0.932770,0.991716,117292.310150,2001-01-02 08:34:52.310 +0000
0.274857,0.211044,-0.968735,1.028850,117292.290558,2001-01-02 08:34:52.291 +0000
0.282822,0.222229,-0.950089,1.015895,117292.270966,2001-01-02 08:34:52.271 +0000
0.278717,0.213287,-0.919952,0.984625,117292.251373,2001-01-02 08:34:52.251 +0000
0.274689,0.194443,-0.940887,0.999265,117292.231781,2001-01-02 08:34:52.232 +0000
0.272278,0.201553,-0.956253,1.014485,117292.212189,2001-01-02 08:34:52.212 +0000
0.271729,0.219391,-0.983734,1.043888,117292.192597,2001-01-02 08:34:52.193 +0000
0.267288,0.232834,-0.950455,1.014406,117292.173004,2001-01-02 08:34:52.173 +0000
0.270432,0.222305,-0.919861,0.984224,117292.153412,2001-01-02 08:34:52.153 +0000
0.291473,0.204605,-0.957260,1.021355,117292.133820,2001-01-02 08:34:52.134 +0000
0.282990,0.202774,-0.975464,1.035727,117292.114227,2001-01-02 08:34:52.114 +0000
0.268036,0.195892,-0.987167,1.041497,117292.094635,2001-01-02 08:34:52.095 +0000
0.245895,0.183655,-0.971481,1.018808,117292.075043,2001-01-02 08:34:52.075 +0000
0.252640,0.165054,-0.939346,0.986631,117292.055451,2001-01-02 08:34:52.055 +0000
0.263565,0.159409,-0.956390,1.004769,117292.035858,2001-01-02 08:34:52.036 +0000
0.249084,0.161987,-0.989044,1.032711,117292.016297,2001-01-02 08:34:52.016 +0000
0.239182,0.153442,-0.996689,1.036408,117291.996704,2001-01-02 08:34:51.997 +0000
0.235046,0.110672,-0.984802,1.018494,117291.977112,2001-01-02 08:34:51.977 +0000
0.227982,0.066772,-0.977814,1.006257,117291.957520,2001-01-02 08:34:51.958 +0000
0.199265,0.032394,-0.975296,0.995971,117291.937927,2001-01-02 08:34:51.938 +0000
0.173752,-0.022888,-0.981964,0.997480,117291.918335,2001-01-02 08:34:51.918 +0000
0.205719,-0.085327,-0.947784,0.973600,117291.898743,2001-01-02 08:34:51.899 +0000
0.227524,-0.128677,-0.965912,1.000655,117291.879151,2001-01-02 08:34:51.879 +0000
0.222183,-0.150818,-0.979767,1.015901,117291.859558,2001-01-02 08:34:51.860 +0000
0.222122,-0.164841,-0.936966,0.976942,117291.839966,2001-01-02 08:34:51.840 +0000
0.238617,-0.202362,-0.951736,1.001844,117291.820374,2001-01-02 08:34:51.820 +0000
0.251343,-0.240906,-0.967255,1.028003,117291.800781,2001-01-02 08:34:51.801 +0000
0.226059,-0.279953,-0.965820,1.030672,117291.781189,2001-01-02 08:34:51.781 +0000
0.233643,-0.316010,-0.932846,1.012251,117291.761597,2001-01-02 08:34:51.762 +0000
0.259598,-0.334381,-0.901871,0.996279,117291.742035,2001-01-02 08:34:51.742 +0000
0.266586,-0.350281,-0.893692,0.996218,117291.722443,2001-01-02 08:34:51.722 +0000
0.249557,-0.368332,-0.907837,1.010997,117291.702850,2001-01-02 08:34:51.703 +0000
0.258148,-0.390884,-0.908630,1.022272,117291.683278,2001-01-02 08:34:51.683 +0000
0.265854,-0.399887,-0.896240,1.016777,117291.663686,2001-01-02 08:34:51.664 +0000
0.270874,-0.418198,-0.858398,0.992527,117291.644094,2001-01-02 08:34:51.644 +0000
0.278305,-0.419525,-0.850998,0.988763,117291.624501,2001-01-02 08:34:51.625 +0000
0.269775,-0.407700,-0.854584,0.984536,117291.604909,2001-01-02 08:34:51.605 +0000
0.265640,-0.409927,-0.869492,0.997307,117291.585317,2001-01-02 08:34:51.585 +0000
0.263214,-0.425018,-0.868271,1.001906,117291.565724,2001-01-02 08:34:51.566 +0000
0.268555,-0.435516,-0.865509,1.005436,117291.546132,2001-01-02 08:34:51.546 +0000
0.278656,-0.433762,-0.876007,1.016458,117291.526540,2001-01-02 08:34:51.527 +0000
0.263123,-0.425842,-0.865814,1.000105,117291.506948,2001-01-02 08:34:51.507 +0000
0.268982,-0.410828,-0.869186,0.998306,117291.487386,2001-01-02 08:34:51.487 +0000
0.255875,-0.424179,-0.872620,1.003426,117291.467794,2001-01-02 08:34:51.468 +0000
0.270523,-0.419037,-0.899292,1.028349,117291.448201,2001-01-02 08:34:51.448 +0000
0.257111,-0.419769,-0.895233,1.021643,117291.428609,2001-01-02 08:34:51.429 +0000
0.258453,-0.415375,-0.901733,1.025893,117291.409017,2001-01-02 08:34:51.409 +0000
0.258453,-0.403259,-0.887955,1.008900,117291.389424,2001-01-02 08:34:51.389 +0000
0.268616,-0.403381,-0.878372,1.003199,117291.369832,2001-01-02 08:34:51.370 +0000
0.273804,-0.402664,-0.875244,1.001578,117291.350240,2001-01-02 08:34:51.350 +0000
0.266205,-0.406723,-0.898346,1.021427,117291.330648,2001-01-02 08:34:51.331 +0000
0.252365,-0.418533,-0.891068,1.016297,117291.311086,2001-01-02 08:34:51.311 +0000
0.267563,-0.408493,-0.888443,1.013799,117291.291494,2001-01-02 08:34:51.291 +0000
0.282486,-0.394363,-0.876022,1.001367,117291.271901,2001-01-02 08:34:51.272 +0000
0.251846,-0.358932,-0.901154,1.002166,117291.252309,2001-01-02 08:34:51.252 +0000
0.254379,-0.381989,-0.896942,1.007536,117291.232717,2001-01-02 08:34:51.233 +0000
0.252670,-0.377701,-0.890808,1.000020,117291.213124,2001-01-02 08:34:51.213 +0000
0.250610,-0.360275,-0.893646,0.995594,117291.193563,2001-01-02 08:34:51.194 +0000
0.264832,-0.360107,-0.920547,1.023338,117291.173970,2001-01-02 08:34:51.174 +0000
0.261795,-0.331024,-0.912048,1.004961,117291.154378,2001-01-02 08:34:51.154 +0000
0.246841,-0.320068,-0.891800,0.979123,117291.134786,2001-01-02 08:34:51.135 +0000
0.228104,-0.304565,-0.902267,0.979223,117291.115193,2001-01-02 08:34:51.115 +0000
0.224518,-0.285004,-0.922699,0.991468,117291.095601,2001-01-02 08:34:51.096 +0000
0.236023,-0.243576,-0.953186,1.011731,117291.076009,2001-01-02 08:34:51.076 +0000
0.232025,-0.219971,-0.968307,1.019727,117291.056417,2001-01-02 08:34:51.056 +0000
0.248169,-0.187683,-0.971863,1.020456,117291.036824,2001-01-02 08:34:51.037 +0000
0.224091,-0.178696,-0.965057,1.006720,117291.017232,2001-01-02 08:34:51.017 +0000
0.226501,-0.189911,-0.983704,1.027152,117290.997640,2001-01-02 08:34:50.998 +0000
0.241455,-0.175278,-0.957275,1.002696,117290.978047,2001-01-02 08:34:50.978 +0000
0.271286,-0.151917,-0.962616,1.011585,117290.958486,2001-01-02 08:34:50.958 +0000
0.241135,-0.122971,-0.989395,1.025754,117290.938893,2001-01-02 08:34:50.939 +0000
0.201904,-0.055161,-1.000534,1.022192,117290.919301,2001-01-02 08:34:50.919 +0000
0.237244,-0.027771,-0.987000,1.015492,117290.899709,2001-01-02 08:34:50.900 +0000
0.298264,0.000427,-0.963120,1.008246,117290.880117,2001-01-02 08:34:50.880 +0000
0.289825,0.025955,-0.968658,1.011421,117290.860524,2001-01-02 08:34:50.861 +0000
0.246719,0.061996,-1.001816,1.033610,117290.840932,2001-01-02 08:34:50.841 +0000
0.222122,0.086411,-0.945267,0.974851,117290.821340,2001-01-02 08:34:50.821 +0000
0.231400,0.101425,-0.950989,0.983978,117290.801747,2001-01-02 08:34:50.802 +0000
0.277634,0.113327,-0.992310,1.036630,117290.782155,2001-01-02 08:34:50.782 +0000
0.309921,0.130188,-1.010559,1.065002,117290.762593,2001-01-02 08:34:50.763 +0000
0.285812,0.164307,-1.003815,1.056565,117290.743001,2001-01-02 08:34:50.743 +0000
0.287933,0.189667,-0.971756,1.031110,117290.723409,2001-01-02 08:34:50.723 +0000
0.294968,0.208710,-0.952499,1.018735,117290.703817,2001-01-02 08:34:50.704 +0000
0.293976,0.231430,-0.930145,1.002573,117290.684248,2001-01-02 08:34:50.684 +0000
0.306870,0.225998,-0.941574,1.015778,117290.664656,2001-01-02 08:34:50.665 +0000
0.309280,0.213531,-0.931473,1.004436,117290.645064,2001-01-02 08:34:50.645 +0000
0.308975,0.218781,-0.893845,0.970716,117290.625502,2001-01-02 08:34:50.626 +0000
0.327713,0.218750,-0.898224,0.980843,117290.605910,2001-01-02 08:34:50.606 +0000
0.327194,0.225388,-0.975632,1.053429,117290.586317,2001-01-02 08:34:50.586 +0000
0.301254,0.230591,-0.981491,1.052260,117290.566725,2001-01-02 08:34:50.567 +0000
0.275589,0.215775,-0.966888,1.028290,117290.547133,2001-01-02 08:34:50.547 +0000
0.255463,0.187378,-0.956085,1.007209,117290.527540,2001-01-02 08:34:50.528 +0000
0.279968,0.177673,-0.930298,0.987626,117290.507948,2001-01-02 08:34:50.508 +0000
0.296204,0.158981,-0.955551,1.012961,117290.488386,2001-01-02 08:34:50.488 +0000
0.279709,0.115356,-0.944229,0.991520,117290.468794,2001-01-02 08:34:50.469 +0000
0.232025,0.065964,-0.936981,0.967533,117290.449202,2001-01-02 08:34:50.449 +0000
0.235199,0.056732,-0.941711,0.972295,117290.429610,2001-01-02 08:34:50.430 +0000
0.238434,0.034286,-0.966827,0.996384,117290.410017,2001-01-02 08:34:50.410 +0000
0.241898,0.008377,-0.964798,0.994696,117290.390425,2001-01-02 08:34:50.390 +0000
0.246445,-0.028442,-0.970779,1.001976,117290.370833,2001-01-02 08:34:50.371 +0000
0.235397,-0.054138,-1.001785,1.030493,117290.351240,2001-01-02 08:34:50.351 +0000
0.216934,-0.077393,-1.002609,1.028725,117290.331679,2001-01-02 08:34:50.332 +0000
0.229965,-0.102066,-0.996460,1.027732,117290.312086,2001-01-02 08:34:50.312 +0000
0.244934,-0.113785,-0.989273,1.025476,117290.292494,2001-01-02 08:34:50.292 +0000
0.231781,-0.121231,-0.978836,1.013183,117290.272902,2001-01-02 08:34:50.273 +0000
0.224884,-0.144836,-0.956406,0.993107,117290.253310,2001-01-02 08:34:50.253 +0000
0.237320,-0.160202,-0.961853,1.003567,117290.233717,2001-01-02 08:34:50.234 +0000
0.246490,-0.173813,-0.962570,1.008717,117290.214125,2001-01-02 08:34:50.214 +0000
0.251129,-0.197800,-0.973495,1.024638,117290.194563,2001-01-02 08:34:50.195 +0000
0.240097,-0.206268,-0.974304,1.024432,117290.174971,2001-01-02 08:34:50.175 +0000
0.240677,-0.222382,-0.947464,1.002530,117290.155379,2001-01-02 08:34:50.155 +0000
0.268890,-0.244324,-0.935745,1.003800,117290.135786,2001-01-02 08:34:50.136 +0000
0.268784,-0.259521,-0.982559,1.051199,117290.116194,2001-01-02 08:34:50.116 +0000
0.246613,-0.272491,-0.991928,1.057824,117290.096602,2001-01-02 08:34:50.097 +0000
0.237640,-0.295013,-0.956467,1.028754,117290.077040,2001-01-02 08:34:50.077 +0000
0.256927,-0.306824,-0.926620,1.009345,117290.057448,2001-01-02 08:34:50.057 +0000
0.268097,-0.320877,-0.918381,1.009089,117290.037855,2001-01-02 08:34:50.038 +0000
0.267639,-0.331741,-0.910812,1.005615,117290.018263,2001-01-02 08:34:50.018 +0000
0.269028,-0.331772,-0.889771,0.986985,117289.998671,2001-01-02 08:34:49.999 +0000
0.273010,-0.332703,-0.864182,0.965420,117289.979079,2001-01-02 08:34:49.979 +0000
0.272995,-0.330612,-0.862946,0.963590,117289.959486,2001-01-02 08:34:49.959 +0000
0.269318,-0.342377,-0.890411,0.991255,117289.939894,2001-01-02 08:34:49.940 +0000
0.259140,-0.321640,-0.932175,1.019586,117289.920302,2001-01-02 08:34:49.920 +0000
0.253540,-0.301163,-0.938614,1.017830,117289.900740,2001-01-02 08:34:49.901 +0000
0.257690,-0.284393,-0.904373,0.982433,117289.881148,2001-01-02 08:34:49.881 +0000
0.251526,-0.277878,-0.894287,0.969655,117289.861555,2001-01-02 08:34:49.862 +0000
0.244080,-0.276108,-0.926208,0.996831,117289.841963,2001-01-02 08:34:49.842 +0000
0.235123,-0.245605,-0.958817,1.017317,117289.822371,2001-01-02 08:34:49.822 +0000
0.223663,-0.223999,-0.961426,1.012196,117289.802778,2001-01-02 08:34:49.803 +0000
0.222824,-0.195847,-0.943329,0.988876,117289.783217,2001-01-02 08:34:49.783 +0000
0.207962,-0.152649,-0.933884,0.968859,117289.763624,2001-01-02 08:34:49.764 +0000
0.202072,-0.150223,-0.980988,1.012787,117289.744032,2001-01-02 08:34:49.744 +0000
0.213593,-0.122940,-1.014252,1.043764,117289.724440,2001-01-02 08:34:49.724 +0000
0.182098,-0.116013,-1.015121,1.037830,117289.704848,2001-01-02 08:34:49.705 +0000
0.165726,-0.078537,-1.013351,1.029813,117289.685318,2001-01-02 08:34:49.685 +0000
0.148315,-0.051941,-1.024246,1.036231,117289.665726,2001-01-02 08:34:49.666 +0000
0.162170,-0.023224,-1.015579,1.028708,117289.646133,2001-01-02 08:34:49.646 +0000
0.177994,-0.000168,-1.004684,1.020330,117289.626541,2001-01-02 08:34:49.627 +0000
0.166962,0.025269,-1.002350,1.016474,117289.606949,2001-01-02 08:34:49.607 +0000
0.162491,0.050369,-1.005783,1.020069,117289.587356,2001-01-02 08:34:49.587 +0000
0.182922,0.075027,-0.987305,1.006906,117289.567764,2001-01-02 08:34:49.568 +0000
0.171539,0.087921,-1.001465,1.019847,117289.548202,2001-01-02 08:34:49.548 +0000
0.175156,0.116272,-1.009293,1.030956,117289.528610,2001-01-02 08:34:49.529 +0000
0.188049,0.161057,-1.010208,1.040107,117289.509018,2001-01-02 08:34:49.509 +0000
0.205505,0.182098,-0.986420,1.023922,117289.489425,2001-01-02 08:34:49.489 +0000
0.201172,0.186096,-0.982437,1.019943,117289.469833,2001-01-02 08:34:49.470 +0000
0.194504,0.195007,-0.948776,0.987945,117289.450241,2001-01-02 08:34:49.450 +0000
0.192581,0.200455,-1.000305,1.038210,117289.430679,2001-01-02 08:34:49.431 +0000
0.202499,0.222610,-0.994476,1.039011,117289.411087,2001-01-02 08:34:49.411 +0000
0.193268,0.241028,-0.952087,1.000958,117289.391495,2001-01-02 08:34:49.391 +0000
0.199844,0.245850,-0.918411,0.971524,117289.371902,2001-01-02 08:34:49.372 +0000
0.197861,0.252151,-0.914780,0.969304,117289.352310,2001-01-02 08:34:49.352 +0000
0.200775,0.272461,-0.916336,0.976841,117289.332748,2001-01-02 08:34:49.333 +0000
0.249649,0.301300,-0.912582,0.992932,117289.313156,2001-01-02 08:34:49.313 +0000
0.288651,0.320374,-0.896790,0.995083,117289.293564,2001-01-02 08:34:49.294 +0000
0.261337,0.335739,-0.886978,0.983742,117289.273971,2001-01-02 08:34:49.274 +0000
0.255463,0.287994,-0.905914,0.984318,117289.254379,2001-01-02 08:34:49.254 +0000
0.243042,0.284119,-0.932251,1.004433,117289.234817,2001-01-02 08:34:49.235 +0000
0.220398,0.276764,-0.942993,1.007179,117289.215225,2001-01-02 08:34:49.215 +0000
0.177719,0.259521,-0.954361,1.004858,117289.195633,2001-01-02 08:34:49.196 +0000
0.173172,0.200653,-0.978638,1.013894,117289.176040,2001-01-02 08:34:49.176 +0000
0.166382,0.153809,-0.978973,1.004853,117289.156448,2001-01-02 08:34:49.156 +0000
0.190994,0.140350,-0.964081,0.992788,117289.136856,2001-01-02 08:34:49.137 +0000
0.184067,0.113419,-0.985504,1.008941,117289.117294,2001-01-02 08:34:49.117 +0000
0.159714,0.068100,-1.000076,1.015036,117289.097702,2001-01-02 08:34:49.098 +0000
0.172653,0.034668,-0.986664,1.002256,117289.078110,2001-01-02 08:34:49.078 +0000
0.187363,-0.025772,-0.991013,1.008898,117289.058517,2001-01-02 08:34:49.059 +0000
0.165237,-0.075546,-0.953201,0.970362,117289.038925,2001-01-02 08:34:49.039 +0000
0.137772,-0.151352,-0.980591,1.001722,117289.019363,2001-01-02 08:34:49.019 +0000
0.140442,-0.203827,-0.992035,1.022449,117288.999771,2001-01-02 08:34:49.000 +0000
0.163559,-0.265167,-1.013474,1.060280,117288.980179,2001-01-02 08:34:48.980 +0000
0.175156,-0.326080,-0.991730,1.058554,117288.960586,2001-01-02 08:34:48.961 +0000
0.196426,-0.343018,-0.966095,1.043831,117288.940994,2001-01-02 08:34:48.941 +0000
0.203598,-0.372360,-0.940521,1.031835,117288.921402,2001-01-02 08:34:48.921 +0000
0.206772,-0.391983,-0.925354,1.026005,117288.901840,2001-01-02 08:34:48.902 +0000
0.200653,-0.402374,-0.875000,0.983764,117288.882248,2001-01-02 08:34:48.882 +0000
0.193878,-0.400314,-0.864685,0.972379,117288.862655,2001-01-02 08:34:48.863 +0000
0.171005,-0.398499,-0.885132,0.985648,117288.843063,2001-01-02 08:34:48.843 +0000
0.169601,-0.413605,-0.894409,0.999901,117288.823501,2001-01-02 08:34:48.824 +0000
0.175797,-0.410690,-0.870956,0.978844,117288.803909,2001-01-02 08:34:48.804 +0000
0.178055,-0.396500,-0.841568,0.947181,117288.784317,2001-01-02 08:34:48.784 +0000
0.183365,-0.380188,-0.871750,0.968563,117288.764725,2001-01-02 08:34:48.765 +0000
0.193604,-0.359833,-0.919250,1.005974,117288.745163,2001-01-02 08:34:48.745 +0000
0.179230,-0.391830,-0.938736,1.032899,117288.725571,2001-01-02 08:34:48.726 +0000
0.178497,-0.368454,-0.925446,1.011963,117288.705978,2001-01-02 08:34:48.706 +0000
0.171051,-0.346237,-0.908325,0.987012,117288.686386,2001-01-02 08:34:48.686 +0000
0.171585,-0.322144,-0.935898,1.004551,117288.666816,2001-01-02 08:34:48.667 +0000
0.181061,-0.295700,-0.969131,1.029290,117288.647254,2001-01-02 08:34:48.647 +0000
0.180893,-0.281967,-0.957489,1.014403,117288.627662,2001-01-02 08:34:48.628 +0000
0.166931,-0.288864,-0.938110,0.995670,117288.608069,2001-01-02 08:34:48.608 +0000
0.171982,-0.282547,-0.965393,1.020487,117288.588477,2001-01-02 08:34:48.588 +0000
0.172958,-0.225784,-0.975723,1.016331,117288.568885,2001-01-02 08:34:48.569 +0000
0.156799,-0.222137,-0.954056,0.992045,117288.549292,2001-01-02 08:34:48.549 +0000
0.182617,-0.175278,-0.944031,0.977377,117288.529731,2001-01-02 08:34:48.530 +0000
0.186752,-0.161224,-0.960587,0.991764,117288.510138,2001-01-02 08:34:48.510 +0000
0.176407,-0.155090,-0.974960,1.002856,117288.490546,2001-01-02 08:34:48.491 +0000
0.164841,-0.143997,-0.990921,1.014806,117288.470954,2001-01-02 08:34:48.471 +0000
0.174820,-0.093262,-0.987259,1.006946,117288.451362,2001-01-02 08:34:48.451 +0000
0.214462,-0.040237,-0.986237,1.010087,117288.431800,2001-01-02 08:34:48.432 +0000
0.249207,-0.004654,-0.970673,1.002163,117288.412207,2001-01-02 08:34:48.412 +0000
0.244308,0.009659,-0.965576,0.996051,117288.392615,2001-01-02 08:34:48.393 +0000
0.239563,0.039993,-0.982803,1.012370,117288.373023,2001-01-02 08:34:48.373 +0000
0.262543,0.094162,-0.965652,1.005127,117288.353431,2001-01-02 08:34:48.353 +0000
0.286743,0.152359,-0.972015,1.024816,117288.333869,2001-01-02 08:34:48.334 +0000
0.298203,0.194153,-0.963562,1.027167,117288.314277,2001-01-02 08:34:48.314 +0000
0.321594,0.199356,-0.987579,1.057582,117288.294684,2001-01-02 08:34:48.295 +0000
0.310303,0.221191,-0.986298,1.057353,117288.275092,2001-01-02 08:34:48.275 +0000
0.299606,0.248383,-0.979279,1.053776,117288.255530,2001-01-02 08:34:48.256 +0000
0.308380,0.270676,-0.954132,1.038620,117288.235938,2001-01-02 08:34:48.236 +0000
0.305801,0.289536,-0.914597,1.006892,117288.216346,2001-01-02 08:34:48.216 +0000
0.296906,0.306427,-0.890030,0.987018,117288.196753,2001-01-02 08:34:48.197 +0000
0.295547,0.309586,-0.893188,0.990443,117288.177161,2001-01-02 08:34:48.177 +0000
0.304245,0.322159,-0.894150,0.997925,117288.157599,2001-01-02 08:34:48.158 +0000
0.323532,0.339249,-0.913589,1.026844,117288.138007,2001-01-02 08:34:48.138 +0000
0.326721,0.334930,-0.884705,1.000813,117288.118415,2001-01-02 08:34:48.118 +0000
0.324493,0.314606,-0.862183,0.973464,117288.098822,2001-01-02 08:34:48.099 +0000
0.316864,0.300644,-0.885834,0.987669,117288.079230,2001-01-02 08:34:48.079 +0000
0.307510,0.306061,-0.903763,1.002508,117288.059638,2001-01-02 08:34:48.060 +0000
0.334229,0.321533,-0.914200,1.025112,117288.040076,2001-01-02 08:34:48.040 +0000
0.343613,0.325745,-0.912491,1.028017,117288.020484,2001-01-02 08:34:48.020 +0000
0.313583,0.316788,-0.946487,1.046197,117288.000892,2001-01-02 08:34:48.001 +0000
0.302490,0.298889,-0.984756,1.072651,117287.981299,2001-01-02 08:34:47.981 +0000
0.314499,0.288696,-0.966232,1.056343,117287.961707,2001-01-02 08:34:47.962 +0000
0.296860,0.276245,-0.932526,1.016878,117287.942115,2001-01-02 08:34:47.942 +0000
0.284180,0.256302,-0.912628,0.989616,117287.922522,2001-01-02 08:34:47.923 +0000
0.285904,0.251526,-0.924149,0.999528,117287.902930,2001-01-02 08:34:47.903 +0000
0.295792,0.231567,-0.944717,1.016665,117287.883338,2001-01-02 08:34:47.883 +0000
0.300659,0.202087,-0.912338,0.981629,117287.863746,2001-01-02 08:34:47.864 +0000
0.293442,0.196289,-0.913651,0.979487,117287.844153,2001-01-02 08:34:47.844 +0000
0.300308,0.192154,-0.959442,1.023542,117287.824561,2001-01-02 08:34:47.825 +0000
0.289963,0.189041,-0.996460,1.054868,117287.804999,2001-01-02 08:34:47.805 +0000
0.292221,0.191940,-1.003616,1.062770,117287.785407,2001-01-02 08:34:47.785 +0000
0.301010,0.143295,-0.990189,1.044803,117287.765815,2001-01-02 08:34:47.766 +0000
0.280457,0.092300,-0.969681,1.013635,117287.746222,2001-01-02 08:34:47.746 +0000
0.250656,0.062119,-0.976852,1.010410,117287.726630,2001-01-02 08:34:47.727 +0000
0.221008,0.027725,-0.972916,0.998087,117287.707038,2001-01-02 08:34:47.707 +0000
0.237061,-0.017166,-0.965927,0.994740,117287.687446,2001-01-02 08:34:47.687 +0000
0.269333,-0.057587,-0.943756,0.983124,117287.667878,2001-01-02 08:34:47.668 +0000
0.259308,-0.071671,-0.960876,0.997828,117287.648286,2001-01-02 08:34:47.648 +0000
0.215027,-0.123199,-0.958801,0.990310,117287.628694,2001-01-02 08:34:47.629 +0000
0.192764,-0.174454,-0.948502,0.983487,117287.609132,2001-01-02 08:34:47.609 +0000
0.200485,-0.225250,-0.955078,1.001552,117287.589540,2001-01-02 08:34:47.590 +0000
0.217468,-0.259293,-0.962906,1.020643,117287.569947,2001-01-02 08:34:47.570 +0000
0.209946,-0.272232,-0.967224,1.026504,117287.550355,2001-01-02 08:34:47.550 +0000
0.189331,-0.294556,-0.963577,1.025227,117287.530763,2001-01-02 08:34:47.531 +0000
0.187286,-0.323212,-0.938507,1.010118,117287.511170,2001-01-02 08:34:47.511 +0000
0.207428,-0.338028,-0.932297,1.013147,117287.491578,2001-01-02 08:34:47.492 +0000
0.213104,-0.347275,-0.917542,1.003940,117287.471986,2001-01-02 08:34:47.472 +0000
0.183273,-0.367386,-0.915100,1.002980,117287.452424,2001-01-02 08:34:47.452 +0000
0.175827,-0.376831,-0.914749,1.004830,117287.432832,2001-01-02 08:34:47.433 +0000
0.195694,-0.394165,-0.908981,1.009906,117287.413240,2001-01-02 08:34:47.413 +0000
0.201218,-0.407425,-0.890259,0.999522,117287.393647,2001-01-02 08:34:47.394 +0000
0.202652,-0.423309,-0.895950,1.011427,117287.374055,2001-01-02 08:34:47.374 +0000
0.195755,-0.424423,-0.902618,1.016452,117287.354463,2001-01-02 08:34:47.354 +0000
0.164886,-0.425949,-0.885742,0.996574,117287.334870,2001-01-02 08:34:47.335 +0000
0.167038,-0.427505,-0.848877,0.965015,117287.315278,2001-01-02 08:34:47.315 +0000
0.177521,-0.423080,-0.841293,0.958272,117287.295686,2001-01-02 08:34:47.296 +0000
0.188980,-0.418808,-0.895325,1.006340,117287.276124,2001-01-02 08:34:47.276 +0000
0.180145,-0.416779,-0.933594,1.038149,117287.256532,2001-01-02 08:34:47.257 +0000
0.123444,-0.400604,-0.894501,0.987853,117287.236940,2001-01-02 08:34:47.237 +0000
0.126389,-0.373505,-0.881561,0.965728,117287.217347,2001-01-02 08:34:47.217 +0000
0.142334,-0.363541,-0.909988,0.990202,117287.197755,2001-01-02 08:34:47.198 +0000
0.156281,-0.347519,-0.913177,0.989488,117287.178163,2001-01-02 08:34:47.178 +0000
0.140701,-0.344559,-0.921387,0.993716,117287.158570,2001-01-02 08:34:47.159 +0000
0.123032,-0.329483,-0.944321,1.007689,117287.138978,2001-01-02 08:34:47.139 +0000
0.117767,-0.322037,-0.951035,1.010962,117287.119416,2001-01-02 08:34:47.119 +0000
0.115570,-0.287674,-0.967316,1.015782,117287.099824,2001-01-02 08:34:47.100 +0000
0.095261,-0.240463,-0.961243,0.995432,117287.080232,2001-01-02 08:34:47.080 +0000
0.086029,-0.222931,-0.957489,0.986856,117287.060639,2001-01-02 08:34:47.061 +0000
0.108078,-0.215775,-0.979706,1.008991,117287.041047,2001-01-02 08:34:47.041 +0000
0.114655,-0.207687,-0.987793,1.015881,117287.021455,2001-01-02 08:34:47.021 +0000
0.091782,-0.192764,-0.992798,1.015495,117287.001863,2001-01-02 08:34:47.002 +0000
0.094284,-0.169266,-0.987991,1.006810,117286.982270,2001-01-02 08:34:46.982 +0000
0.098038,-0.126328,-0.974976,0.988002,117286.962678,2001-01-02 08:34:46.963 +0000
0.088226,-0.118332,-0.978989,0.990053,117286.943086,2001-01-02 08:34:46.943 +0000
0.086639,-0.091721,-1.020874,1.028641,117286.923493,2001-01-02 08:34:46.923 +0000
0.091858,-0.068130,-1.026138,1.032492,117286.903932,2001-01-02 08:34:46.904 +0000
0.106598,-0.029510,-1.014267,1.020280,117286.884339,2001-01-02 08:34:46.884 +0000
0.122818,0.025070,-1.029816,1.037417,117286.864747,2001-01-02 08:34:46.865 +0000
0.146698,0.073807,-1.024124,1.037207,117286.845155,2001-01-02 08:34:46.845 +0000
0.170334,0.113724,-0.995895,1.016737,117286.825563,2001-01-02 08:34:46.826 +0000
0.158859,0.143936,-1.004150,1.026777,117286.805970,2001-01-02 08:34:46.806 +0000
0.136047,0.185135,-1.023727,1.049191,117286.786378,2001-01-02 08:34:46.786 +0000
0.123276,0.203491,-0.985458,1.013772,117286.766786,2001-01-02 08:34:46.767 +0000
0.136795,0.248993,-0.963776,1.004776,117286.747193,2001-01-02 08:34:46.747 +0000
0.144043,0.276459,-0.986313,1.034404,117286.727601,2001-01-02 08:34:46.728 +0000
0.135742,0.304886,-0.947998,1.005028,117286.708009,2001-01-02 08:34:46.708 +0000
0.128082,0.332535,-0.887802,0.956649,117286.688417,2001-01-02 08:34:46.688 +0000
0.131561,0.355362,-0.908188,0.984071,117286.668864,2001-01-02 08:34:46.669 +0000
0.147949,0.390976,-0.913086,1.004230,117286.649303,2001-01-02 08:34:46.649 +0000
0.149857,0.423248,-0.926193,1.029286,117286.629710,2001-01-02 08:34:46.630 +0000
0.134369,0.439453,-0.914780,1.023717,117286.610118,2001-01-02 08:34:46.610 +0000
0.128830,0.445129,-0.895050,1.007895,117286.590526,2001-01-02 08:34:46.591 +0000
0.134369,0.445374,-0.870010,0.986575,117286.570933,2001-01-02 08:34:46.571 +0000
0.132019,0.441101,-0.871857,0.985968,117286.551341,2001-01-02 08:34:46.551 +0000
0.124619,0.439758,-0.884338,0.995476,117286.531749,2001-01-02 08:34:46.532 +0000
0.131821,0.452347,-0.885315,1.002884,117286.512157,2001-01-02 08:34:46.512 +0000
0.147415,0.462967,-0.885010,1.009610,117286.492564,2001-01-02 08:34:46.493 +0000
0.136108,0.455917,-0.863663,0.986052,117286.473002,2001-01-02 08:34:46.473 +0000
0.136688,0.442123,-0.865692,0.981621,117286.453410,2001-01-02 08:34:46.453 +0000
0.119659,0.448669,-0.899445,1.012237,117286.433818,2001-01-02 08:34:46.434 +0000
0.131912,0.438217,-0.930786,1.037207,117286.414226,2001-01-02 08:34:46.414 +0000
0.144028,0.425827,-0.915955,1.020316,117286.394633,2001-01-02 08:34:46.395 +0000
0.126266,0.442551,-0.890594,1.002473,117286.375041,2001-01-02 08:34:46.375 +0000
0.118210,0.432709,-0.927536,1.030307,117286.355449,2001-01-02 08:34:46.355 +0000
0.121323,0.414719,-0.943710,1.037931,117286.335856,2001-01-02 08:34:46.336 +0000
0.124405,0.389511,-0.917221,1.004236,117286.316264,2001-01-02 08:34:46.316 +0000
0.121521,0.377960,-0.898499,0.982304,117286.296672,2001-01-02 08:34:46.297 +0000
0.124710,0.383423,-0.921722,1.006051,117286.277080,2001-01-02 08:34:46.277 +0000
0.125381,0.404816,-0.909851,1.003706,117286.257518,2001-01-02 08:34:46.258 +0000
0.113937,0.388046,-0.916763,1.002006,117286.237926,2001-01-02 08:34:46.238 +0000
0.109650,0.362381,-0.902298,0.978511,117286.218333,2001-01-02 08:34:46.218 +0000
0.109390,0.347488,-0.933228,1.001812,117286.198741,2001-01-02 08:34:46.199 +0000
0.103058,0.344452,-0.971970,1.036336,117286.179149,2001-01-02 08:34:46.179 +0000
0.093933,0.319351,-0.950607,1.007205,117286.159556,2001-01-02 08:34:46.160 +0000
0.087677,0.283798,-0.933563,0.979678,117286.139964,2001-01-02 08:34:46.140 +0000
0.114944,0.258636,-0.963745,1.004445,117286.120372,2001-01-02 08:34:46.120 +0000
0.114456,0.266022,-0.963181,1.005776,117286.100780,2001-01-02 08:34:46.101 +0000
0.099030,0.239822,-0.962387,0.996750,117286.081187,2001-01-02 08:34:46.081 +0000
0.094955,0.238571,-0.959824,0.993576,117286.061595,2001-01-02 08:34:46.062 +0000
0.099548,0.202316,-0.967926,0.993842,117286.042003,2001-01-02 08:34:46.042 +0000
0.109894,0.188477,-0.966782,0.991094,117286.022410,2001-01-02 08:34:46.022 +0000
0.105225,0.158463,-0.983902,1.002121,117286.002818,2001-01-02 08:34:46.003 +0000
0.080414,0.136017,-1.017242,1.029441,117285.983226,2001-01-02 08:34:45.983 +0000
0.069763,0.105606,-1.027176,1.034944,117285.963634,2001-01-02 08:34:45.964 +0000
0.081375,0.067612,-0.976151,0.981867,117285.944041,2001-01-02 08:34:45.944 +0000
0.096710,0.025055,-0.930054,0.935404,117285.924449,2001-01-02 08:34:45.924 +0000
0.108810,-0.022736,-0.991760,0.997970,117285.904857,2001-01-02 08:34:45.905 +0000
0.073029,-0.023148,-1.035553,1.038383,117285.885295,2001-01-02 08:34:45.885 +0000
0.074738,-0.042252,-1.009583,1.013226,117285.865703,2001-01-02 08:34:45.866 +0000
0.110123,-0.071259,-0.970123,0.978950,117285.846110,2001-01-02 08:34:45.846 +0000
0.159439,-0.137375,-0.935654,0.959031,117285.826518,2001-01-02 08:34:45.827 +0000
0.132339,-0.174179,-0.973602,0.997874,117285.806926,2001-01-02 08:34:45.807 +0000
0.052414,-0.195740,-1.010178,1.030301,117285.787334,2001-01-02 08:34:45.787 +0000
0.041382,-0.198166,-1.025635,1.045423,117285.767741,2001-01-02 08:34:45.768 +0000
0.042877,-0.239334,-1.009781,1.038642,117285.748149,2001-01-02 08:34:45.748 +0000
0.086365,-0.253845,-0.998627,1.033998,117285.728557,2001-01-02 08:34:45.729 +0000
0.116013,-0.282639,-0.954208,1.001927,117285.708964,2001-01-02 08:34:45.709 +0000
0.123077,-0.301651,-0.974548,1.027563,117285.689372,2001-01-02 08:34:45.689 +0000
0.091919,-0.358780,-0.979355,1.047047,117285.669812,2001-01-02 08:34:45.670 +0000
0.087280,-0.364914,-0.966553,1.036824,117285.650220,2001-01-02 08:34:45.650 +0000
0.082153,-0.379166,-0.937759,1.014844,117285.630627,2001-01-02 08:34:45.631 +0000
0.092361,-0.368118,-0.921005,0.996139,117285.611035,2001-01-02 08:34:45.611 +0000
0.096100,-0.369476,-0.953629,1.027208,117285.591443,2001-01-02 08:34:45.591 +0000
0.090210,-0.369873,-0.921631,0.997170,117285.571850,2001-01-02 08:34:45.572 +0000
0.076065,-0.377106,-0.910965,0.988864,117285.552289,2001-01-02 08:34:45.552 +0000
0.069260,-0.391968,-0.910507,0.993710,117285.532696,2001-01-02 08:34:45.533 +0000
0.085724,-0.392731,-0.910660,0.995433,117285.513104,2001-01-02 08:34:45.513 +0000
0.099808,-0.382462,-0.906540,0.988966,117285.493512,2001-01-02 08:34:45.494 +0000
0.108414,-0.377380,-0.912720,0.993593,117285.473919,2001-01-02 08:34:45.474 +0000
0.107941,-0.384521,-0.921066,1.003928,117285.454327,2001-01-02 08:34:45.454 +0000
0.104614,-0.377350,-0.934357,1.013094,117285.434735,2001-01-02 08:34:45.435 +0000
0.096573,-0.364548,-0.950851,1.022908,117285.415143,2001-01-02 08:34:45.415 +0000
0.092010,-0.343933,-0.952988,1.017321,117285.395550,2001-01-02 08:34:45.396 +0000
0.088974,-0.339752,-0.946365,1.009433,117285.375958,2001-01-02 08:34:45.376 +0000
0.088135,-0.336319,-0.957367,1.018543,117285.356366,2001-01-02 08:34:45.356 +0000
0.094513,-0.330658,-0.963821,1.023337,117285.336773,2001-01-02 08:34:45.337 +0000
0.091843,-0.300201,-0.956635,1.006829,117285.317181,2001-01-02 08:34:45.317 +0000
0.093185,-0.275940,-0.960037,1.003244,117285.297589,2001-01-02 08:34:45.298 +0000
0.091431,-0.259323,-0.954254,0.993081,117285.277997,2001-01-02 08:34:45.278 +0000
0.096268,-0.255112,-0.959473,0.997465,117285.258435,2001-01-02 08:34:45.258 +0000
0.079407,-0.225662,-0.982361,1.011070,117285.238843,2001-01-02 08:34:45.239 +0000
0.079971,-0.216263,-0.991287,1.017750,117285.219250,2001-01-02 08:34:45.219 +0000
0.085907,-0.207901,-0.996017,1.021104,117285.199658,2001-01-02 08:34:45.200 +0000
0.108093,-0.171066,-0.973267,0.994080,117285.180066,2001-01-02 08:34:45.180 +0000
0.106125,-0.150253,-0.959991,0.977457,117285.160473,2001-01-02 08:34:45.160 +0000
0.105011,-0.130859,-0.960342,0.974889,117285.140881,2001-01-02 08:34:45.141 +0000
0.103928,-0.100616,-1.018494,1.028715,117285.121289,2001-01-02 08:34:45.121 +0000
0.092484,-0.085175,-1.051544,1.059034,117285.101697,2001-01-02 08:34:45.102 +0000
0.092636,-0.062241,-1.013000,1.019130,117285.082104,2001-01-02 08:34:45.082 +0000
0.108047,-0.014526,-1.015045,1.020883,117285.062512,2001-01-02 08:34:45.063 +0000
0.160141,0.048172,-0.980164,0.994327,117285.042950,2001-01-02 08:34:45.043 +0000
0.184937,0.105728,-0.948608,0.972233,117285.023358,2001-01-02 08:34:45.023 +0000
0.178116,0.140076,-0.976440,1.002388,117285.003766,2001-01-02 08:34:45.004 +0000
0.168945,0.129562,-1.022919,1.044840,117284.984173,2001-01-02 08:34:44.984 +0000
0.161331,0.148956,-1.020081,1.043446,117284.964581,2001-01-02 08:34:44.965 +0000
0.185593,0.187286,-1.001297,1.035431,117284.944989,2001-01-02 08:34:44.945 +0000
0.211075,0.223999,-0.993088,1.039688,117284.925397,2001-01-02 08:34:44.925 +0000
0.211990,0.262207,-0.954010,1.011844,117284.905804,2001-01-02 08:34:44.906 +0000
0.218597,0.292328,-0.922256,0.991866,117284.886212,2001-01-02 08:34:44.886 +0000
0.212051,0.326553,-0.917984,0.997145,117284.866620,2001-01-02 08:34:44.867 +0000
0.194199,0.340286,-0.925232,1.004770,117284.847027,2001-01-02 08:34:44.847 +0000
0.180893,0.351227,-0.925644,1.006429,117284.827435,2001-01-02 08:34:44.827 +0000
0.179672,0.362366,-0.922180,1.006979,117284.807843,2001-01-02 08:34:44.808 +0000
0.177414,0.368759,-0.902466,0.990910,117284.788281,2001-01-02 08:34:44.788 +0000
0.182388,0.372635,-0.899033,0.990142,117284.768689,2001-01-02 08:34:44.769 +0000
0.176392,0.381531,-0.902664,0.995732,117284.749096,2001-01-02 08:34:44.749 +0000
0.167114,0.385468,-0.913147,1.005162,117284.729504,2001-01-02 08:34:44.730 +0000
0.172226,0.387573,-0.912079,1.005864,117284.709912,2001-01-02 08:34:44.710 +0000
0.180344,0.390350,-0.891922,0.990163,117284.690320,2001-01-02 08:34:44.690 +0000
0.175354,0.388733,-0.901169,0.996979,117284.670754,2001-01-02 08:34:44.671 +0000
0.180161,0.394180,-0.910217,1.008133,117284.651162,2001-01-02 08:34:44.651 +0000
0.180206,0.401886,-0.899231,1.001301,117284.631570,2001-01-02 08:34:44.632 +0000
0.174362,0.399155,-0.912689,1.011300,117284.611977,2001-01-02 08:34:44.612 +0000
0.177887,0.402130,-0.912079,1.012541,117284.592385,2001-01-02 08:34:44.592 +0000
0.180283,0.399536,-0.897583,0.998892,117284.572793,2001-01-02 08:34:44.573 +0000
0.173401,0.395798,-0.918304,1.014892,117284.553201,2001-01-02 08:34:44.553 +0000
0.167862,0.401962,-0.929825,1.026804,117284.533608,2001-01-02 08:34:44.534 +0000
0.178558,0.403107,-0.913208,1.014065,117284.514047,2001-01-02 08:34:44.514 +0000
0.181473,0.406525,-0.898468,1.002716,117284.494454,2001-01-02 08:34:44.494 +0000
0.180084,0.407944,-0.907196,1.010867,117284.474862,2001-01-02 08:34:44.475 +0000
0.164368,0.401917,-0.931854,1.028059,117284.455270,2001-01-02 08:34:44.455 +0000
0.159012,0.388565,-0.911697,1.003723,117284.435677,2001-01-02 08:34:44.436 +0000
0.178787,0.385300,-0.891876,0.987858,117284.416085,2001-01-02 08:34:44.416 +0000
0.191360,0.392014,-0.890137,0.991280,117284.396493,2001-01-02 08:34:44.396 +0000
0.190262,0.392654,-0.910782,1.009901,117284.376931,2001-01-02 08:34:44.377 +0000
0.173599,0.380661,-0.910400,1.001932,117284.357339,2001-01-02 08:34:44.357 +0000
0.173981,0.376160,-0.886002,0.978143,117284.337747,2001-01-02 08:34:44.338 +0000
0.181091,0.380524,-0.914978,1.007361,117284.318154,2001-01-02 08:34:44.318 +0000
0.165939,0.370544,-0.942261,1.026009,117284.298562,2001-01-02 08:34:44.299 +0000
0.154541,0.354370,-0.921326,0.999151,117284.278970,2001-01-02 08:34:44.279 +0000
0.171066,0.338303,-0.901703,0.978152,117284.259377,2001-01-02 08:34:44.259 +0000
0.182602,0.335068,-0.911667,0.988307,117284.239785,2001-01-02 08:34:44.240 +0000
0.182220,0.328461,-0.967834,1.038169,117284.220193,2001-01-02 08:34:44.220 +0000
0.171188,0.324921,-0.949509,1.018060,117284.200601,2001-01-02 08:34:44.201 +0000
0.178894,0.320129,-0.915543,0.986258,117284.181008,2001-01-02 08:34:44.181 +0000
0.180710,0.311920,-0.926697,0.994343,117284.161416,2001-01-02 08:34:44.161 +0000
0.168304,0.285400,-0.954025,1.009923,117284.141824,2001-01-02 08:34:44.142 +0000
0.168579,0.271500,-0.948669,1.001052,117284.122231,2001-01-02 08:34:44.122 +0000
0.178741,0.258347,-0.955078,1.005418,117284.102639,2001-01-02 08:34:44.103 +0000
0.176270,0.257584,-0.928772,0.979815,117284.083047,2001-01-02 08:34:44.083 +0000
0.168732,0.231812,-0.964188,1.005915,117284.063455,2001-01-02 08:34:44.063 +0000
0.165680,0.215134,-0.970261,1.007541,117284.043862,2001-01-02 08:34:44.044 +0000
0.160324,0.192413,-0.996094,1.027098,117284.024270,2001-01-02 08:34:44.024 +0000
0.153442,0.182251,-0.991028,1.019263,117284.004678,2001-01-02 08:34:44.005 +0000
0.170807,0.167267,-1.004303,1.032365,117283.985085,2001-01-02 08:34:43.985 +0000
0.172440,0.157913,-0.977417,1.004996,117283.965524,2001-01-02 08:34:43.966 +0000
0.164032,0.139206,-0.963516,0.987243,117283.945931,2001-01-02 08:34:43.946 +0000
0.161255,0.110535,-0.968597,0.988131,117283.926339,2001-01-02 08:34:43.926 +0000
0.171539,0.081558,-0.998703,1.016605,117283.906747,2001-01-02 08:34:43.907 +0000
0.191162,0.060928,-1.000259,1.020183,117283.887154,2001-01-02 08:34:43.887 +0000
0.172409,0.040909,-0.986740,1.002524,117283.867562,2001-01-02 08:34:43.868 +0000
0.141235,0.011536,-0.977112,0.987334,117283.847970,2001-01-02 08:34:43.848 +0000
0.165527,0.008759,-0.956818,0.971070,117283.828378,2001-01-02 08:34:43.828 +0000
0.222427,-0.038818,-0.923294,0.950501,117283.808785,2001-01-02 08:34:43.809 +0000
0.176880,-0.085098,-0.983322,1.002722,117283.789193,2001-01-02 08:34:43.789 +0000
0.166443,-0.121185,-0.990250,1.011426,117283.769601,2001-01-02 08:34:43.770 +0000
0.117065,-0.140503,-0.995148,1.011812,117283.750039,2001-01-02 08:34:43.750 +0000
0.118500,-0.178391,-0.994888,1.017678,117283.730447,2001-01-02 08:34:43.730 +0000
0.133087,-0.191071,-0.984039,1.011214,117283.710854,2001-01-02 08:34:43.711 +0000
0.151947,-0.223160,-0.986298,1.022581,117283.691262,2001-01-02 08:34:43.691 +0000
0.144882,-0.279327,-0.983887,1.032980,117283.671685,2001-01-02 08:34:43.672 +0000
0.135361,-0.308060,-0.976044,1.032417,117283.652093,2001-01-02 08:34:43.652 +0000
0.121994,-0.320999,-0.957169,1.016904,117283.632500,2001-01-02 08:34:43.633 +0000
0.118942,-0.343018,-0.955322,1.021983,117283.612908,2001-01-02 08:34:43.613 +0000
0.124832,-0.353348,-0.968079,1.038082,117283.593316,2001-01-02 08:34:43.593 +0000
0.125870,-0.377396,-0.957703,1.037046,117283.573723,2001-01-02 08:34:43.574 +0000
0.123276,-0.419540,-0.946899,1.042991,117283.554131,2001-01-02 08:34:43.554 +0000
0.128586,-0.424622,-0.926666,1.027399,117283.534539,2001-01-02 08:34:43.535 +0000
0.134293,-0.413635,-0.903687,1.002885,117283.514947,2001-01-02 08:34:43.515 +0000
0.149872,-0.418976,-0.881287,0.987253,117283.495354,2001-01-02 08:34:43.495 +0000
0.146347,-0.424805,-0.882629,0.990410,117283.475762,2001-01-02 08:34:43.476 +0000
0.116898,-0.430862,-0.888947,0.994753,117283.456170,2001-01-02 08:34:43.456 +0000
0.121780,-0.429703,-0.892548,0.998056,117283.436608,2001-01-02 08:34:43.437 +0000
0.125717,-0.456329,-0.898590,1.015631,117283.417016,2001-01-02 08:34:43.417 +0000
0.124466,-0.452347,-0.898529,1.013639,117283.397423,2001-01-02 08:34:43.397 +0000
0.109543,-0.449615,-0.924500,1.033854,117283.377831,2001-01-02 08:34:43.378 +0000
0.104675,-0.423904,-0.921967,1.020134,117283.358239,2001-01-02 08:34:43.358 +0000
0.120575,-0.405899,-0.926193,1.018394,117283.338647,2001-01-02 08:34:43.339 +0000
0.126678,-0.396393,-0.946213,1.033679,117283.319054,2001-01-02 08:34:43.319 +0000
0.110428,-0.406525,-0.956696,1.045334,117283.299462,2001-01-02 08:34:43.299 +0000
0.081100,-0.376068,-0.902786,0.981340,117283.279870,2001-01-02 08:34:43.280 +0000
0.065430,-0.355042,-0.894852,0.964933,117283.260277,2001-01-02 08:34:43.260 +0000
0.085785,-0.324860,-0.924927,0.984064,117283.240685,2001-01-02 08:34:43.241 +0000
0.073013,-0.318329,-0.923660,0.979700,117283.221093,2001-01-02 08:34:43.221 +0000
0.074005,-0.319016,-0.943405,0.998630,117283.201501,2001-01-02 08:34:43.202 +0000
0.065247,-0.315094,-0.937637,0.991315,117283.181908,2001-01-02 08:34:43.182 +0000
0.082596,-0.304153,-0.934341,0.986066,117283.162316,2001-01-02 08:34:43.162 +0000
0.102310,-0.270432,-0.964844,1.007236,117283.142724,2001-01-02 08:34:43.143 +0000
0.088547,-0.266907,-0.974609,1.014368,117283.123131,2001-01-02 08:34:43.123 +0000
0.077423,-0.256714,-0.968719,1.005144,117283.103539,2001-01-02 08:34:43.104 +0000
0.086929,-0.243408,-0.952469,0.986915,117283.083947,2001-01-02 08:34:43.084 +0000
0.100723,-0.215729,-0.947891,0.977334,117283.064355,2001-01-02 08:34:43.064 +0000
0.102753,-0.188599,-0.971481,0.994939,117283.044762,2001-01-02 08:34:43.045 +0000
0.107071,-0.159058,-0.985306,1.003788,117283.025170,2001-01-02 08:34:43.025 +0000
0.097244,-0.153259,-0.974274,0.991037,117283.005578,2001-01-02 08:34:43.006 +0000
0.105362,-0.147659,-0.995300,1.011695,117282.985985,2001-01-02 08:34:42.986 +0000
0.124313,-0.135788,-1.021744,1.038197,117282.966393,2001-01-02 08:34:42.966 +0000
0.135178,-0.103775,-1.036316,1.050235,117282.946801,2001-01-02 08:34:42.947 +0000
0.135483,-0.066910,-1.015732,1.026910,117282.927209,2001-01-02 08:34:42.927 +0000
0.139420,-0.059052,-0.995926,1.007369,117282.907616,2001-01-02 08:34:42.908 +0000
0.147522,-0.056946,-1.003433,1.015817,117282.888024,2001-01-02 08:34:42.888 +0000
0.166321,-0.043839,-1.035278,1.049469,117282.868432,2001-01-02 08:34:42.868 +0000
0.181320,-0.010895,-1.039230,1.054986,117282.848839,2001-01-02 08:34:42.849 +0000
0.171265,0.013306,-1.030594,1.044812,117282.829247,2001-01-02 08:34:42.829 +0000
0.173096,0.032669,-1.025177,1.040201,117282.809655,2001-01-02 08:34:42.810 +0000
0.170288,0.049393,-1.005600,1.021112,117282.790063,2001-01-02 08:34:42.790 +0000
0.176956,0.056473,-1.002274,1.019340,117282.770470,2001-01-02 08:34:42.770 +0000
0.186920,0.073853,-0.974701,0.995206,117282.750878,2001-01-02 08:34:42.751 +0000
0.188904,0.086761,-0.959915,0.982166,117282.731286,2001-01-02 08:34:42.731 +0000
0.166901,0.106857,-0.968246,0.988320,117282.711693,2001-01-02 08:34:42.712 +0000
0.168228,0.128021,-0.997101,1.019265,117282.692101,2001-01-02 08:34:42.692 +0000
0.187851,0.152237,-0.985504,1.014733,117282.672542,2001-01-02 08:34:42.673 +0000
0.190140,0.158295,-0.992569,1.022939,117282.652950,2001-01-02 08:34:42.653 +0000
0.176315,0.169098,-0.980087,1.010075,117282.633357,2001-01-02 08:34:42.633 +0000
0.186661,0.190811,-0.975540,1.011400,117282.613765,2001-01-02 08:34:42.614 +0000
0.210052,0.193909,-0.981628,1.022407,117282.594173,2001-01-02 08:34:42.594 +0000
0.196747,0.198288,-0.947357,0.987681,117282.574580,2001-01-02 08:34:42.575 +0000
0.195984,0.221252,-0.933884,0.979541,117282.554988,2001-01-02 08:34:42.555 +0000
0.192307,0.243118,-0.970993,1.019272,117282.535396,2001-01-02 08:34:42.535 +0000
0.195038,0.258682,-1.018677,1.068952,117282.515804,2001-01-02 08:34:42.516 +0000
0.186417,0.280029,-0.968369,1.025137,117282.496211,2001-01-02 08:34:42.496 +0000
0.190964,0.295395,-0.928360,0.992763,117282.476619,2001-01-02 08:34:42.477 +0000
0.192932,0.304443,-0.911697,0.980357,117282.457027,2001-01-02 08:34:42.457 +0000
0.188828,0.309250,-0.927872,0.996111,117282.437434,2001-01-02 08:34:42.437 +0000
0.186935,0.317261,-0.946259,1.015384,117282.417842,2001-01-02 08:34:42.418 +0000
0.181824,0.312546,-0.930389,0.998183,117282.398250,2001-01-02 08:34:42.398 +0000
0.187637,0.310104,-0.931198,0.999251,117282.378658,2001-01-02 08:34:42.379 +0000
0.188934,0.329147,-0.903229,0.979723,117282.359065,2001-01-02 08:34:42.359 +0000
0.189377,0.335495,-0.927811,1.004616,117282.339473,2001-01-02 08:34:42.339 +0000
0.198624,0.351944,-0.936951,1.020388,117282.319881,2001-01-02 08:34:42.320 +0000
0.178696,0.325134,-0.912186,0.984747,117282.300319,2001-01-02 08:34:42.300 +0000
0.196625,0.313370,-0.918045,0.989782,117282.280727,2001-01-02 08:34:42.281 +0000
0.191208,0.292496,-0.960571,1.022160,117282.261134,2001-01-02 08:34:42.261 +0000
0.179031,0.284302,-0.943008,1.001072,117282.241542,2001-01-02 08:34:42.242 +0000
0.184952,0.279510,-0.941559,0.999433,117282.221950,2001-01-02 08:34:42.222 +0000
0.196350,0.275375,-0.961639,1.019380,117282.202358,2001-01-02 08:34:42.202 +0000
0.178589,0.229904,-0.973618,1.016209,117282.182765,2001-01-02 08:34:42.183 +0000
0.166870,0.270737,-0.940598,0.992909,117282.163173,2001-01-02 08:34:42.163 +0000
0.203720,0.246445,-0.953827,1.005993,117282.143581,2001-01-02 08:34:42.144 +0000
0.198700,0.259583,-0.962097,1.016118,117282.123988,2001-01-02 08:34:42.124 +0000
0.187271,0.221786,-0.986160,1.027994,117282.104396,2001-01-02 08:34:42.104 +0000
0.191681,0.212341,-0.967545,1.008946,117282.084834,2001-01-02 08:34:42.085 +0000
0.190704,0.199783,-0.966690,1.005371,117282.065242,2001-01-02 08:34:42.065 +0000
0.216553,0.202652,-0.953491,0.998553,117282.045650,2001-01-02 08:34:42.046 +0000
0.216736,0.194443,-0.966263,1.009181,117282.026057,2001-01-02 08:34:42.026 +0000
0.195587,0.204712,-1.000443,1.039734,117282.006465,2001-01-02 08:34:42.006 +0000
0.169510,0.161301,-1.022720,1.049147,117281.986873,2001-01-02 08:34:41.987 +0000
0.178970,0.124878,-0.966431,0.990764,117281.967281,2001-01-02 08:34:41.967 +0000
0.183701,0.139709,-0.933609,0.961712,117281.947688,2001-01-02 08:34:41.948 +0000
0.202957,0.123672,-0.935394,0.965116,117281.928096,2001-01-02 08:34:41.928 +0000
0.234390,0.123199,-0.954086,0.990150,117281.908504,2001-01-02 08:34:41.909 +0000
0.249603,0.105362,-0.997391,1.033533,117281.888911,2001-01-02 08:34:41.889 +0000
0.186340,0.030289,-0.992477,1.010273,117281.869319,2001-01-02 08:34:41.869 +0000
0.207077,0.038910,-1.011612,1.033322,117281.849727,2001-01-02 08:34:41.850 +0000
0.220886,0.031311,-1.017471,1.041642,117281.830135,2001-01-02 08:34:41.830 +0000
0.216003,0.027893,-0.995041,1.018598,117281.810542,2001-01-02 08:34:41.811 +0000
0.201508,0.018646,-0.993774,1.014170,117281.790950,2001-01-02 08:34:41.791 +0000
0.198883,-0.005646,-0.989792,1.009591,117281.771358,2001-01-02 08:34:41.771 +0000
0.209686,-0.042816,-1.002625,1.025211,117281.751765,2001-01-02 08:34:41.752 +0000
0.206558,-0.076050,-0.983719,1.008044,117281.732173,2001-01-02 08:34:41.732 +0000
0.176926,-0.101166,-0.957352,0.978805,117281.712581,2001-01-02 08:34:41.713 +0000
0.166641,-0.127686,-0.962448,0.985078,117281.692989,2001-01-02 08:34:41.693 +0000
0.189407,-0.139694,-0.973648,1.001689,117281.673425,2001-01-02 08:34:41.673 +0000
0.185699,-0.172150,-0.978973,1.011192,117281.653833,2001-01-02 08:34:41.654 +0000
0.167007,-0.191696,-0.972534,1.005217,117281.634241,2001-01-02 08:34:41.634 +0000
0.143768,-0.203659,-0.975998,1.007332,117281.614648,2001-01-02 08:34:41.615 +0000
0.148026,-0.219681,-0.964127,0.999856,117281.595056,2001-01-02 08:34:41.595 +0000
0.159454,-0.246445,-0.972992,1.016304,117281.575464,2001-01-02 08:34:41.575 +0000
0.165878,-0.261459,-0.949295,0.998518,117281.555872,2001-01-02 08:34:41.556 +0000
0.160416,-0.288330,-0.903793,0.962138,117281.536279,2001-01-02 08:34:41.536 +0000
0.150909,-0.323792,-0.916214,0.983393,117281.516687,2001-01-02 08:34:41.517 +0000
0.163788,-0.352905,-0.932434,1.010347,117281.497125,2001-01-02 08:34:41.497 +0000
0.194077,-0.375244,-0.901001,0.995126,117281.477533,2001-01-02 08:34:41.478 +0000
0.183304,-0.389008,-0.866150,0.967028,117281.457941,2001-01-02 08:34:41.458 +0000
0.154037,-0.409531,-0.880249,0.982996,117281.438348,2001-01-02 08:34:41.438 +0000
0.156586,-0.406677,-0.888702,0.989797,117281.418756,2001-01-02 08:34:41.419 +0000
0.146759,-0.418625,-0.874344,0.980440,117281.399164,2001-01-02 08:34:41.399 +0000
0.141678,-0.387756,-0.882339,0.974141,117281.379572,2001-01-02 08:34:41.380 +0000
0.152710,-0.388672,-0.932190,1.021452,117281.359979,2001-01-02 08:34:41.360 +0000
0.134613,-0.395782,-0.992752,1.077182,117281.340387,2001-01-02 08:34:41.340 +0000
0.126022,-0.404266,-0.973404,1.061522,117281.320795,2001-01-02 08:34:41.321 +0000
0.145996,-0.373550,-0.902374,0.987489,117281.301202,2001-01-02 08:34:41.301 +0000
0.154984,-0.341522,-0.872742,0.949913,117281.281610,2001-01-02 08:34:41.282 +0000
0.151871,-0.319519,-0.907166,0.973708,117281.262018,2001-01-02 08:34:41.262 +0000
0.130783,-0.309341,-0.961411,1.018384,117281.242426,2001-01-02 08:34:41.242 +0000
0.102692,-0.315475,-0.940018,0.996847,117281.222833,2001-01-02 08:34:41.223 +0000
0.122345,-0.304108,-0.924835,0.981208,117281.203272,2001-01-02 08:34:41.203 +0000
0.148239,-0.289978,-0.956421,1.010348,117281.183679,2001-01-02 08:34:41.184 +0000
0.132034,-0.271378,-0.984833,1.030036,117281.164087,2001-01-02 08:34:41.164 +0000
0.099716,-0.260605,-0.964355,1.003912,117281.144495,2001-01-02 08:34:41.144 +0000
0.111725,-0.247742,-0.941040,0.979497,117281.124902,2001-01-02 08:34:41.125 +0000
0.131165,-0.232666,-0.961884,0.998277,117281.105310,2001-01-02 08:34:41.105 +0000
0.157303,-0.230713,-0.974701,1.013911,117281.085718,2001-01-02 08:34:41.086 +0000
0.164658,-0.196762,-1.001511,1.033852,117281.066126,2001-01-02 08:34:41.066 +0000
0.146835,-0.199249,-1.010422,1.040295,117281.046533,2001-01-02 08:34:41.047 +0000
0.135239,-0.171051,-0.997040,1.020606,117281.026941,2001-01-02 08:34:41.027 +0000
0.164230,-0.130234,-0.964828,0.987333,117281.007349,2001-01-02 08:34:41.007 +0000
0.172470,-0.134811,-0.995499,1.019283,117280.987756,2001-01-02 08:34:40.988 +0000
0.156509,-0.122253,-1.036102,1.054964,117280.968164,2001-01-02 08:34:40.968 +0000
0.148026,-0.093292,-1.025925,1.040738,117280.948572,2001-01-02 08:34:40.949 +0000
0.155991,-0.084152,-1.016525,1.031862,117280.928980,2001-01-02 08:34:40.929 +0000
0.156250,-0.070648,-1.008530,1.023004,117280.909387,2001-01-02 08:34:40.909 +0000
0.149445,-0.053040,-1.015808,1.028111,117280.889795,2001-01-02 08:34:40.890 +0000
0.150421,-0.033722,-0.990601,1.002523,117280.870203,2001-01-02 08:34:40.870 +0000
0.158447,-0.032333,-0.997421,1.010446,117280.850610,2001-01-02 08:34:40.851 +0000
0.148270,-0.034851,-1.022491,1.033773,117280.831018,2001-01-02 08:34:40.831 +0000
0.130859,-0.036301,-0.998352,1.007546,117280.811426,2001-01-02 08:34:40.811 +0000
0.138336,-0.017014,-0.956909,0.967006,117280.791834,2001-01-02 08:34:40.792 +0000
0.146469,-0.018646,-0.983063,0.994089,117280.772241,2001-01-02 08:34:40.772 +0000
0.140518,-0.028534,-0.984451,0.994839,117280.752649,2001-01-02 08:34:40.753 +0000
0.128967,-0.018631,-0.978989,0.987623,117280.733057,2001-01-02 08:34:40.733 +0000
0.115463,-0.005554,-0.967026,0.973910,117280.713464,2001-01-02 08:34:40.713 +0000
0.112961,-0.016388,-0.990234,0.996791,117280.693872,2001-01-02 08:34:40.694 +0000
0.119125,-0.022202,-0.987808,0.995213,117280.674308,2001-01-02 08:34:40.674 +0000
0.140900,-0.008499,-0.971619,0.981819,117280.654716,2001-01-02 08:34:40.655 +0000
0.141998,0.010757,-0.963821,0.974285,117280.635123,2001-01-02 08:34:40.635 +0000
0.092865,-0.009720,-0.984909,0.989325,117280.615531,2001-01-02 08:34:40.616 +0000
0.068130,-0.006470,-0.986420,0.988791,117280.595939,2001-01-02 08:34:40.596 +0000
0.098251,-0.004364,-0.980789,0.985708,117280.576346,2001-01-02 08:34:40.576 +0000
0.138077,-0.023895,-1.021957,1.031520,117280.556754,2001-01-02 08:34:40.557 +0000
0.132843,-0.043335,-1.079056,1.088066,117280.537162,2001-01-02 08:34:40.537 +0000
0.071869,-0.058578,-1.030914,1.035075,117280.517570,2001-01-02 08:34:40.518 +0000
0.064240,-0.063309,-0.977066,0.981220,117280.497977,2001-01-02 08:34:40.498 +0000
0.112473,-0.039764,-0.974396,0.981671,117280.478385,2001-01-02 08:34:40.478 +0000
0.098724,-0.009125,-1.017197,1.022017,117280.458793,2001-01-02 08:34:40.459 +0000
0.074417,-0.017273,-1.002594,1.005500,117280.439200,2001-01-02 08:34:40.439 +0000
0.098312,-0.048279,-0.969086,0.975255,117280.419578,2001-01-02 08:34:40.420 +0000
0.121170,-0.032288,-1.012253,1.019990,117280.399985,2001-01-02 08:34:40.400 +0000
0.101334,-0.006378,-1.093811,1.098513,117280.380393,2001-01-02 08:34:40.380 +0000
0.073074,-0.015656,-1.071564,1.074167,117280.360801,2001-01-02 08:34:40.361 +0000
0.103073,-0.004822,-1.000229,1.005537,117280.341208,2001-01-02 08:34:40.341 +0000
0.116470,0.014191,-0.978775,0.985783,117280.321616,2001-01-02 08:34:40.322 +0000
0.078049,0.018097,-1.067627,1.070629,117280.302024,2001-01-02 08:34:40.302 +0000
0.049088,-0.014999,-1.085678,1.086891,117280.282432,2001-01-02 08:34:40.282 +0000
0.068741,-0.005478,-1.053925,1.056178,117280.262839,2001-01-02 08:34:40.263 +0000
0.142517,0.056915,-0.927719,0.940326,117280.243247,2001-01-02 08:34:40.243 +0000
0.121185,0.046265,-0.921707,0.930790,117280.223655,2001-01-02 08:34:40.224 +0000
0.086990,-0.022446,-0.987991,0.992068,117280.204062,2001-01-02 08:34:40.204 +0000
0.045654,-0.005295,-1.038162,1.039179,117280.184470,2001-01-02 08:34:40.184 +0000
0.065582,0.034012,-1.008896,1.011597,117280.164878,2001-01-02 08:34:40.165 +0000
0.048889,0.011063,-1.008667,1.009912,117280.145255,2001-01-02 08:34:40.145 +0000
0.081726,-0.015533,-1.058640,1.061903,117280.125663,2001-01-02 08:34:40.126 +0000
0.112198,-0.034042,-1.037186,1.043792,117280.106071,2001-01-02 08:34:40.106 +0000
0.128830,-0.010391,-0.982712,0.991175,117280.086478,2001-01-02 08:34:40.086 +0000
0.104187,-0.011581,-1.011490,1.016907,117280.066886,2001-01-02 08:34:40.067 +0000
0.107727,-0.013016,-1.018616,1.024379,117280.047294,2001-01-02 08:34:40.047 +0000
0.115463,-0.004715,-1.027161,1.033641,117280.027701,2001-01-02 08:34:40.028 +0000
0.102814,-0.016586,-1.011993,1.017338,117280.008109,2001-01-02 08:34:40.008 +0000
0.077103,-0.035034,-0.985474,0.989106,117279.988517,2001-01-02 08:34:39.989 +0000
0.070877,-0.033417,-0.984772,0.987884,117279.968925,2001-01-02 08:34:39.969 +0000
0.088287,-0.019318,-1.018738,1.022739,117279.949332,2001-01-02 08:34:39.949 +0000
0.105408,-0.013748,-1.023941,1.029444,117279.929740,2001-01-02 08:34:39.930 +0000
0.110794,-0.028778,-1.000168,1.006697,117279.910148,2001-01-02 08:34:39.910 +0000
0.110962,-0.031967,-0.980118,0.986897,117279.890555,2001-01-02 08:34:39.891 +0000
0.103928,-0.025314,-0.979416,0.985240,117279.870963,2001-01-02 08:34:39.871 +0000
0.112183,-0.008102,-0.986725,0.993115,117279.851340,2001-01-02 08:34:39.851 +0000
0.115112,-0.010239,-1.003433,1.010066,117279.831748,2001-01-02 08:34:39.832 +0000
0.109375,-0.004822,-1.014084,1.019977,117279.812156,2001-01-02 08:34:39.812 +0000
0.088806,-0.008270,-1.005829,1.009776,117279.792563,2001-01-02 08:34:39.793 +0000
0.092239,-0.022293,-0.996872,1.001378,117279.772971,2001-01-02 08:34:39.773 +0000
0.104691,-0.040192,-1.012238,1.018430,117279.753379,2001-01-02 08:34:39.753 +0000
0.109787,-0.039215,-1.028488,1.035074,117279.733787,2001-01-02 08:34:39.734 +0000
0.112671,-0.003220,-0.986649,0.993066,117279.714194,2001-01-02 08:34:39.714 +0000
