x_rad_per_sec,y_rad_per_sec,z_rad_per_sec,rms_rad_per_sec,TimeInterval,Date,,,,X_Gyro,Y_Gyro,Z_Gyro
0.162826,0.197351,0.062536,0.263383,117294.4174,2001-01-02 08:34:54.417 +0000,,,,0.162826,0.197351,0.062536
0.089072,0.095941,0.00034,0.130914,117294.3974,2001-01-02 08:34:54.397 +0000,,,,0.251898,0.293292,0.062876
-0.086715,-0.275088,-0.073565,0.297666,117294.3775,2001-01-02 08:34:54.377 +0000,,,,-0.086715,-0.275088,-0.073565
-0.206574,-0.192047,-0.058572,0.288073,117294.3575,2001-01-02 08:34:54.357 +0000,,,,-0.293289,-0.467135,-0.132137
-0.380588,0.188379,0.041797,0.426709,117294.3375,2001-01-02 08:34:54.338 +0000,,,,-0.380588,0.188379,0.041797
-0.068066,-0.113869,0.066098,0.148216,117294.3175,2001-01-02 08:34:54.318 +0000,,,,-0.448654,0.07451,0.107895
-0.03476,-0.136282,0.039671,0.146133,117294.2976,2001-01-02 08:34:54.298 +0000,,,,-0.03476,-0.136282,0.039671
-0.044128,-0.145951,0.009715,0.152785,117294.2776,2001-01-02 08:34:54.278 +0000,,,,-0.078888,-0.282233,0.049386
-0.059447,-0.070312,0.015818,0.093423,117294.2576,2001-01-02 08:34:54.258 +0000,,,,-0.059447,-0.070312,0.015818
-0.081064,-0.009603,0.017644,0.083515,117294.2376,2001-01-02 08:34:54.238 +0000,,,,-0.140511,-0.079915,0.033462
-0.055395,-0.014937,0.007146,0.057817,117294.2176,2001-01-02 08:34:54.218 +0000,,,,-0.055395,-0.014937,0.007146
-0.020126,-0.018141,-0.006498,0.027863,117294.1977,2001-01-02 08:34:54.198 +0000,,,,-0.075521,-0.033078,0.000648
-0.023464,0.007431,-0.003384,0.024844,117294.1777,2001-01-02 08:34:54.178 +0000,,,,-0.023464,0.007431,-0.003384
-0.071593,0.030855,0.005844,0.078178,117294.1577,2001-01-02 08:34:54.158 +0000,,,,-0.095057,0.038286,0.00246
-0.124771,0.018011,-0.003028,0.126101,117294.1377,2001-01-02 08:34:54.138 +0000,,,,-0.124771,0.018011,-0.003028
-0.140634,-0.000127,-0.009497,0.140954,117294.1177,2001-01-02 08:34:54.118 +0000,,,,-0.265405,0.017884,-0.012525
-0.14058,-0.012907,-0.008393,0.14142,117294.0978,2001-01-02 08:34:54.098 +0000,,,,-0.14058,-0.012907,-0.008393
-0.122239,-0.065081,-0.003854,0.138538,117294.0778,2001-01-02 08:34:54.078 +0000,,,,-0.262819,-0.077988,-0.012247
-0.071099,-0.059719,-0.004592,0.092965,117294.0578,2001-01-02 08:34:54.058 +0000,,,,-0.071099,-0.059719,-0.004592
-0.06541,0.091548,-0.007101,0.112739,117294.0378,2001-01-02 08:34:54.038 +0000,,,,-0.136509,0.031829,-0.011693
-0.151717,0.084032,-0.005526,0.173522,117294.0179,2001-01-02 08:34:54.018 +0000,,,,-0.151717,0.084032,-0.005526
-0.155275,-0.052349,-0.014796,0.164529,117293.9979,2001-01-02 08:34:53.998 +0000,,,,-0.306992,0.031683,-0.020322
-0.123977,-0.138604,-0.011145,0.186294,117293.9779,2001-01-02 08:34:53.978 +0000,,,,-0.123977,-0.138604,-0.011145
-0.101886,-0.039593,-0.041183,0.11681,117293.9579,2001-01-02 08:34:53.958 +0000,,,,-0.225863,-0.178197,-0.052328
-0.069086,0.0913,-0.105428,0.155639,117293.9379,2001-01-02 08:34:53.938 +0000,,,,-0.069086,0.0913,-0.105428
-0.077495,0.12314,-0.150449,0.209294,117293.9179,2001-01-02 08:34:53.918 +0000,,,,-0.146581,0.21444,-0.255877
-0.094179,0.070878,-0.170721,0.207459,117293.898,2001-01-02 08:34:53.898 +0000,,,,-0.094179,0.070878,-0.170721
-0.098183,-0.013222,-0.147013,0.177278,117293.878,2001-01-02 08:34:53.878 +0000,,,,-0.192362,0.057656,-0.317734
-0.15914,-0.015308,-0.111089,0.194681,117293.858,2001-01-02 08:34:53.858 +0000,,,,-0.15914,-0.015308,-0.111089
-0.253778,0.11468,-0.073615,0.288052,117293.838,2001-01-02 08:34:53.838 +0000,,,,-0.412918,0.099372,-0.184704
-0.22879,0.240398,-0.074856,0.340205,117293.8181,2001-01-02 08:34:53.818 +0000,,,,-0.22879,0.240398,-0.074856
-0.138951,0.182925,-0.080505,0.243413,117293.7981,2001-01-02 08:34:53.798 +0000,,,,-0.367741,0.423323,-0.155361
-0.064266,-0.097108,-0.048253,0.126049,117293.7781,2001-01-02 08:34:53.778 +0000,,,,-0.064266,-0.097108,-0.048253
-0.159761,-0.109052,-0.110838,0.222937,117293.7581,2001-01-02 08:34:53.758 +0000,,,,-0.224027,-0.20616,-0.159091
-0.092996,-0.045054,-0.09774,0.142236,117293.7381,2001-01-02 08:34:53.738 +0000,,,,-0.092996,-0.045054,-0.09774
-0.003898,0.041308,-0.094168,0.102903,117293.7181,2001-01-02 08:34:53.718 +0000,,,,-0.096894,-0.003746,-0.191908
0.105317,0.179834,-0.109835,0.235575,117293.6982,2001-01-02 08:34:53.698 +0000,,,,0.105317,0.179834,-0.109835
0.288166,0.019185,-0.080383,0.299782,117293.6782,2001-01-02 08:34:53.678 +0000,,,,0.393483,0.199019,-0.190218
0.008897,-0.010779,-0.053336,0.055137,117293.6582,2001-01-02 08:34:53.658 +0000,,,,0.008897,-0.010779,-0.053336
0.073679,0.06485,-0.074475,0.123209,117293.6383,2001-01-02 08:34:53.638 +0000,,,,0.082576,0.054071,-0.127811
0.055068,0.052902,-0.161117,0.178297,117293.6183,2001-01-02 08:34:53.618 +0000,,,,0.055068,0.052902,-0.161117
0.024688,-0.091931,-0.134216,0.164544,117293.5983,2001-01-02 08:34:53.598 +0000,,,,0.079756,-0.039029,-0.295333
-0.034645,-0.008751,-0.081417,0.088913,117293.5783,2001-01-02 08:34:53.578 +0000,,,,-0.034645,-0.008751,-0.081417
-0.016803,0.185317,-0.011302,0.186421,117293.5584,2001-01-02 08:34:53.558 +0000,,,,-0.051448,0.176566,-0.092719
-0.090298,0.216075,-0.043937,0.23827,117293.5384,2001-01-02 08:34:53.538 +0000,,,,-0.090298,0.216075,-0.043937
-0.088704,0.147814,-0.077933,0.189185,117293.5184,2001-01-02 08:34:53.518 +0000,,,,-0.179002,0.363889,-0.12187
-0.036986,0.101285,0.044353,0.116592,117293.4984,2001-01-02 08:34:53.498 +0000,,,,-0.036986,0.101285,0.044353
-0.0234,0.090776,0.097898,0.135543,117293.4784,2001-01-02 08:34:53.478 +0000,,,,-0.060386,0.192061,0.142251
0.024287,-0.007329,0.043993,0.050783,117293.4585,2001-01-02 08:34:53.458 +0000,,,,0.024287,-0.007329,0.043993
-0.001051,0.062719,-0.052535,0.081821,117293.4385,2001-01-02 08:34:53.438 +0000,,,,0.023236,0.05539,-0.008542
-0.059389,0.051927,-0.091365,0.120711,117293.4185,2001-01-02 08:34:53.418 +0000,,,,-0.059389,0.051927,-0.091365
-0.062184,0.109612,-0.026362,0.12875,117293.3985,2001-01-02 08:34:53.399 +0000,,,,-0.121573,0.161539,-0.117727
-0.007196,0.116213,0.041307,0.123546,117293.3785,2001-01-02 08:34:53.379 +0000,,,,-0.007196,0.116213,0.041307
0.015477,0.057635,0.039483,0.071556,117293.3586,2001-01-02 08:34:53.359 +0000,,,,0.008281,0.173848,0.08079
0.016793,0.047963,0.005326,0.051096,117293.3386,2001-01-02 08:34:53.339 +0000,,,,0.016793,0.047963,0.005326
0.060945,0.022291,-0.049869,0.081842,117293.3186,2001-01-02 08:34:53.319 +0000,,,,0.077738,0.070254,-0.044543
0.163683,-0.079871,-0.038213,0.186096,117293.2986,2001-01-02 08:34:53.299 +0000,,,,0.163683,-0.079871,-0.038213
0.131012,-0.059405,0.061951,0.156624,117293.2787,2001-01-02 08:34:53.279 +0000,,,,0.294695,-0.139276,0.023738
0.025559,0.047251,0.144293,0.153969,117293.2587,2001-01-02 08:34:53.259 +0000,,,,0.025559,0.047251,0.144293
-0.038237,0.015245,0.143949,0.149719,117293.2387,2001-01-02 08:34:53.239 +0000,,,,-0.012678,0.062496,0.288242
-0.00268,-0.034857,0.11975,0.124749,117293.2187,2001-01-02 08:34:53.219 +0000,,,,-0.00268,-0.034857,0.11975
0.035087,-0.026517,0.03557,0.056564,117293.1987,2001-01-02 08:34:53.199 +0000,,,,0.032407,-0.061374,0.15532
-0.000521,0.011467,-0.100475,0.101128,117293.1787,2001-01-02 08:34:53.179 +0000,,,,-0.000521,0.011467,-0.100475
-0.186814,0.065456,-0.182017,0.268913,117293.1588,2001-01-02 08:34:53.159 +0000,,,,-0.187335,0.076923,-0.282492
-0.204612,-0.071839,-0.126201,0.250906,117293.1388,2001-01-02 08:34:53.139 +0000,,,,-0.204612,-0.071839,-0.126201
-0.070822,-0.179971,0.044889,0.198546,117293.1188,2001-01-02 08:34:53.119 +0000,,,,-0.275434,-0.25181,-0.081312
-0.085333,-0.055319,0.055137,0.115681,117293.0989,2001-01-02 08:34:53.099 +0000,,,,-0.085333,-0.055319,0.055137
-0.029243,-0.071059,0.134628,0.155014,117293.0789,2001-01-02 08:34:53.079 +0000,,,,-0.114576,-0.126378,0.189765
0.086583,-0.367448,0.430056,0.572244,117293.0589,2001-01-02 08:34:53.059 +0000,,,,0.086583,-0.367448,0.430056
0.352272,-0.363124,0.377343,0.631144,117293.0389,2001-01-02 08:34:53.039 +0000,,,,0.438855,-0.730572,0.807399
0.314826,-0.162601,0.062403,0.35979,117293.0189,2001-01-02 08:34:53.019 +0000,,,,0.314826,-0.162601,0.062403
0.102252,-0.284649,-0.118209,0.324737,117292.9989,2001-01-02 08:34:52.999 +0000,,,,0.417078,-0.44725,-0.055806
-0.070361,-0.463853,-0.162696,0.496568,117292.979,2001-01-02 08:34:52.979 +0000,,,,-0.070361,-0.463853,-0.162696
-0.11969,0.002789,-0.127968,0.17524,117292.959,2001-01-02 08:34:52.959 +0000,,,,-0.190051,-0.461064,-0.290664
-0.10107,0.397296,0.008923,0.410047,117292.939,2001-01-02 08:34:52.939 +0000,,,,-0.10107,0.397296,0.008923
0.039211,0.211073,0.047774,0.219935,117292.919,2001-01-02 08:34:52.919 +0000,,,,-0.061859,0.608369,0.056697
0.195366,-0.103115,0.02938,0.222853,117292.8991,2001-01-02 08:34:52.899 +0000,,,,0.195366,-0.103115,0.02938
0.263151,-0.337226,0.109544,0.441554,117292.8791,2001-01-02 08:34:52.879 +0000,,,,0.458517,-0.440341,0.138924
0.263172,-0.528158,0.437027,0.734304,117292.8591,2001-01-02 08:34:52.859 +0000,,,,0.263172,-0.528158,0.437027
0.203528,-0.250464,0.743601,0.810616,117292.8391,2001-01-02 08:34:52.839 +0000,,,,0.4667,-0.778622,1.180628
0.226223,0.157945,0.900783,0.94209,117292.8191,2001-01-02 08:34:52.819 +0000,,,,0.226223,0.157945,0.900783
0.451934,-0.198833,0.870152,1.000472,117292.7991,2001-01-02 08:34:52.799 +0000,,,,0.678157,-0.040888,1.770935
0.629059,-0.934761,0.889376,1.435438,117292.7792,2001-01-02 08:34:52.779 +0000,,,,0.629059,-0.934761,0.889376
0.788928,-1.409871,1.269999,2.055004,117292.7592,2001-01-02 08:34:52.759 +0000,,,,1.417987,-2.344632,2.159375
0.952418,-1.072633,1.466791,2.051613,117292.7392,2001-01-02 08:34:52.739 +0000,,,,0.952418,-1.072633,1.466791
1.003502,-0.357233,1.26538,1.654031,117292.7192,2001-01-02 08:34:52.719 +0000,,,,1.95592,-1.429866,2.732171
0.86208,0.047586,0.886141,1.237211,117292.6993,2001-01-02 08:34:52.699 +0000,,,,0.86208,0.047586,0.886141
0.601159,-0.286351,0.760272,1.010645,117292.6793,2001-01-02 08:34:52.679 +0000,,,,1.463239,-0.238765,1.646413
0.397684,-0.46985,0.711315,0.940681,117292.6593,2001-01-02 08:34:52.659 +0000,,,,0.397684,-0.46985,0.711315
0.358349,-0.361923,0.429738,0.666391,117292.6393,2001-01-02 08:34:52.639 +0000,,,,0.756033,-0.831773,1.141053
0.371873,-0.276104,0.238332,0.520889,117292.6194,2001-01-02 08:34:52.619 +0000,,,,0.371873,-0.276104,0.238332
0.415012,-0.202926,0.095244,0.471683,117292.5994,2001-01-02 08:34:52.599 +0000,,,,0.786885,-0.47903,0.333576
0.37627,-0.252149,0.018184,0.453309,117292.5794,2001-01-02 08:34:52.579 +0000,,,,0.37627,-0.252149,0.018184
0.260556,-0.109519,0.005262,0.282687,117292.5594,2001-01-02 08:34:52.559 +0000,,,,0.636826,-0.361668,0.023446
0.268394,-0.211734,0.023757,0.342682,117292.5395,2001-01-02 08:34:52.539 +0000,,,,0.268394,-0.211734,0.023757
0.417232,-0.142361,0.032052,0.442014,117292.5195,2001-01-02 08:34:52.519 +0000,,,,0.685626,-0.354095,0.055809
0.385124,-0.096613,0.017821,0.397457,117292.4995,2001-01-02 08:34:52.499 +0000,,,,0.385124,-0.096613,0.017821
0.267377,-0.14265,-0.03948,0.305611,117292.4795,2001-01-02 08:34:52.480 +0000,,,,0.652501,-0.239263,-0.021659
0.119168,-0.141671,-0.030866,0.187682,117292.4595,2001-01-02 08:34:52.460 +0000,,,,0.119168,-0.141671,-0.030866
-0.051768,0.290902,0.048011,0.299348,117292.4395,2001-01-02 08:34:52.440 +0000,,,,0.0674,0.149231,0.017145
0.153975,-0.146809,0.034562,0.215536,117292.4196,2001-01-02 08:34:52.420 +0000,,,,0.153975,-0.146809,0.034562
0.216015,-0.177687,0.022242,0.280588,117292.3996,2001-01-02 08:34:52.400 +0000,,,,0.36999,-0.324496,0.056804
0.268974,-0.069067,-0.008682,0.277835,117292.3796,2001-01-02 08:34:52.380 +0000,,,,0.268974,-0.069067,-0.008682
0.252011,-0.053171,-0.036621,0.26015,117292.3597,2001-01-02 08:34:52.360 +0000,,,,0.520985,-0.122238,-0.045303
0.201087,-0.106464,-0.033614,0.230001,117292.3397,2001-01-02 08:34:52.340 +0000,,,,0.201087,-0.106464,-0.033614
0.157556,-0.141651,-0.033813,0.214551,117292.3197,2001-01-02 08:34:52.320 +0000,,,,0.358643,-0.248115,-0.067427
0.149913,-0.103307,-0.033968,0.185203,117292.2997,2001-01-02 08:34:52.300 +0000,,,,0.149913,-0.103307,-0.033968
0.145244,-0.039351,-0.017078,0.151447,117292.2797,2001-01-02 08:34:52.280 +0000,,,,0.295157,-0.142658,-0.051046
0.089509,-0.019062,0.018821,0.093432,117292.2597,2001-01-02 08:34:52.260 +0000,,,,0.089509,-0.019062,0.018821
-0.00992,0.019266,0.039416,0.04498,117292.2398,2001-01-02 08:34:52.240 +0000,,,,0.079589,0.000204,0.058237
-0.039777,0.053271,0.014546,0.068056,117292.2198,2001-01-02 08:34:52.220 +0000,,,,-0.039777,0.053271,0.014546
0.026517,0.030905,-0.003111,0.04084,117292.1998,2001-01-02 08:34:52.200 +0000,,,,-0.01326,0.084176,0.011435
-0.008813,0.067092,-0.005584,0.067898,117292.1798,2001-01-02 08:34:52.180 +0000,,,,-0.008813,0.067092,-0.005584
-0.198201,-0.021427,0.009406,0.199578,117292.1599,2001-01-02 08:34:52.160 +0000,,,,-0.207014,0.045665,0.003822
-0.374318,0.010444,0.026295,0.375386,117292.1399,2001-01-02 08:34:52.140 +0000,,,,-0.374318,0.010444,0.026295
-0.452867,0.175486,0.018906,0.486047,117292.1199,2001-01-02 08:34:52.120 +0000,,,,-0.827185,0.18593,0.045201
-0.548989,0.194634,0.036369,0.583604,117292.0999,2001-01-02 08:34:52.100 +0000,,,,-0.548989,0.194634,0.036369
-0.691643,0.15087,0.043005,0.709211,117292.0799,2001-01-02 08:34:52.080 +0000,,,,-1.240632,0.345504,0.079374
-0.785305,0.130546,0.037086,0.796945,117292.0599,2001-01-02 08:34:52.060 +0000,,,,-0.785305,0.130546,0.037086
-0.863038,0.155974,0.004437,0.87703,117292.04,2001-01-02 08:34:52.040 +0000,,,,-1.648343,0.28652,0.041523
-1.060292,0.177124,-0.000157,1.074985,117292.02,2001-01-02 08:34:52.020 +0000,,,,-1.060292,0.177124,-0.000157
-1.376069,0.212097,0.020055,1.392463,117292,2001-01-02 08:34:52.000 +0000,,,,-2.436361,0.389221,0.019898
-1.651457,0.24502,0.060848,1.670643,117291.98,2001-01-02 08:34:51.980 +0000,,,,-1.651457,0.24502,0.060848
-1.821116,0.251354,0.087467,1.84046,117291.9601,2001-01-02 08:34:51.960 +0000,,,,-3.472573,0.496374,0.148315
-1.946419,0.072458,0.152286,1.953712,117291.9401,2001-01-02 08:34:51.940 +0000,,,,-1.946419,0.072458,0.152286
-2.063233,-0.078775,0.201061,2.074502,117291.9201,2001-01-02 08:34:51.920 +0000,,,,-4.009652,-0.006317,0.353347
-2.063509,-0.013807,0.19554,2.072799,117291.9001,2001-01-02 08:34:51.900 +0000,,,,-2.063509,-0.013807,0.19554
-1.933596,0.053317,0.162042,1.941107,117291.8801,2001-01-02 08:34:51.880 +0000,,,,-3.997105,0.03951,0.357582
-1.869312,0.051098,0.107987,1.873126,117291.8602,2001-01-02 08:34:51.860 +0000,,,,-1.869312,0.051098,0.107987
-1.856069,-0.256778,0.099297,1.876376,117291.8402,2001-01-02 08:34:51.840 +0000,,,,-3.725381,-0.20568,0.207284
-1.768215,-0.350461,0.098008,1.805274,117291.8202,2001-01-02 08:34:51.820 +0000,,,,-1.768215,-0.350461,0.098008
-1.686725,-0.192813,0.069279,1.699123,117291.8002,2001-01-02 08:34:51.800 +0000,,,,-3.45494,-0.543274,0.167287
-1.702052,-0.257952,0.010585,1.72152,117291.7802,2001-01-02 08:34:51.780 +0000,,,,-1.702052,-0.257952,0.010585
-1.583682,-0.250449,-0.005733,1.603373,117291.7603,2001-01-02 08:34:51.760 +0000,,,,-3.285734,-0.508401,0.004852
-1.341017,-0.187401,0.002144,1.354049,117291.7403,2001-01-02 08:34:51.740 +0000,,,,-1.341017,-0.187401,0.002144
-1.109999,-0.144593,0.013204,1.119455,117291.7203,2001-01-02 08:34:51.720 +0000,,,,-2.451016,-0.331994,0.015348
-0.960801,-0.134907,0.008842,0.970266,117291.7003,2001-01-02 08:34:51.700 +0000,,,,-0.960801,-0.134907,0.008842
-0.855575,-0.074108,0.009387,0.85883,117291.6804,2001-01-02 08:34:51.680 +0000,,,,-1.816376,-0.209015,0.018229
-0.715338,-0.0079,0.032592,0.716124,117291.6604,2001-01-02 08:34:51.660 +0000,,,,-0.715338,-0.0079,0.032592
-0.519254,-0.005617,0.036046,0.520534,117291.6404,2001-01-02 08:34:51.640 +0000,,,,-1.234592,-0.013517,0.068638
-0.327334,-0.005505,0.024519,0.328297,117291.6204,2001-01-02 08:34:51.620 +0000,,,,-0.327334,-0.005505,0.024519
-0.203733,0.015864,0.013541,0.204797,117291.6005,2001-01-02 08:34:51.600 +0000,,,,-0.531067,0.010359,0.03806
-0.170602,0.002029,0.009528,0.170879,117291.5805,2001-01-02 08:34:51.580 +0000,,,,-0.170602,0.002029,0.009528
-0.12567,-0.026713,0.004567,0.128558,117291.5605,2001-01-02 08:34:51.561 +0000,,,,-0.296272,-0.024684,0.014095
-0.023284,-0.027728,-0.005424,0.036611,117291.5405,2001-01-02 08:34:51.541 +0000,,,,-0.023284,-0.027728,-0.005424
0.072626,0.013812,-0.035877,0.082173,117291.5205,2001-01-02 08:34:51.521 +0000,,,,0.049342,-0.013916,-0.041301
0.14203,-0.002136,-0.043913,0.148679,117291.5006,2001-01-02 08:34:51.501 +0000,,,,0.14203,-0.002136,-0.043913
0.179356,-0.039328,-0.017916,0.184489,117291.4806,2001-01-02 08:34:51.481 +0000,,,,0.321386,-0.041464,-0.061829
0.202913,-0.069125,-0.012333,0.214719,117291.4606,2001-01-02 08:34:51.461 +0000,,,,0.202913,-0.069125,-0.012333
0.199845,-0.073434,-0.030507,0.215084,117291.4406,2001-01-02 08:34:51.441 +0000,,,,0.402758,-0.142559,-0.04284
0.18084,-0.093723,-0.044471,0.208482,117291.4206,2001-01-02 08:34:51.421 +0000,,,,0.18084,-0.093723,-0.044471
0.160248,-0.019175,-0.046949,0.168082,117291.4007,2001-01-02 08:34:51.401 +0000,,,,0.341088,-0.112898,-0.09142
0.129251,-0.019161,-0.032199,0.134572,117291.3807,2001-01-02 08:34:51.381 +0000,,,,0.129251,-0.019161,-0.032199
0.125126,-0.061748,-0.021426,0.141168,117291.3607,2001-01-02 08:34:51.361 +0000,,,,0.254377,-0.080909,-0.053625
0.137055,-0.091593,-0.03195,0.167911,117291.3407,2001-01-02 08:34:51.341 +0000,,,,0.137055,-0.091593,-0.03195
0.146448,-0.036219,-0.042722,0.156793,117291.3208,2001-01-02 08:34:51.321 +0000,,,,0.283503,-0.127812,-0.074672
0.188105,-0.040478,-0.054183,0.199894,117291.3008,2001-01-02 08:34:51.301 +0000,,,,0.188105,-0.040478,-0.054183
0.278462,0.021351,-0.063358,0.286376,117291.2808,2001-01-02 08:34:51.281 +0000,,,,0.466567,-0.019127,-0.117541
0.353922,0.082096,-0.075836,0.371149,117291.2608,2001-01-02 08:34:51.261 +0000,,,,0.353922,0.082096,-0.075836
0.391615,0.175964,-0.03737,0.430955,117291.2408,2001-01-02 08:34:51.241 +0000,,,,0.745537,0.25806,-0.113206
0.420825,0.10351,-0.051935,0.436469,117291.2208,2001-01-02 08:34:51.221 +0000,,,,0.420825,0.10351,-0.051935
0.508551,0.051343,-0.065092,0.515265,117291.2009,2001-01-02 08:34:51.201 +0000,,,,0.929376,0.154853,-0.117027
0.622401,0.072771,-0.049423,0.628587,117291.1809,2001-01-02 08:34:51.181 +0000,,,,0.622401,0.072771,-0.049423
0.747497,0.193281,-0.032879,0.772781,117291.1609,2001-01-02 08:34:51.161 +0000,,,,1.369898,0.266052,-0.082302
0.895674,0.217831,-0.056521,0.923513,117291.1409,2001-01-02 08:34:51.141 +0000,,,,0.895674,0.217831,-0.056521
1.035304,0.237068,-0.072727,1.064587,117291.121,2001-01-02 08:34:51.121 +0000,,,,1.930978,0.454899,-0.129248
1.172319,0.102966,-0.063958,1.178569,117291.101,2001-01-02 08:34:51.101 +0000,,,,1.172319,0.102966,-0.063958
1.294832,0.024407,0.008672,1.295091,117291.081,2001-01-02 08:34:51.081 +0000,,,,2.467151,0.127373,-0.055286
1.262054,-0.052275,0.025755,1.263399,117291.061,2001-01-02 08:34:51.061 +0000,,,,1.262054,-0.052275,0.025755
1.127518,-0.013999,0.035429,1.128161,117291.041,2001-01-02 08:34:51.041 +0000,,,,2.389572,-0.066274,0.061184
1.003155,-0.083338,0.033709,1.007175,117291.021,2001-01-02 08:34:51.021 +0000,,,,1.003155,-0.083338,0.033709
0.996097,-0.165374,0.031748,1.01023,117291.0011,2001-01-02 08:34:51.001 +0000,,,,1.999252,-0.248712,0.065457
1.184006,-0.22916,0.028915,1.206325,117290.9811,2001-01-02 08:34:50.981 +0000,,,,1.184006,-0.22916,0.028915
1.402168,-0.277147,-0.054963,1.430352,117290.9611,2001-01-02 08:34:50.961 +0000,,,,2.586174,-0.506307,-0.026048
1.490714,-0.219705,-0.114358,1.51115,117290.9412,2001-01-02 08:34:50.941 +0000,,,,1.490714,-0.219705,-0.114358
1.501836,-0.062099,-0.139287,1.509559,117290.9212,2001-01-02 08:34:50.921 +0000,,,,2.99255,-0.281804,-0.253645
1.456604,-0.048116,-0.072314,1.459191,117290.9012,2001-01-02 08:34:50.901 +0000,,,,1.456604,-0.048116,-0.072314
1.443296,0.038206,-0.054474,1.444829,117290.8812,2001-01-02 08:34:50.881 +0000,,,,2.8999,-0.00991,-0.126788
1.400538,-0.084481,-0.114266,1.407729,117290.8612,2001-01-02 08:34:50.861 +0000,,,,1.400538,-0.084481,-0.114266
1.300455,-0.120746,-0.103089,1.31011,117290.8412,2001-01-02 08:34:50.841 +0000,,,,2.700993,-0.205227,-0.217355
1.249188,-0.212171,-0.012363,1.267139,117290.8213,2001-01-02 08:34:50.821 +0000,,,,1.249188,-0.212171,-0.012363
1.209151,-0.434594,0.087343,1.287846,117290.8013,2001-01-02 08:34:50.801 +0000,,,,2.458339,-0.646765,0.07498
1.229867,-0.341833,0.113943,1.281564,117290.7813,2001-01-02 08:34:50.781 +0000,,,,1.229867,-0.341833,0.113943
1.258356,-0.219428,0.064651,1.278979,117290.7613,2001-01-02 08:34:50.761 +0000,,,,2.488223,-0.561261,0.178594
1.122199,-0.181368,-0.011167,1.136815,117290.7414,2001-01-02 08:34:50.741 +0000,,,,1.122199,-0.181368,-0.011167
0.988082,-0.160278,-0.058075,1.00268,117290.7214,2001-01-02 08:34:50.721 +0000,,,,2.110281,-0.341646,-0.069242
0.83573,-0.171047,-0.060143,0.855172,117290.7014,2001-01-02 08:34:50.701 +0000,,,,0.83573,-0.171047,-0.060143
0.577688,-0.17438,-0.039436,0.604721,117290.6814,2001-01-02 08:34:50.681 +0000,,,,1.413418,-0.345427,-0.099579
0.334041,-0.077546,-0.010357,0.34308,117290.6615,2001-01-02 08:34:50.661 +0000,,,,0.334041,-0.077546,-0.010357
0.108751,0.001128,-0.006749,0.108966,117290.6415,2001-01-02 08:34:50.641 +0000,,,,0.442792,-0.076418,-0.017106
-0.117539,0.065953,-0.00311,0.134814,117290.6215,2001-01-02 08:34:50.622 +0000,,,,-0.117539,0.065953,-0.00311
-0.337988,0.048706,-0.01951,0.342036,117290.6015,2001-01-02 08:34:50.602 +0000,,,,-0.455527,0.114659,-0.02262
-0.475053,0.178577,-0.016513,0.507777,117290.5816,2001-01-02 08:34:50.582 +0000,,,,-0.475053,0.178577,-0.016513
-0.649179,0.256224,-0.012557,0.698028,117290.5616,2001-01-02 08:34:50.562 +0000,,,,-1.124232,0.434801,-0.02907
-0.907081,0.227317,0.005014,0.935144,117290.5416,2001-01-02 08:34:50.542 +0000,,,,-0.907081,0.227317,0.005014
-1.101226,0.254884,0.01004,1.130383,117290.5216,2001-01-02 08:34:50.522 +0000,,,,-2.008307,0.482201,0.015054
-1.189935,0.270869,0.038248,1.220974,117290.5016,2001-01-02 08:34:50.502 +0000,,,,-1.189935,0.270869,0.038248
-1.243351,0.23686,0.086063,1.268633,117290.4816,2001-01-02 08:34:50.482 +0000,,,,-2.433286,0.507729,0.124311
-1.312986,0.097239,0.078493,1.318919,117290.4617,2001-01-02 08:34:50.462 +0000,,,,-1.312986,0.097239,0.078493
-1.39939,0.180132,0.024259,1.411145,117290.4417,2001-01-02 08:34:50.442 +0000,,,,-2.712376,0.277371,0.102752
-1.46915,0.274902,0.028873,1.494926,117290.4217,2001-01-02 08:34:50.422 +0000,,,,-1.46915,0.274902,0.028873
-1.511791,0.231285,0.065033,1.530763,117290.4017,2001-01-02 08:34:50.402 +0000,,,,-2.980941,0.506187,0.093906
-1.524041,0.096029,0.082414,1.529285,117290.3818,2001-01-02 08:34:50.382 +0000,,,,-1.524041,0.096029,0.082414
-1.405336,-0.017807,0.107032,1.409519,117290.3618,2001-01-02 08:34:50.362 +0000,,,,-2.929377,0.078222,0.189446
-1.2546,0.089938,0.123784,1.263896,117290.3418,2001-01-02 08:34:50.342 +0000,,,,-1.2546,0.089938,0.123784
-1.122784,0.183738,0.107322,1.142769,117290.3218,2001-01-02 08:34:50.322 +0000,,,,-2.377384,0.273676,0.231106
-1.026662,0.160337,0.093076,1.043267,117290.3018,2001-01-02 08:34:50.302 +0000,,,,-1.026662,0.160337,0.093076
-0.971419,-0.030297,0.097172,0.976737,117290.2818,2001-01-02 08:34:50.282 +0000,,,,-1.998081,0.13004,0.190248
-0.902729,-0.137824,0.10327,0.919011,117290.2619,2001-01-02 08:34:50.262 +0000,,,,-0.902729,-0.137824,0.10327
-0.829193,-0.130326,0.098404,0.845121,117290.2419,2001-01-02 08:34:50.242 +0000,,,,-1.731922,-0.26815,0.201674
-0.754935,-0.066335,0.106211,0.765251,117290.2219,2001-01-02 08:34:50.222 +0000,,,,-0.754935,-0.066335,0.106211
-0.745046,-0.115357,0.095725,0.759977,117290.2019,2001-01-02 08:34:50.202 +0000,,,,-1.499981,-0.181692,0.201936
-0.772517,-0.173951,0.10211,0.798416,117290.182,2001-01-02 08:34:50.182 +0000,,,,-0.772517,-0.173951,0.10211
-0.808807,-0.169704,0.107196,0.833342,117290.162,2001-01-02 08:34:50.162 +0000,,,,-1.581324,-0.343655,0.209306
-0.817203,-0.15807,0.076121,0.835824,117290.142,2001-01-02 08:34:50.142 +0000,,,,-0.817203,-0.15807,0.076121
-0.788357,-0.128308,0.040974,0.799781,117290.122,2001-01-02 08:34:50.122 +0000,,,,-1.60556,-0.286378,0.117095
-0.799601,-0.029199,0.059862,0.80237,117290.102,2001-01-02 08:34:50.102 +0000,,,,-0.799601,-0.029199,0.059862
-0.827275,-0.050498,0.070419,0.8318,117290.0821,2001-01-02 08:34:50.082 +0000,,,,-1.626876,-0.079697,0.130281
-0.775959,-0.083483,0.070854,0.783647,117290.0621,2001-01-02 08:34:50.062 +0000,,,,-0.775959,-0.083483,0.070854
-0.679922,-0.093028,0.059775,0.688855,117290.0421,2001-01-02 08:34:50.042 +0000,,,,-1.455881,-0.176511,0.130629
-0.547857,-0.055679,0.046674,0.552654,117290.0221,2001-01-02 08:34:50.022 +0000,,,,-0.547857,-0.055679,0.046674
-0.39571,0.026407,0.026108,0.397448,117290.0022,2001-01-02 08:34:50.002 +0000,,,,-0.943567,-0.029272,0.072782
-0.216552,0.032877,0.00486,0.219087,117289.9822,2001-01-02 08:34:49.982 +0000,,,,-0.216552,0.032877,0.00486
0.026543,0.041525,-0.015961,0.051804,117289.9622,2001-01-02 08:34:49.962 +0000,,,,-0.190009,0.074402,-0.011101
0.291012,0.039534,-0.037678,0.296092,117289.9422,2001-01-02 08:34:49.942 +0000,,,,0.291012,0.039534,-0.037678
0.463776,0.041746,-0.055752,0.468977,117289.9222,2001-01-02 08:34:49.922 +0000,,,,0.754788,0.08128,-0.09343
0.550839,0.113182,-0.056427,0.56517,117289.9023,2001-01-02 08:34:49.902 +0000,,,,0.550839,0.113182,-0.056427
0.630438,0.177171,-0.050721,0.656821,117289.8823,2001-01-02 08:34:49.882 +0000,,,,1.181277,0.290353,-0.107148
0.790017,0.221001,-0.035873,0.82113,117289.8623,2001-01-02 08:34:49.862 +0000,,,,0.790017,0.221001,-0.035873
0.99007,0.274441,-0.023983,1.027683,117289.8423,2001-01-02 08:34:49.842 +0000,,,,1.780087,0.495442,-0.059856
1.1148,0.305353,-0.053143,1.157084,117289.8223,2001-01-02 08:34:49.822 +0000,,,,1.1148,0.305353,-0.053143
1.141195,0.355446,-0.050964,1.196355,117289.8024,2001-01-02 08:34:49.802 +0000,,,,2.255995,0.660799,-0.104107
1.206049,0.397024,-0.057051,1.270999,117289.7824,2001-01-02 08:34:49.782 +0000,,,,1.206049,0.397024,-0.057051
1.261605,0.356609,-0.046949,1.311878,117289.7624,2001-01-02 08:34:49.762 +0000,,,,2.467654,0.753633,-0.104
1.246844,0.3459,-0.065184,1.295575,117289.7424,2001-01-02 08:34:49.742 +0000,,,,1.246844,0.3459,-0.065184
1.213604,0.416127,-0.088038,1.285981,117289.7225,2001-01-02 08:34:49.722 +0000,,,,2.460448,0.762027,-0.153222
1.223443,0.388389,-0.10713,1.288074,117289.7025,2001-01-02 08:34:49.702 +0000,,,,1.223443,0.388389,-0.10713
1.292,0.302181,-0.095748,1.330317,117289.6825,2001-01-02 08:34:49.682 +0000,,,,2.515443,0.69057,-0.202878
1.36149,0.242607,-0.083363,1.385446,117289.6626,2001-01-02 08:34:49.663 +0000,,,,1.36149,0.242607,-0.083363
1.379025,0.153114,-0.092618,1.390587,117289.6426,2001-01-02 08:34:49.643 +0000,,,,2.740515,0.395721,-0.175981
1.37616,0.101941,-0.107457,1.384108,117289.6226,2001-01-02 08:34:49.623 +0000,,,,1.37616,0.101941,-0.107457
1.386505,-0.063154,-0.101596,1.391656,117289.6026,2001-01-02 08:34:49.603 +0000,,,,2.762665,0.038787,-0.209053
1.352538,-0.100448,-0.095313,1.359608,117289.5826,2001-01-02 08:34:49.583 +0000,,,,1.352538,-0.100448,-0.095313
1.26972,-0.145294,-0.112846,1.282979,117289.5626,2001-01-02 08:34:49.563 +0000,,,,2.622258,-0.245742,-0.208159
1.175146,-0.180567,-0.132622,1.196312,117289.5427,2001-01-02 08:34:49.543 +0000,,,,1.175146,-0.180567,-0.132622
1.101443,-0.147596,-0.13214,1.119117,117289.5227,2001-01-02 08:34:49.523 +0000,,,,2.276589,-0.328163,-0.264762
1.075529,-0.103886,-0.111064,1.086227,117289.5027,2001-01-02 08:34:49.503 +0000,,,,1.075529,-0.103886,-0.111064
1.012401,-0.075126,-0.093403,1.019473,117289.4827,2001-01-02 08:34:49.483 +0000,,,,2.08793,-0.179012,-0.204467
0.863252,-0.112474,-0.075075,0.87378,117289.4628,2001-01-02 08:34:49.463 +0000,,,,0.863252,-0.112474,-0.075075
0.725406,-0.277662,-0.062734,0.77926,117289.4428,2001-01-02 08:34:49.443 +0000,,,,1.588658,-0.390136,-0.137809
0.740861,-0.176429,-0.054357,0.763516,117289.4228,2001-01-02 08:34:49.423 +0000,,,,0.740861,-0.176429,-0.054357
0.815237,-0.114614,-0.064708,0.825794,117289.4028,2001-01-02 08:34:49.403 +0000,,,,1.556098,-0.291043,-0.119065
0.846662,-0.207301,-0.077067,0.875071,117289.3828,2001-01-02 08:34:49.383 +0000,,,,0.846662,-0.207301,-0.077067
0.792867,-0.306448,-0.092119,0.855005,117289.3628,2001-01-02 08:34:49.363 +0000,,,,1.639529,-0.513749,-0.169186
0.735166,-0.251146,-0.111892,0.784896,117289.3429,2001-01-02 08:34:49.343 +0000,,,,0.735166,-0.251146,-0.111892
0.711896,-0.061551,-0.114702,0.723699,117289.3229,2001-01-02 08:34:49.323 +0000,,,,1.447062,-0.312697,-0.226594
0.517211,0.081063,-0.11106,0.535175,117289.3029,2001-01-02 08:34:49.303 +0000,,,,0.517211,0.081063,-0.11106
0.004109,-0.073735,-0.093801,0.119383,117289.2829,2001-01-02 08:34:49.283 +0000,,,,0.52132,0.007328,-0.204861
-0.629981,-0.329838,-0.082425,0.715865,117289.263,2001-01-02 08:34:49.263 +0000,,,,-0.629981,-0.329838,-0.082425
-0.976062,-0.033776,-0.015043,0.976762,117289.243,2001-01-02 08:34:49.243 +0000,,,,-1.606043,-0.363614,-0.097468
-1.132402,0.511639,0.028365,1.242946,117289.223,2001-01-02 08:34:49.223 +0000,,,,-1.132402,0.511639,0.028365
-1.421818,0.586086,0.064676,1.539236,117289.203,2001-01-02 08:34:49.203 +0000,,,,-2.55422,1.097725,0.093041
-1.791994,0.276748,0.009593,1.813263,117289.183,2001-01-02 08:34:49.183 +0000,,,,-1.791994,0.276748,0.009593
-1.953211,0.040279,0.065779,1.954733,117289.1631,2001-01-02 08:34:49.163 +0000,,,,-3.745205,0.317027,0.075372
-1.845715,0.058496,0.07714,1.848252,117289.1431,2001-01-02 08:34:49.143 +0000,,,,-1.845715,0.058496,0.07714
-1.882131,0.191437,0.000668,1.891842,117289.1231,2001-01-02 08:34:49.123 +0000,,,,-3.727846,0.249933,0.077808
-2.150831,0.223181,-0.006574,2.16239,117289.1031,2001-01-02 08:34:49.103 +0000,,,,-2.150831,0.223181,-0.006574
-2.505142,0.053623,0.025688,2.505847,117289.0831,2001-01-02 08:34:49.083 +0000,,,,-4.655973,0.276804,0.019114
-2.755389,-0.045528,0.067009,2.75658,117289.0632,2001-01-02 08:34:49.063 +0000,,,,-2.755389,-0.045528,0.067009
-2.771378,0.153716,0.086662,2.77699,117289.0432,2001-01-02 08:34:49.043 +0000,,,,-5.526767,0.108188,0.153671
-2.677572,0.120821,0.110891,2.682589,117289.0232,2001-01-02 08:34:49.023 +0000,,,,-2.677572,0.120821,0.110891
-2.528236,0.051776,0.146279,2.532993,117289.0032,2001-01-02 08:34:49.003 +0000,,,,-5.205808,0.172597,0.25717
-2.40076,-0.101492,0.161447,2.408322,117288.9833,2001-01-02 08:34:48.983 +0000,,,,-2.40076,-0.101492,0.161447
-2.178735,-0.182267,0.170644,2.192995,117288.9633,2001-01-02 08:34:48.963 +0000,,,,-4.579495,-0.283759,0.332091
-1.806021,-0.076604,0.141885,1.813205,117288.9433,2001-01-02 08:34:48.943 +0000,,,,-1.806021,-0.076604,0.141885
-1.437759,0.103556,0.085113,1.443994,117288.9233,2001-01-02 08:34:48.923 +0000,,,,-3.24378,0.026952,0.226998
-1.086294,0.212365,0.042312,1.107666,117288.9033,2001-01-02 08:34:48.903 +0000,,,,-1.086294,0.212365,0.042312
-0.725974,0.205159,0.037283,0.755327,117288.8833,2001-01-02 08:34:48.883 +0000,,,,-1.812268,0.417524,0.079595
-0.386665,0.130832,0.034433,0.409649,117288.8634,2001-01-02 08:34:48.863 +0000,,,,-0.386665,0.130832,0.034433
-0.187101,0.097915,0.018773,0.212006,117288.8434,2001-01-02 08:34:48.843 +0000,,,,-0.573766,0.228747,0.053206
-0.064147,0.024488,0.013391,0.069956,117288.8234,2001-01-02 08:34:48.823 +0000,,,,-0.064147,0.024488,0.013391
0.102205,0.023513,0.000626,0.104877,117288.8035,2001-01-02 08:34:48.803 +0000,,,,0.038058,0.048001,0.014017
0.298044,-0.125516,-0.012607,0.323641,117288.7835,2001-01-02 08:34:48.783 +0000,,,,0.298044,-0.125516,-0.012607
0.445686,-0.202187,-0.044526,0.491425,117288.7635,2001-01-02 08:34:48.763 +0000,,,,0.74373,-0.327703,-0.057133
0.528493,-0.140326,-0.038792,0.54818,117288.7435,2001-01-02 08:34:48.744 +0000,,,,0.528493,-0.140326,-0.038792
0.562045,-0.020996,-0.041027,0.563931,117288.7235,2001-01-02 08:34:48.724 +0000,,,,1.090538,-0.161322,-0.079819
0.641681,0.04723,-0.044949,0.644985,117288.7035,2001-01-02 08:34:48.704 +0000,,,,0.641681,0.04723,-0.044949
0.768579,0.050486,-0.057992,0.772415,117288.6836,2001-01-02 08:34:48.684 +0000,,,,1.41026,0.097716,-0.102941
0.849854,-0.016546,-0.049782,0.851471,117288.6636,2001-01-02 08:34:48.664 +0000,,,,0.849854,-0.016546,-0.049782
0.858126,0.010145,-0.028429,0.858656,117288.6436,2001-01-02 08:34:48.644 +0000,,,,1.70798,-0.006401,-0.078211
0.859951,0.092138,-0.04253,0.865918,117288.6237,2001-01-02 08:34:48.624 +0000,,,,0.859951,0.092138,-0.04253
0.92536,0.030358,-0.059017,0.927737,117288.6037,2001-01-02 08:34:48.604 +0000,,,,1.785311,0.122496,-0.101547
1.053601,-0.015405,-0.079397,1.056701,117288.5837,2001-01-02 08:34:48.584 +0000,,,,1.053601,-0.015405,-0.079397
1.17529,-0.110014,-0.03451,1.180932,117288.5637,2001-01-02 08:34:48.564 +0000,,,,2.228891,-0.125419,-0.113907
1.233627,-0.074768,-0.014979,1.235982,117288.5437,2001-01-02 08:34:48.544 +0000,,,,1.233627,-0.074768,-0.014979
1.322156,-0.133203,0.021038,1.329015,117288.5237,2001-01-02 08:34:48.524 +0000,,,,2.555783,-0.207971,0.006059
1.40152,-0.23754,0.021858,1.421676,117288.5038,2001-01-02 08:34:48.504 +0000,,,,1.40152,-0.23754,0.021858
1.537512,-0.368472,0.020994,1.581188,117288.4838,2001-01-02 08:34:48.484 +0000,,,,2.939032,-0.606012,0.042852
1.721535,-0.539796,0.040866,1.804642,117288.4638,2001-01-02 08:34:48.464 +0000,,,,1.721535,-0.539796,0.040866
1.814207,-0.777234,0.06137,1.97464,117288.4439,2001-01-02 08:34:48.444 +0000,,,,3.535742,-1.31703,0.102236
1.883605,-0.838895,0.090856,2.063969,117288.4239,2001-01-02 08:34:48.424 +0000,,,,1.883605,-0.838895,0.090856
1.950381,-0.730249,0.066436,2.083666,117288.4039,2001-01-02 08:34:48.404 +0000,,,,3.833986,-1.569144,0.157292
1.938563,-0.662177,0.027705,2.048725,117288.3839,2001-01-02 08:34:48.384 +0000,,,,1.938563,-0.662177,0.027705
1.885938,-0.573807,0.023904,1.971443,117288.3639,2001-01-02 08:34:48.364 +0000,,,,3.824501,-1.235984,0.051609
1.864658,-0.596164,0.035575,1.957965,117288.3439,2001-01-02 08:34:48.344 +0000,,,,1.864658,-0.596164,0.035575
1.79284,-0.540763,0.059515,1.873564,117288.324,2001-01-02 08:34:48.324 +0000,,,,3.657498,-1.136927,0.09509
1.659743,-0.386313,0.092389,1.706611,117288.304,2001-01-02 08:34:48.304 +0000,,,,1.659743,-0.386313,0.092389
1.455174,-0.164912,0.081859,1.466775,117288.284,2001-01-02 08:34:48.284 +0000,,,,3.114917,-0.551225,0.174248
1.233715,-0.157731,0.036536,1.244294,117288.264,2001-01-02 08:34:48.264 +0000,,,,1.233715,-0.157731,0.036536
0.992847,-0.115386,0.000603,0.99953,117288.2441,2001-01-02 08:34:48.244 +0000,,,,2.226562,-0.273117,0.037139
0.790481,-0.099647,-0.036066,0.797552,117288.2241,2001-01-02 08:34:48.224 +0000,,,,0.790481,-0.099647,-0.036066
0.590337,-0.128596,-0.052298,0.60644,117288.2041,2001-01-02 08:34:48.204 +0000,,,,1.380818,-0.228243,-0.088364
0.406912,-0.127626,-0.036442,0.428012,117288.1841,2001-01-02 08:34:48.184 +0000,,,,0.406912,-0.127626,-0.036442
0.268872,-0.027562,-0.024823,0.271419,117288.1641,2001-01-02 08:34:48.164 +0000,,,,0.675784,-0.155188,-0.061265
0.189658,0.02887,-0.012689,0.192262,117288.1441,2001-01-02 08:34:48.144 +0000,,,,0.189658,0.02887,-0.012689
0.105348,0.03098,0.003832,0.109876,117288.1242,2001-01-02 08:34:48.124 +0000,,,,0.295006,0.05985,-0.008857
-0.032937,-0.025583,0.003053,0.041817,117288.1042,2001-01-02 08:34:48.104 +0000,,,,-0.032937,-0.025583,0.003053
-0.152992,-0.089621,-0.010406,0.177614,117288.0842,2001-01-02 08:34:48.084 +0000,,,,-0.185929,-0.115204,-0.007353
-0.162507,-0.084345,-0.02758,0.185158,117288.0642,2001-01-02 08:34:48.064 +0000,,,,-0.162507,-0.084345,-0.02758
-0.151024,-0.031078,-0.029785,0.157039,117288.0443,2001-01-02 08:34:48.044 +0000,,,,-0.313531,-0.115423,-0.057365
-0.175212,0.14357,-0.045382,0.231022,117288.0243,2001-01-02 08:34:48.024 +0000,,,,-0.175212,0.14357,-0.045382
-0.272126,0.136025,-0.052426,0.308713,117288.0043,2001-01-02 08:34:48.004 +0000,,,,-0.447338,0.279595,-0.097808
-0.405161,0.09332,-0.051071,0.418894,117287.9843,2001-01-02 08:34:47.984 +0000,,,,-0.405161,0.09332,-0.051071
-0.477787,0.140108,-0.063442,0.501932,117287.9643,2001-01-02 08:34:47.964 +0000,,,,-0.882948,0.233428,-0.114513
-0.480231,0.181699,-0.044338,0.515366,117287.9444,2001-01-02 08:34:47.944 +0000,,,,-0.480231,0.181699,-0.044338
-0.57139,0.126138,-0.084337,0.591194,117287.9244,2001-01-02 08:34:47.924 +0000,,,,-1.051621,0.307837,-0.128675
-0.693712,0.003237,-0.206639,0.723841,117287.9044,2001-01-02 08:34:47.904 +0000,,,,-0.693712,0.003237,-0.206639
-0.811066,0.078681,-0.248239,0.851846,117287.8844,2001-01-02 08:34:47.884 +0000,,,,-1.504778,0.081918,-0.454878
-0.887926,0.077612,-0.227385,0.919859,117287.8644,2001-01-02 08:34:47.864 +0000,,,,-0.887926,0.077612,-0.227385
-0.939837,-0.024621,-0.198608,0.960908,117287.8445,2001-01-02 08:34:47.844 +0000,,,,-1.827763,0.052991,-0.425993
-0.996527,0.068979,-0.239848,1.027303,117287.8245,2001-01-02 08:34:47.825 +0000,,,,-0.996527,0.068979,-0.239848
-1.143101,0.224324,-0.271178,1.196051,117287.8045,2001-01-02 08:34:47.805 +0000,,,,-2.139628,0.293303,-0.511026
-1.40375,0.295608,-0.23039,1.45292,117287.7845,2001-01-02 08:34:47.785 +0000,,,,-1.40375,0.295608,-0.23039
-1.63366,0.430775,-0.212007,1.702751,117287.7646,2001-01-02 08:34:47.765 +0000,,,,-3.03741,0.726383,-0.442397
-1.710393,0.439221,-0.220028,1.779543,117287.7446,2001-01-02 08:34:47.745 +0000,,,,-1.710393,0.439221,-0.220028
-1.836339,0.302674,-0.260041,1.879195,117287.7246,2001-01-02 08:34:47.725 +0000,,,,-3.546732,0.741895,-0.480069
-1.981733,0.149212,-0.242441,2.002076,117287.7046,2001-01-02 08:34:47.705 +0000,,,,-1.981733,0.149212,-0.242441
-1.977953,0.367808,-0.157529,2.018018,117287.6846,2001-01-02 08:34:47.685 +0000,,,,-3.959686,0.51702,-0.39997
-1.888346,0.520318,-0.113529,1.962006,117287.6647,2001-01-02 08:34:47.665 +0000,,,,-1.888346,0.520318,-0.113529
-1.887906,0.442524,-0.125069,1.943106,117287.6447,2001-01-02 08:34:47.645 +0000,,,,-3.776252,0.962842,-0.238598
-1.893076,0.386106,-0.106786,1.934998,117287.6247,2001-01-02 08:34:47.625 +0000,,,,-1.893076,0.386106,-0.106786
-1.82891,0.320148,-0.090146,1.858906,117287.6047,2001-01-02 08:34:47.605 +0000,,,,-3.721986,0.706254,-0.196932
-1.698389,0.204156,-0.079333,1.712454,117287.5848,2001-01-02 08:34:47.585 +0000,,,,-1.698389,0.204156,-0.079333
-1.492268,0.102071,-0.066979,1.497254,117287.5648,2001-01-02 08:34:47.565 +0000,,,,-3.190657,0.306227,-0.146312
-1.309043,0.120321,-0.064724,1.316154,117287.5448,2001-01-02 08:34:47.545 +0000,,,,-1.309043,0.120321,-0.064724
-1.223219,0.217343,-0.056929,1.243681,117287.5248,2001-01-02 08:34:47.525 +0000,,,,-2.532262,0.337664,-0.121653
-1.130339,0.193958,-0.063718,1.148627,117287.5049,2001-01-02 08:34:47.505 +0000,,,,-1.130339,0.193958,-0.063718
-1.020784,0.251543,-0.071683,1.053761,117287.4849,2001-01-02 08:34:47.485 +0000,,,,-2.151123,0.445501,-0.135401
-0.889807,0.230427,-0.034413,0.919802,117287.4649,2001-01-02 08:34:47.465 +0000,,,,-0.889807,0.230427,-0.034413
-0.787053,0.094238,0.001912,0.792677,117287.4449,2001-01-02 08:34:47.445 +0000,,,,-1.67686,0.324665,-0.032501
-0.71667,0.105968,-0.013673,0.724591,117287.4249,2001-01-02 08:34:47.425 +0000,,,,-0.71667,0.105968,-0.013673
-0.625259,0.184813,-0.03464,0.65292,117287.405,2001-01-02 08:34:47.405 +0000,,,,-1.341929,0.290781,-0.048313
-0.503483,0.133758,-0.039022,0.522407,117287.385,2001-01-02 08:34:47.385 +0000,,,,-0.503483,0.133758,-0.039022
-0.361745,0.13387,-0.035929,0.38739,117287.365,2001-01-02 08:34:47.365 +0000,,,,-0.865228,0.267628,-0.074951
-0.244742,0.237182,-0.078161,0.349661,117287.345,2001-01-02 08:34:47.345 +0000,,,,-0.244742,0.237182,-0.078161
-0.109431,0.262818,-0.090139,0.298619,117287.325,2001-01-02 08:34:47.325 +0000,,,,-0.354173,0.5,-0.1683
0.074684,0.108465,-0.099162,0.16485,117287.3051,2001-01-02 08:34:47.305 +0000,,,,0.074684,0.108465,-0.099162
0.276744,-0.030917,-0.091009,0.292961,117287.2851,2001-01-02 08:34:47.285 +0000,,,,0.351428,0.077548,-0.190171
0.411456,0.138494,-0.117273,0.449699,117287.2651,2001-01-02 08:34:47.265 +0000,,,,0.411456,0.138494,-0.117273
0.49901,0.373896,-0.152583,0.641943,117287.2451,2001-01-02 08:34:47.245 +0000,,,,0.910466,0.51239,-0.269856
0.632283,0.300618,-0.101264,0.707395,117287.2251,2001-01-02 08:34:47.225 +0000,,,,0.632283,0.300618,-0.101264
0.750541,0.233747,-0.039379,0.787083,117287.2052,2001-01-02 08:34:47.205 +0000,,,,1.382824,0.534365,-0.140643
0.838758,0.289199,-0.04214,0.888216,117287.1852,2001-01-02 08:34:47.185 +0000,,,,0.838758,0.289199,-0.04214
0.910223,0.293482,-0.054491,0.957918,117287.1652,2001-01-02 08:34:47.165 +0000,,,,1.748981,0.582681,-0.096631
0.96826,0.241228,-0.093493,1.002228,117287.1452,2001-01-02 08:34:47.145 +0000,,,,0.96826,0.241228,-0.093493
1.010487,0.176132,-0.151799,1.036894,117287.1252,2001-01-02 08:34:47.125 +0000,,,,1.978747,0.41736,-0.245292
1.055914,0.10891,-0.209009,1.081897,117287.1053,2001-01-02 08:34:47.105 +0000,,,,1.055914,0.10891,-0.209009
1.082718,0.072716,-0.206593,1.104648,117287.0853,2001-01-02 08:34:47.085 +0000,,,,2.138632,0.181626,-0.415602
1.012388,0.041827,-0.184545,1.02992,117287.0653,2001-01-02 08:34:47.065 +0000,,,,1.012388,0.041827,-0.184545
0.958602,0.089836,-0.140161,0.972951,117287.0453,2001-01-02 08:34:47.045 +0000,,,,1.97099,0.131663,-0.324706
0.987103,0.130372,-0.126188,1.00364,117287.0254,2001-01-02 08:34:47.025 +0000,,,,0.987103,0.130372,-0.126188
1.086337,0.088935,-0.111515,1.095661,117287.0054,2001-01-02 08:34:47.005 +0000,,,,2.07344,0.219307,-0.237703
1.196188,0.061345,-0.101082,1.202018,117286.9854,2001-01-02 08:34:46.985 +0000,,,,1.196188,0.061345,-0.101082
1.27529,0.012402,-0.100415,1.279297,117286.9654,2001-01-02 08:34:46.965 +0000,,,,2.471478,0.073747,-0.201497
1.342918,-0.117454,-0.077167,1.350251,117286.9454,2001-01-02 08:34:46.945 +0000,,,,1.342918,-0.117454,-0.077167
1.493818,-0.268569,-0.05971,1.518943,117286.9254,2001-01-02 08:34:46.925 +0000,,,,2.836736,-0.386023,-0.136877
1.661249,-0.249349,-0.090688,1.682304,117286.9055,2001-01-02 08:34:46.905 +0000,,,,1.661249,-0.249349,-0.090688
1.798162,-0.372777,-0.073401,1.837862,117286.8855,2001-01-02 08:34:46.885 +0000,,,,3.459411,-0.622126,-0.164089
1.897407,-0.466313,-0.019051,1.953961,117286.8655,2001-01-02 08:34:46.866 +0000,,,,1.897407,-0.466313,-0.019051
2.032029,-0.296864,-0.030357,2.053823,117286.8456,2001-01-02 08:34:46.846 +0000,,,,3.929436,-0.763177,-0.049408
2.05942,-0.116592,0.058024,2.063533,117286.8256,2001-01-02 08:34:46.826 +0000,,,,2.05942,-0.116592,0.058024
2.102463,-0.344247,0.171127,2.137321,117286.8056,2001-01-02 08:34:46.806 +0000,,,,4.161883,-0.460839,0.229151
2.219949,-0.442072,0.208515,2.273121,117286.7856,2001-01-02 08:34:46.786 +0000,,,,2.219949,-0.442072,0.208515
2.213188,-0.305841,0.161085,2.240019,117286.7656,2001-01-02 08:34:46.766 +0000,,,,4.433137,-0.747913,0.3696
2.076176,-0.12815,0.116937,2.083412,117286.7456,2001-01-02 08:34:46.746 +0000,,,,2.076176,-0.12815,0.116937
1.875521,0.181642,0.094439,1.886662,117286.7257,2001-01-02 08:34:46.726 +0000,,,,3.951697,0.053492,0.211376
1.682404,0.476523,0.070964,1.750027,117286.7057,2001-01-02 08:34:46.706 +0000,,,,1.682404,0.476523,0.070964
1.509773,0.349421,-0.012131,1.549728,117286.6857,2001-01-02 08:34:46.686 +0000,,,,3.192177,0.825944,0.058833
1.261687,0.190278,-0.106333,1.280377,117286.6658,2001-01-02 08:34:46.666 +0000,,,,1.261687,0.190278,-0.106333
0.950771,0.141016,-0.118983,0.968508,117286.6458,2001-01-02 08:34:46.646 +0000,,,,2.212458,0.331294,-0.225316
0.730246,0.109979,-0.111838,0.746902,117286.6258,2001-01-02 08:34:46.626 +0000,,,,0.730246,0.109979,-0.111838
0.549235,0.070434,-0.110815,0.564713,117286.6058,2001-01-02 08:34:46.606 +0000,,,,1.279481,0.180413,-0.222653
0.414988,0.043736,-0.097758,0.428585,117286.5859,2001-01-02 08:34:46.586 +0000,,,,0.414988,0.043736,-0.097758
0.285939,0.019224,-0.06437,0.293724,117286.5659,2001-01-02 08:34:46.566 +0000,,,,0.700927,0.06296,-0.162128
0.16524,0.03838,-0.036387,0.173497,117286.5459,2001-01-02 08:34:46.546 +0000,,,,0.16524,0.03838,-0.036387
0.10468,0.006361,-0.04312,0.113392,117286.5259,2001-01-02 08:34:46.526 +0000,,,,0.26992,0.044741,-0.079507
0.045287,-0.046963,-0.049787,0.082068,117286.5059,2001-01-02 08:34:46.506 +0000,,,,0.045287,-0.046963,-0.049787
-0.034138,0.020188,-0.01097,0.04115,117286.486,2001-01-02 08:34:46.486 +0000,,,,0.011149,-0.026775,-0.060757
-0.153653,0.021222,0.011727,0.155554,117286.466,2001-01-02 08:34:46.466 +0000,,,,-0.153653,0.021222,0.011727
-0.289744,-0.06726,0.026009,0.298583,117286.446,2001-01-02 08:34:46.446 +0000,,,,-0.443397,-0.046038,0.037736
-0.417569,-0.056754,0.004816,0.421436,117286.426,2001-01-02 08:34:46.426 +0000,,,,-0.417569,-0.056754,0.004816
-0.455596,0.10512,-0.00336,0.467578,117286.406,2001-01-02 08:34:46.406 +0000,,,,-0.873165,0.048366,0.001456
-0.40251,0.106308,0.030118,0.4174,117286.3861,2001-01-02 08:34:46.386 +0000,,,,-0.40251,0.106308,0.030118
-0.36369,-0.008672,0.046721,0.366782,117286.3661,2001-01-02 08:34:46.366 +0000,,,,-0.7662,0.097636,0.076839
-0.376652,0.047737,0.030452,0.380885,117286.3461,2001-01-02 08:34:46.346 +0000,,,,-0.376652,0.047737,0.030452
-0.392894,0.109495,0.023764,0.408558,117286.3261,2001-01-02 08:34:46.326 +0000,,,,-0.769546,0.157232,0.054216
-0.405292,0.039154,0.014255,0.407429,117286.3061,2001-01-02 08:34:46.306 +0000,,,,-0.405292,0.039154,0.014255
-0.469768,-0.036603,-0.015893,0.47146,117286.2862,2001-01-02 08:34:46.286 +0000,,,,-0.87506,0.002551,-0.001638
-0.557331,0.028254,-0.040167,0.559491,117286.2662,2001-01-02 08:34:46.266 +0000,,,,-0.557331,0.028254,-0.040167
-0.61733,0.052793,-0.007515,0.619629,117286.2462,2001-01-02 08:34:46.246 +0000,,,,-1.174661,0.081047,-0.047682
-0.641036,0.076272,0.016837,0.645777,117286.2262,2001-01-02 08:34:46.226 +0000,,,,-0.641036,0.076272,0.016837
-0.692028,0.035764,0.020877,0.693266,117286.2062,2001-01-02 08:34:46.206 +0000,,,,-1.333064,0.112036,0.037714
-0.781635,0.048488,0.023443,0.783488,117286.1863,2001-01-02 08:34:46.186 +0000,,,,-0.781635,0.048488,0.023443
-0.824641,0.10177,0.04331,0.832025,117286.1663,2001-01-02 08:34:46.166 +0000,,,,-1.606276,0.150258,0.066753
-0.82973,0.007046,0.078794,0.833493,117286.1463,2001-01-02 08:34:46.146 +0000,,,,-0.82973,0.007046,0.078794
-0.861161,-0.008089,-0.000447,0.861199,117286.1263,2001-01-02 08:34:46.126 +0000,,,,-1.690891,-0.001043,0.078347
-0.918799,0.07164,-0.050204,0.922954,117286.1064,2001-01-02 08:34:46.106 +0000,,,,-0.918799,0.07164,-0.050204
-1.094944,0.157744,-0.071929,1.108584,117286.0864,2001-01-02 08:34:46.086 +0000,,,,-2.013743,0.229384,-0.122133
-1.269564,0.094816,-0.051566,1.274144,117286.0664,2001-01-02 08:34:46.066 +0000,,,,-1.269564,0.094816,-0.051566
-1.44819,-0.012876,-0.038588,1.448761,117286.0464,2001-01-02 08:34:46.046 +0000,,,,-2.717754,0.08194,-0.090154
-1.597165,-0.053486,-0.046963,1.59875,117286.0264,2001-01-02 08:34:46.026 +0000,,,,-1.597165,-0.053486,-0.046963
-1.656067,-0.004507,-0.038945,1.656531,117286.0065,2001-01-02 08:34:46.006 +0000,,,,-3.253232,-0.057993,-0.085908
-1.625525,0.045637,-0.017505,1.62626,117285.9865,2001-01-02 08:34:45.986 +0000,,,,-1.625525,0.045637,-0.017505
-1.600455,0.128795,0.001671,1.60563,117285.9665,2001-01-02 08:34:45.967 +0000,,,,-3.22598,0.174432,-0.015834
-1.564305,0.100153,0.039391,1.568003,117285.9465,2001-01-02 08:34:45.947 +0000,,,,-1.564305,0.100153,0.039391
-1.489578,-0.156507,0.045935,1.498482,117285.9266,2001-01-02 08:34:45.927 +0000,,,,-3.053883,-0.056354,0.085326
-1.467394,-0.254663,-0.020964,1.489476,117285.9066,2001-01-02 08:34:45.907 +0000,,,,-1.467394,-0.254663,-0.020964
-1.49445,-0.009541,0.030544,1.494792,117285.8866,2001-01-02 08:34:45.887 +0000,,,,-2.961844,-0.264204,0.00958
-1.449697,0.187626,0.053817,1.462779,117285.8666,2001-01-02 08:34:45.867 +0000,,,,-1.449697,0.187626,0.053817
-1.478281,0.137555,0.06124,1.485929,117285.8466,2001-01-02 08:34:45.847 +0000,,,,-2.927978,0.325181,0.115057
-1.567911,-0.038334,0.039743,1.568883,117285.8266,2001-01-02 08:34:45.827 +0000,,,,-1.567911,-0.038334,0.039743
-1.752434,-0.026274,0.230797,1.767762,117285.8067,2001-01-02 08:34:45.807 +0000,,,,-3.320345,-0.064608,0.27054
-1.749927,0.045247,0.289387,1.774271,117285.7867,2001-01-02 08:34:45.787 +0000,,,,-1.749927,0.045247,0.289387
-1.603761,0.126093,0.200399,1.621144,117285.7667,2001-01-02 08:34:45.767 +0000,,,,-3.353688,0.17134,0.489786
-1.421762,0.081237,0.101309,1.42768,117285.7467,2001-01-02 08:34:45.747 +0000,,,,-1.421762,0.081237,0.101309
-1.273311,0.100358,0.036012,1.277767,117285.7268,2001-01-02 08:34:45.727 +0000,,,,-2.695073,0.181595,0.137321
-1.185756,0.089726,0.018467,1.18929,117285.7068,2001-01-02 08:34:45.707 +0000,,,,-1.185756,0.089726,0.018467
-1.016173,0.007939,0.064711,1.018263,117285.6868,2001-01-02 08:34:45.687 +0000,,,,-2.201929,0.097665,0.083178
-0.80651,0.040116,0.090614,0.812575,117285.6669,2001-01-02 08:34:45.667 +0000,,,,-0.80651,0.040116,0.090614
-0.628709,0.115811,0.062758,0.642359,117285.6469,2001-01-02 08:34:45.647 +0000,,,,-1.435219,0.155927,0.153372
-0.480359,0.105206,0.038144,0.493222,117285.6269,2001-01-02 08:34:45.627 +0000,,,,-0.480359,0.105206,0.038144
-0.329601,0.019002,0.027642,0.331304,117285.6069,2001-01-02 08:34:45.607 +0000,,,,-0.80996,0.124208,0.065786
-0.260735,0.120225,0.016078,0.287568,117285.5869,2001-01-02 08:34:45.587 +0000,,,,-0.260735,0.120225,0.016078
-0.247842,0.095739,0.018369,0.266325,117285.567,2001-01-02 08:34:45.567 +0000,,,,-0.508577,0.215964,0.034447
-0.19216,0.012746,0.041409,0.196984,117285.547,2001-01-02 08:34:45.547 +0000,,,,-0.19216,0.012746,0.041409
-0.065245,-0.041416,0.071262,0.105121,117285.527,2001-01-02 08:34:45.527 +0000,,,,-0.257405,-0.02867,0.112671
0.078955,-0.125429,0.086355,0.171533,117285.507,2001-01-02 08:34:45.507 +0000,,,,0.078955,-0.125429,0.086355
0.179554,-0.182937,0.063683,0.264123,117285.487,2001-01-02 08:34:45.487 +0000,,,,0.258509,-0.308366,0.150038
0.256377,-0.170157,0.039591,0.310242,117285.4671,2001-01-02 08:34:45.467 +0000,,,,0.256377,-0.170157,0.039591
0.353384,-0.144577,0.016668,0.382179,117285.4471,2001-01-02 08:34:45.447 +0000,,,,0.609761,-0.314734,0.056259
0.454631,-0.122173,0.000195,0.47076,117285.4271,2001-01-02 08:34:45.427 +0000,,,,0.454631,-0.122173,0.000195
0.51522,-0.077408,-0.008066,0.521065,117285.4071,2001-01-02 08:34:45.407 +0000,,,,0.969851,-0.199581,-0.007871
0.542795,-0.052878,-0.004741,0.545385,117285.3872,2001-01-02 08:34:45.387 +0000,,,,0.542795,-0.052878,-0.004741
0.592807,-0.040049,-0.001233,0.59416,117285.3672,2001-01-02 08:34:45.367 +0000,,,,1.135602,-0.092927,-0.005974
0.673563,0.03985,-0.023344,0.675144,117285.3472,2001-01-02 08:34:45.347 +0000,,,,0.673563,0.03985,-0.023344
0.711841,0.100517,-0.056374,0.72111,117285.3272,2001-01-02 08:34:45.327 +0000,,,,1.385404,0.140367,-0.079718
0.679244,0.050339,-0.09065,0.687113,117285.3072,2001-01-02 08:34:45.307 +0000,,,,0.679244,0.050339,-0.09065
0.645409,-0.009336,-0.088579,0.651526,117285.2872,2001-01-02 08:34:45.287 +0000,,,,1.324653,0.041003,-0.179229
0.688977,-0.035828,-0.045473,0.691405,117285.2673,2001-01-02 08:34:45.267 +0000,,,,0.688977,-0.035828,-0.045473
0.763447,-0.032526,-0.024678,0.764537,117285.2473,2001-01-02 08:34:45.247 +0000,,,,1.452424,-0.068354,-0.070151
0.853935,0.037754,-0.062724,0.857068,117285.2273,2001-01-02 08:34:45.227 +0000,,,,0.853935,0.037754,-0.062724
0.90788,0.041155,0.003878,0.90882,117285.2073,2001-01-02 08:34:45.207 +0000,,,,1.761815,0.078909,-0.058846
1.045382,0.022116,0.01768,1.045765,117285.1874,2001-01-02 08:34:45.187 +0000,,,,1.045382,0.022116,0.01768
1.198397,-0.141749,0.048008,1.207706,117285.1674,2001-01-02 08:34:45.167 +0000,,,,2.243779,-0.119633,0.065688
1.374034,-0.298254,0.032522,1.406408,117285.1474,2001-01-02 08:34:45.147 +0000,,,,1.374034,-0.298254,0.032522
1.506037,-0.470766,0.018923,1.578013,117285.1274,2001-01-02 08:34:45.127 +0000,,,,2.880071,-0.76902,0.051445
1.574959,-0.421661,0.039556,1.630908,117285.1074,2001-01-02 08:34:45.107 +0000,,,,1.574959,-0.421661,0.039556
1.728266,-0.427855,0.073731,1.781965,117285.0874,2001-01-02 08:34:45.087 +0000,,,,3.303225,-0.849516,0.113287
1.87608,-0.61304,0.099808,1.976222,117285.0675,2001-01-02 08:34:45.067 +0000,,,,1.87608,-0.61304,0.099808
1.955056,-0.628973,0.095042,2.055939,117285.0475,2001-01-02 08:34:45.047 +0000,,,,3.831136,-1.242013,0.19485
1.901751,-0.702365,0.155787,2.033284,117285.0275,2001-01-02 08:34:45.028 +0000,,,,1.901751,-0.702365,0.155787
1.832227,-0.812882,0.284908,2.0246,117285.0076,2001-01-02 08:34:45.008 +0000,,,,3.733978,-1.515247,0.440695
1.852677,-0.703,0.342447,2.010943,117284.9876,2001-01-02 08:34:44.988 +0000,,,,1.852677,-0.703,0.342447
1.925654,-0.452868,0.237545,1.992401,117284.9676,2001-01-02 08:34:44.968 +0000,,,,3.778331,-1.155868,0.579992
1.948482,-0.397753,0.118945,1.99222,117284.9476,2001-01-02 08:34:44.948 +0000,,,,1.948482,-0.397753,0.118945
1.848188,-0.100718,0.077926,1.85257,117284.9276,2001-01-02 08:34:44.928 +0000,,,,3.79667,-0.498471,0.196871
1.642356,0.187744,0.046903,1.653718,117284.9076,2001-01-02 08:34:44.908 +0000,,,,1.642356,0.187744,0.046903
1.377395,0.357919,0.016871,1.423239,117284.8877,2001-01-02 08:34:44.888 +0000,,,,3.019751,0.545663,0.063774
1.041926,0.327792,-0.004544,1.092281,117284.8677,2001-01-02 08:34:44.868 +0000,,,,1.041926,0.327792,-0.004544
0.738586,0.232771,0.000078,0.774397,117284.8477,2001-01-02 08:34:44.848 +0000,,,,1.780512,0.560563,-0.004466
0.537672,0.118645,0.002238,0.550612,117284.8277,2001-01-02 08:34:44.828 +0000,,,,0.537672,0.118645,0.002238
0.42068,0.074865,-0.004844,0.427318,117284.8078,2001-01-02 08:34:44.808 +0000,,,,0.958352,0.19351,-0.002606
0.320611,0.059858,-0.012958,0.326408,117284.7878,2001-01-02 08:34:44.788 +0000,,,,0.320611,0.059858,-0.012958
0.231223,0.033154,-0.015626,0.23411,117284.7678,2001-01-02 08:34:44.768 +0000,,,,0.551834,0.093012,-0.028584
0.189838,-0.000974,-0.019018,0.190791,117284.7478,2001-01-02 08:34:44.748 +0000,,,,0.189838,-0.000974,-0.019018
0.163188,0.000072,-0.019201,0.164314,117284.7278,2001-01-02 08:34:44.728 +0000,,,,0.353026,-0.000902,-0.038219
0.159787,0.030986,-0.009691,0.163052,117284.7079,2001-01-02 08:34:44.708 +0000,,,,0.159787,0.030986,-0.009691
0.148089,0.030966,-0.014044,0.151942,117284.6879,2001-01-02 08:34:44.688 +0000,,,,0.307876,0.061952,-0.023735
0.119519,0.007469,-0.030201,0.123502,117284.6679,2001-01-02 08:34:44.668 +0000,,,,0.119519,0.007469,-0.030201
0.093954,0.013823,-0.03787,0.102238,117284.648,2001-01-02 08:34:44.648 +0000,,,,0.213473,0.021292,-0.068071
0.057686,0.00424,-0.025266,0.06312,117284.628,2001-01-02 08:34:44.628 +0000,,,,0.057686,0.00424,-0.025266
0.029788,0.018119,-0.005191,0.03525,117284.608,2001-01-02 08:34:44.608 +0000,,,,0.087474,0.022359,-0.030457
0.035078,0.017076,0.002327,0.039082,117284.588,2001-01-02 08:34:44.588 +0000,,,,0.035078,0.017076,0.002327
0.005325,0.002132,-0.001038,0.005829,117284.568,2001-01-02 08:34:44.568 +0000,,,,0.040403,0.019208,0.001289
-0.033017,-0.002161,-0.002354,0.033171,117284.548,2001-01-02 08:34:44.548 +0000,,,,-0.033017,-0.002161,-0.002354
-0.026593,-0.014926,0.003067,0.030649,117284.5281,2001-01-02 08:34:44.528 +0000,,,,-0.05961,-0.017087,0.000713
-0.014933,-0.009575,0.009542,0.020142,117284.5081,2001-01-02 08:34:44.508 +0000,,,,-0.014933,-0.009575,0.009542
-0.036264,-0.021279,0.021183,0.047081,117284.4881,2001-01-02 08:34:44.488 +0000,,,,-0.051197,-0.030854,0.030725
-0.091528,-0.063913,0.028406,0.115191,117284.4681,2001-01-02 08:34:44.468 +0000,,,,-0.091528,-0.063913,0.028406
-0.121424,-0.05647,0.031389,0.137543,117284.4482,2001-01-02 08:34:44.448 +0000,,,,-0.212952,-0.120383,0.059795
-0.1332,-0.026689,0.01627,0.136819,117284.4282,2001-01-02 08:34:44.428 +0000,,,,-0.1332,-0.026689,0.01627
-0.141519,-0.044855,-0.004039,0.148513,117284.4082,2001-01-02 08:34:44.408 +0000,,,,-0.274719,-0.071544,0.012231
-0.179667,-0.077934,-0.014891,0.196407,117284.3882,2001-01-02 08:34:44.388 +0000,,,,-0.179667,-0.077934,-0.014891
-0.273949,0.040211,-0.027602,0.278257,117284.3682,2001-01-02 08:34:44.368 +0000,,,,-0.453616,-0.037723,-0.042493
-0.342211,0.045497,-0.023803,0.346041,117284.3483,2001-01-02 08:34:44.348 +0000,,,,-0.342211,0.045497,-0.023803
-0.358628,-0.085549,-0.025695,0.369585,117284.3283,2001-01-02 08:34:44.328 +0000,,,,-0.700839,-0.040052,-0.049498
-0.432305,-0.056842,-0.02627,0.436816,117284.3083,2001-01-02 08:34:44.308 +0000,,,,-0.432305,-0.056842,-0.02627
-0.470402,0.079545,-0.002322,0.477086,117284.2883,2001-01-02 08:34:44.288 +0000,,,,-0.902707,0.022703,-0.028592
-0.446838,0.045493,0.005409,0.44918,117284.2684,2001-01-02 08:34:44.268 +0000,,,,-0.446838,0.045493,0.005409
-0.429969,-0.098388,-0.02721,0.441921,117284.2484,2001-01-02 08:34:44.248 +0000,,,,-0.876807,-0.052895,-0.021801
-0.486307,-0.101682,-0.05002,0.499336,117284.2284,2001-01-02 08:34:44.228 +0000,,,,-0.486307,-0.101682,-0.05002
-0.568361,0.129401,-0.058681,0.585852,117284.2084,2001-01-02 08:34:44.208 +0000,,,,-1.054668,0.027719,-0.108701
-0.612108,0.110252,-0.035417,0.622966,117284.1884,2001-01-02 08:34:44.188 +0000,,,,-0.612108,0.110252,-0.035417
-0.665889,-0.012292,-0.034379,0.666889,117284.1685,2001-01-02 08:34:44.168 +0000,,,,-1.277997,0.09796,-0.069796
-0.76735,0.00792,-0.015885,0.767556,117284.1485,2001-01-02 08:34:44.148 +0000,,,,-0.76735,0.00792,-0.015885
-0.811183,0.037712,-0.017331,0.812244,117284.1285,2001-01-02 08:34:44.128 +0000,,,,-1.578533,0.045632,-0.033216
-0.827392,0.069687,-0.005773,0.830342,117284.1085,2001-01-02 08:34:44.108 +0000,,,,-0.827392,0.069687,-0.005773
-0.858315,0.057976,0.005804,0.860291,117284.0885,2001-01-02 08:34:44.089 +0000,,,,-1.685707,0.127663,3.1E-05
-0.93574,-0.048556,0.026941,0.937386,117284.0686,2001-01-02 08:34:44.069 +0000,,,,-0.93574,-0.048556,0.026941
-0.973123,-0.035793,0.029859,0.974239,117284.0486,2001-01-02 08:34:44.049 +0000,,,,-1.908863,-0.084349,0.0568
-0.951618,-0.094329,0.045123,0.957346,117284.0286,2001-01-02 08:34:44.029 +0000,,,,-0.951618,-0.094329,0.045123
-0.945131,-0.101805,0.03557,0.951263,117284.0086,2001-01-02 08:34:44.009 +0000,,,,-1.896749,-0.196134,0.080693
-0.96017,-0.043293,0.008597,0.961184,117283.9886,2001-01-02 08:34:43.989 +0000,,,,-0.96017,-0.043293,0.008597
-0.937059,0.030222,0.006416,0.937568,117283.9687,2001-01-02 08:34:43.969 +0000,,,,-1.897229,-0.013071,0.015013
-0.950531,-0.041179,-0.00096,0.951423,117283.9487,2001-01-02 08:34:43.949 +0000,,,,-0.950531,-0.041179,-0.00096
-1.057527,-0.120204,-0.047414,1.065392,117283.9287,2001-01-02 08:34:43.929 +0000,,,,-2.008058,-0.161383,-0.048374
-1.213038,-0.130992,-0.055913,1.221371,117283.9087,2001-01-02 08:34:43.909 +0000,,,,-1.213038,-0.130992,-0.055913
-1.269496,-0.107657,-0.079865,1.276553,117283.8887,2001-01-02 08:34:43.889 +0000,,,,-2.482534,-0.238649,-0.135778
-1.285628,-0.095914,-0.065047,1.290841,117283.8688,2001-01-02 08:34:43.869 +0000,,,,-1.285628,-0.095914,-0.065047
-1.399359,0.029769,-0.039443,1.400232,117283.8488,2001-01-02 08:34:43.849 +0000,,,,-2.684987,-0.066145,-0.10449
-1.574665,0.185073,-0.078446,1.587443,117283.8288,2001-01-02 08:34:43.829 +0000,,,,-1.574665,0.185073,-0.078446
-1.642061,0.158549,-0.015787,1.649773,117283.8088,2001-01-02 08:34:43.809 +0000,,,,-3.216726,0.343622,-0.094233
-1.523671,0.145843,-0.019227,1.530756,117283.7889,2001-01-02 08:34:43.789 +0000,,,,-1.523671,0.145843,-0.019227
-1.434974,0.196843,-0.098906,1.451785,117283.7689,2001-01-02 08:34:43.769 +0000,,,,-2.958645,0.342686,-0.118133
-1.384114,0.2087,-0.057991,1.40096,117283.7489,2001-01-02 08:34:43.749 +0000,,,,-1.384114,0.2087,-0.057991
-1.444139,0.25345,-0.037148,1.466681,117283.7289,2001-01-02 08:34:43.729 +0000,,,,-2.828253,0.46215,-0.095139
-1.515721,0.308753,-0.05274,1.547747,117283.7089,2001-01-02 08:34:43.709 +0000,,,,-1.515721,0.308753,-0.05274
-1.495989,0.189466,-0.049077,1.508737,117283.6889,2001-01-02 08:34:43.689 +0000,,,,-3.01171,0.498219,-0.101817
-1.375361,0.093791,-0.004194,1.378561,117283.669,2001-01-02 08:34:43.669 +0000,,,,-1.375361,0.093791,-0.004194
-1.276329,0.110912,-0.002504,1.281141,117283.649,2001-01-02 08:34:43.649 +0000,,,,-2.65169,0.204703,-0.006698
-1.267828,0.15133,-0.030338,1.277188,117283.629,2001-01-02 08:34:43.629 +0000,,,,-1.267828,0.15133,-0.030338
-1.244957,0.072469,-0.049202,1.248035,117283.6091,2001-01-02 08:34:43.609 +0000,,,,-2.512785,0.223799,-0.07954
-1.177886,0.043845,-0.013411,1.178778,117283.5891,2001-01-02 08:34:43.589 +0000,,,,-1.177886,0.043845,-0.013411
-1.085429,0.05572,0.022442,1.087089,117283.5691,2001-01-02 08:34:43.569 +0000,,,,-2.263315,0.099565,0.009031
-0.961907,0.115396,-0.005737,0.968821,117283.5491,2001-01-02 08:34:43.549 +0000,,,,-0.961907,0.115396,-0.005737
-0.770384,0.201789,-0.019638,0.796615,117283.5291,2001-01-02 08:34:43.529 +0000,,,,-1.732291,0.317185,-0.025375
-0.578895,0.291386,-0.030343,0.648803,117283.5091,2001-01-02 08:34:43.509 +0000,,,,-0.578895,0.291386,-0.030343
-0.378017,0.207335,-0.046924,0.433689,117283.4892,2001-01-02 08:34:43.489 +0000,,,,-0.956912,0.498721,-0.077267
-0.133576,0.127625,-0.043989,0.18991,117283.4692,2001-01-02 08:34:43.469 +0000,,,,-0.133576,0.127625,-0.043989
0.031853,0.081937,-0.044885,0.098707,117283.4492,2001-01-02 08:34:43.449 +0000,,,,-0.101723,0.209562,-0.088874
0.104758,0.043538,-0.085961,0.142335,117283.4293,2001-01-02 08:34:43.429 +0000,,,,0.104758,0.043538,-0.085961
0.181004,-0.008739,-0.139798,0.228872,117283.4093,2001-01-02 08:34:43.409 +0000,,,,0.285762,0.034799,-0.225759
0.300626,-0.041712,-0.154929,0.340762,117283.3893,2001-01-02 08:34:43.389 +0000,,,,0.300626,-0.041712,-0.154929
0.393135,0.021173,-0.168366,0.428194,117283.3693,2001-01-02 08:34:43.369 +0000,,,,0.693761,-0.020539,-0.323295
0.420888,0.024366,-0.177804,0.457553,117283.3493,2001-01-02 08:34:43.349 +0000,,,,0.420888,0.024366,-0.177804
0.467738,0.02442,-0.170008,0.498275,117283.3293,2001-01-02 08:34:43.329 +0000,,,,0.888626,0.048786,-0.347812
0.57999,0.075837,-0.089252,0.591698,117283.3094,2001-01-02 08:34:43.309 +0000,,,,0.57999,0.075837,-0.089252
0.670231,0.10582,-0.053464,0.680636,117283.2894,2001-01-02 08:34:43.289 +0000,,,,1.250221,0.181657,-0.142716
0.690208,-0.042275,-0.067886,0.694825,117283.2694,2001-01-02 08:34:43.269 +0000,,,,0.690208,-0.042275,-0.067886
0.714711,-0.080526,-0.035561,0.720112,117283.2494,2001-01-02 08:34:43.249 +0000,,,,1.404919,-0.122801,-0.103447
0.74354,0.075139,0.010156,0.747396,117283.2295,2001-01-02 08:34:43.229 +0000,,,,0.74354,0.075139,0.010156
0.724072,0.098633,0.038811,0.731789,117283.2095,2001-01-02 08:34:43.209 +0000,,,,1.467612,0.173772,0.048967
0.716676,0.0582,0.060241,0.721554,117283.1895,2001-01-02 08:34:43.190 +0000,,,,0.716676,0.0582,0.060241
0.749064,-0.014243,0.048903,0.750794,117283.1695,2001-01-02 08:34:43.170 +0000,,,,1.46574,0.043957,0.109144
0.77741,-0.074023,-0.009511,0.780984,117283.1495,2001-01-02 08:34:43.150 +0000,,,,0.77741,-0.074023,-0.009511
0.79535,-0.032472,-0.012709,0.796114,117283.1296,2001-01-02 08:34:43.130 +0000,,,,1.57276,-0.106495,-0.02222
0.828117,-0.010008,0.015232,0.828318,117283.1096,2001-01-02 08:34:43.110 +0000,,,,0.828117,-0.010008,0.015232
0.905126,-0.079169,0.025557,0.908941,117283.0896,2001-01-02 08:34:43.090 +0000,,,,1.733243,-0.089177,0.040789
1.006966,-0.190969,0.016931,1.025054,117283.0696,2001-01-02 08:34:43.070 +0000,,,,1.006966,-0.190969,0.016931
1.054093,-0.219736,0.0013,1.076754,117283.0496,2001-01-02 08:34:43.050 +0000,,,,2.061059,-0.410705,0.018231
1.035789,-0.184588,0.004286,1.052117,117283.0297,2001-01-02 08:34:43.030 +0000,,,,1.035789,-0.184588,0.004286
0.999779,-0.252752,0.020256,1.031432,117283.0097,2001-01-02 08:34:43.010 +0000,,,,2.035568,-0.43734,0.024542
0.982452,-0.438085,0.035602,1.076289,117282.9897,2001-01-02 08:34:42.990 +0000,,,,0.982452,-0.438085,0.035602
0.975458,-0.514832,0.018667,1.10314,117282.9697,2001-01-02 08:34:42.970 +0000,,,,1.95791,-0.952917,0.054269
0.941973,-0.375398,-0.018267,1.014184,117282.9498,2001-01-02 08:34:42.950 +0000,,,,0.941973,-0.375398,-0.018267
0.893118,-0.169872,-0.033046,0.90973,117282.9298,2001-01-02 08:34:42.930 +0000,,,,1.835091,-0.54527,-0.051313
0.843217,-0.211452,-0.032201,0.869922,117282.9098,2001-01-02 08:34:42.910 +0000,,,,0.843217,-0.211452,-0.032201
0.831479,-0.443668,-0.023101,0.942726,117282.8898,2001-01-02 08:34:42.890 +0000,,,,1.674696,-0.65512,-0.055302
0.843812,-0.549166,-0.040896,1.007609,117282.8698,2001-01-02 08:34:42.870 +0000,,,,0.843812,-0.549166,-0.040896
0.874076,-0.410664,-0.043205,0.966705,117282.8498,2001-01-02 08:34:42.850 +0000,,,,1.717888,-0.95983,-0.084101
0.868819,-0.264601,0.006583,0.908242,117282.8299,2001-01-02 08:34:42.830 +0000,,,,0.868819,-0.264601,0.006583
0.831994,-0.16232,0.023152,0.847996,117282.8099,2001-01-02 08:34:42.810 +0000,,,,1.700813,-0.426921,0.029735
0.796373,-0.082422,0.034448,0.801367,117282.7899,2001-01-02 08:34:42.790 +0000,,,,0.796373,-0.082422,0.034448
0.811174,-0.055782,0.033407,0.813775,117282.77,2001-01-02 08:34:42.770 +0000,,,,1.607547,-0.138204,0.067855
0.865792,-0.127082,0.046792,0.876319,117282.75,2001-01-02 08:34:42.750 +0000,,,,0.865792,-0.127082,0.046792
0.914414,-0.257027,0.039993,0.950692,117282.73,2001-01-02 08:34:42.730 +0000,,,,1.780206,-0.384109,0.086785
0.85389,-0.285872,0.024704,0.900811,117282.71,2001-01-02 08:34:42.710 +0000,,,,0.85389,-0.285872,0.024704
0.759825,-0.203965,0.004614,0.786739,117282.69,2001-01-02 08:34:42.690 +0000,,,,1.613715,-0.489837,0.029318
0.719496,-0.025011,0.011335,0.72002,117282.67,2001-01-02 08:34:42.670 +0000,,,,0.719496,-0.025011,0.011335
0.742099,0.117821,0.03888,0.7524,117282.6501,2001-01-02 08:34:42.650 +0000,,,,1.461595,0.09281,0.050215
0.76109,0.146622,0.048547,0.776603,117282.6301,2001-01-02 08:34:42.630 +0000,,,,0.76109,0.146622,0.048547
0.764917,0.057057,0.014624,0.767181,117282.6101,2001-01-02 08:34:42.610 +0000,,,,1.526007,0.203679,0.063171
0.835299,0.03264,0.027987,0.836405,117282.5901,2001-01-02 08:34:42.590 +0000,,,,0.835299,0.03264,0.027987
0.900773,-0.079135,0.040486,0.905149,117282.5702,2001-01-02 08:34:42.570 +0000,,,,1.736072,-0.046495,0.068473
0.859788,-0.202734,0.041614,0.884346,117282.5502,2001-01-02 08:34:42.550 +0000,,,,0.859788,-0.202734,0.041614
0.784229,-0.204964,0.024014,0.810926,117282.5302,2001-01-02 08:34:42.530 +0000,,,,1.644017,-0.407698,0.065628
0.766122,0.01022,0.02865,0.766726,117282.5102,2001-01-02 08:34:42.510 +0000,,,,0.766122,0.01022,0.02865
0.726762,0.209415,0.035322,0.757156,117282.4903,2001-01-02 08:34:42.490 +0000,,,,1.492884,0.219635,0.063972
0.632912,0.238075,0.021789,0.676559,117282.4703,2001-01-02 08:34:42.470 +0000,,,,0.632912,0.238075,0.021789
0.487278,0.15807,0.021024,0.512706,117282.4503,2001-01-02 08:34:42.450 +0000,,,,1.12019,0.396145,0.042813
0.341688,0.078047,0.012779,0.350721,117282.4303,2001-01-02 08:34:42.430 +0000,,,,0.341688,0.078047,0.012779
0.240315,0.098222,0.016314,0.260125,117282.4103,2001-01-02 08:34:42.410 +0000,,,,0.582003,0.176269,0.029093
0.162559,0.089639,0.014744,0.18622,117282.3904,2001-01-02 08:34:42.390 +0000,,,,0.162559,0.089639,0.014744
0.093599,0.056497,-0.012344,0.110023,117282.3704,2001-01-02 08:34:42.370 +0000,,,,0.256158,0.146136,0.0024
0.015412,-0.046972,-0.044646,0.066612,117282.3504,2001-01-02 08:34:42.350 +0000,,,,0.015412,-0.046972,-0.044646
-0.088058,-0.02575,-0.047539,0.103331,117282.3304,2001-01-02 08:34:42.330 +0000,,,,-0.072646,-0.072722,-0.092185
-0.169263,-0.004463,-0.031048,0.172144,117282.3105,2001-01-02 08:34:42.310 +0000,,,,-0.169263,-0.004463,-0.031048
-0.281301,-0.026819,0.007791,0.282684,117282.2905,2001-01-02 08:34:42.290 +0000,,,,-0.450564,-0.031282,-0.023257
-0.397844,0.034912,0.019659,0.399856,117282.2705,2001-01-02 08:34:42.271 +0000,,,,-0.397844,0.034912,0.019659
-0.416362,-0.08658,0.004905,0.425296,117282.2505,2001-01-02 08:34:42.251 +0000,,,,-0.814206,-0.051668,0.024564
-0.433754,-0.20597,-0.021601,0.480658,117282.2305,2001-01-02 08:34:42.231 +0000,,,,-0.433754,-0.20597,-0.021601
-0.516161,-0.090006,-0.057733,0.52712,117282.2106,2001-01-02 08:34:42.211 +0000,,,,-0.949915,-0.295976,-0.079334
-0.551619,-0.008049,-0.075291,0.556792,117282.1906,2001-01-02 08:34:42.191 +0000,,,,-0.551619,-0.008049,-0.075291
-0.531635,-0.140199,-0.103647,0.559495,117282.1706,2001-01-02 08:34:42.171 +0000,,,,-1.083254,-0.148248,-0.178938
-0.527326,-0.329902,-0.138363,0.637222,117282.1506,2001-01-02 08:34:42.151 +0000,,,,-0.527326,-0.329902,-0.138363
-0.526844,-0.255237,-0.100096,0.593911,117282.1306,2001-01-02 08:34:42.131 +0000,,,,-1.05417,-0.585139,-0.238459
-0.50214,-0.111327,-0.068265,0.518843,117282.1107,2001-01-02 08:34:42.111 +0000,,,,-0.50214,-0.111327,-0.068265
-0.502666,-0.02074,-0.052487,0.505824,117282.0907,2001-01-02 08:34:42.091 +0000,,,,-1.004806,-0.132067,-0.120752
-0.51917,-0.08796,-0.090883,0.534354,117282.0707,2001-01-02 08:34:42.071 +0000,,,,-0.51917,-0.08796,-0.090883
-0.541864,0.004648,-0.112658,0.553471,117282.0507,2001-01-02 08:34:42.051 +0000,,,,-1.061034,-0.083312,-0.203541
-0.570308,-0.112459,-0.075133,0.586125,117282.0308,2001-01-02 08:34:42.031 +0000,,,,-0.570308,-0.112459,-0.075133
-0.626351,-0.212623,-0.069897,0.665139,117282.0108,2001-01-02 08:34:42.011 +0000,,,,-1.196659,-0.325082,-0.14503
-0.732259,-0.144496,-0.059043,0.748712,117281.9908,2001-01-02 08:34:41.991 +0000,,,,-0.732259,-0.144496,-0.059043
-0.8139,0.033257,-0.09427,0.820016,117281.9708,2001-01-02 08:34:41.971 +0000,,,,-1.546159,-0.111239,-0.153313
-0.839977,-0.023347,-0.144512,0.852637,117281.9508,2001-01-02 08:34:41.951 +0000,,,,-0.839977,-0.023347,-0.144512
-0.940132,-0.200363,-0.187447,0.979352,117281.9308,2001-01-02 08:34:41.931 +0000,,,,-1.780109,-0.22371,-0.331959
-1.054734,-0.201723,-0.27156,1.107656,117281.9109,2001-01-02 08:34:41.911 +0000,,,,-1.054734,-0.201723,-0.27156
-0.984862,0.062634,-0.224793,1.01213,117281.8909,2001-01-02 08:34:41.891 +0000,,,,-2.039596,-0.139089,-0.496353
-0.885555,0.142811,-0.140997,0.90801,117281.8709,2001-01-02 08:34:41.871 +0000,,,,-0.885555,0.142811,-0.140997
-0.832666,0.051142,-0.178857,0.853193,117281.8509,2001-01-02 08:34:41.851 +0000,,,,-1.718221,0.193953,-0.319854
-0.844593,0.097997,-0.18227,0.869576,117281.831,2001-01-02 08:34:41.831 +0000,,,,-0.844593,0.097997,-0.18227
-0.919219,0.061802,-0.15062,0.933525,117281.811,2001-01-02 08:34:41.811 +0000,,,,-1.763812,0.159799,-0.33289
-1.060066,0.070269,-0.131292,1.070474,117281.791,2001-01-02 08:34:41.791 +0000,,,,-1.060066,0.070269,-0.131292
-1.192222,0.061664,-0.12575,1.200421,117281.771,2001-01-02 08:34:41.771 +0000,,,,-2.252288,0.131933,-0.257042
-1.268162,0.097866,-0.110333,1.276709,117281.751,2001-01-02 08:34:41.751 +0000,,,,-1.268162,0.097866,-0.110333
-1.283969,0.233244,-0.070204,1.306869,117281.7311,2001-01-02 08:34:41.731 +0000,,,,-2.552131,0.33111,-0.180537
-1.24168,0.316346,-0.078693,1.283759,117281.7111,2001-01-02 08:34:41.711 +0000,,,,-1.24168,0.316346,-0.078693
-1.252216,0.35775,-0.132302,1.30902,117281.6911,2001-01-02 08:34:41.691 +0000,,,,-2.493896,0.674096,-0.210995
-1.247285,0.273485,-0.176917,1.289113,117281.6711,2001-01-02 08:34:41.671 +0000,,,,-1.247285,0.273485,-0.176917
-1.13607,0.167098,-0.153439,1.158499,117281.6512,2001-01-02 08:34:41.651 +0000,,,,-2.383355,0.440583,-0.330356
-1.015304,0.104324,-0.157795,1.032776,117281.6312,2001-01-02 08:34:41.631 +0000,,,,-1.015304,0.104324,-0.157795
-1.053894,0.137345,-0.147461,1.072987,117281.6112,2001-01-02 08:34:41.611 +0000,,,,-2.069198,0.241669,-0.305256
-1.183768,0.101037,-0.145033,1.196892,117281.5912,2001-01-02 08:34:41.591 +0000,,,,-1.183768,0.101037,-0.145033
-1.270105,0.048881,-0.102733,1.275191,117281.5713,2001-01-02 08:34:41.571 +0000,,,,-2.453873,0.149918,-0.247766
-1.316199,0.04683,-0.057093,1.318269,117281.5513,2001-01-02 08:34:41.551 +0000,,,,-1.316199,0.04683,-0.057093
-1.323512,-0.003205,-0.042047,1.324183,117281.5313,2001-01-02 08:34:41.531 +0000,,,,-2.639711,0.043625,-0.09914
-1.255368,0.035147,-0.060925,1.257337,117281.5113,2001-01-02 08:34:41.511 +0000,,,,-1.255368,0.035147,-0.060925
-1.1195,0.154554,-0.062469,1.131843,117281.4914,2001-01-02 08:34:41.491 +0000,,,,-2.374868,0.189701,-0.123394
-0.862748,0.142033,-0.032921,0.874981,117281.4714,2001-01-02 08:34:41.471 +0000,,,,-0.862748,0.142033,-0.032921
-0.540575,0.062411,-0.017708,0.544453,117281.4514,2001-01-02 08:34:41.451 +0000,,,,-1.403323,0.204444,-0.050629
-0.24849,0.092375,-0.048943,0.269584,117281.4314,2001-01-02 08:34:41.431 +0000,,,,-0.24849,0.092375,-0.048943
-0.014623,0.099801,-0.12966,0.164274,117281.4114,2001-01-02 08:34:41.411 +0000,,,,-0.263113,0.192176,-0.178603
0.230955,0.037073,-0.152408,0.279183,117281.3914,2001-01-02 08:34:41.391 +0000,,,,0.230955,0.037073,-0.152408
0.414467,-0.062807,-0.103883,0.431879,117281.3715,2001-01-02 08:34:41.371 +0000,,,,0.645422,-0.025734,-0.256291
0.413936,-0.145957,-0.127168,0.456967,117281.3515,2001-01-02 08:34:41.351 +0000,,,,0.413936,-0.145957,-0.127168
0.348409,-0.009708,-0.150419,0.379617,117281.3315,2001-01-02 08:34:41.332 +0000,,,,0.762345,-0.155665,-0.277587
0.424426,0.139492,-0.148175,0.470692,117281.3115,2001-01-02 08:34:41.312 +0000,,,,0.424426,0.139492,-0.148175
0.567547,0.066115,-0.13953,0.588174,117281.2916,2001-01-02 08:34:41.292 +0000,,,,0.991973,0.205607,-0.287705
0.580001,-0.080896,-0.144389,0.603153,117281.2716,2001-01-02 08:34:41.272 +0000,,,,0.580001,-0.080896,-0.144389
0.486218,-0.079907,-0.147161,0.514247,117281.2516,2001-01-02 08:34:41.252 +0000,,,,1.066219,-0.160803,-0.29155
0.411953,0.096824,-0.167376,0.455077,117281.2316,2001-01-02 08:34:41.232 +0000,,,,0.411953,0.096824,-0.167376
0.456391,0.091678,-0.108294,0.477938,117281.2116,2001-01-02 08:34:41.212 +0000,,,,0.868344,0.188502,-0.27567
0.570523,-0.002896,-0.04743,0.572499,117281.1917,2001-01-02 08:34:41.192 +0000,,,,0.570523,-0.002896,-0.04743
0.658881,-0.02405,-0.012584,0.65944,117281.1717,2001-01-02 08:34:41.172 +0000,,,,1.229404,-0.026946,-0.060014
0.727861,-0.026001,0.039175,0.729378,117281.1517,2001-01-02 08:34:41.152 +0000,,,,0.727861,-0.026001,0.039175
0.804886,-0.10261,0.052725,0.813112,117281.1317,2001-01-02 08:34:41.132 +0000,,,,1.532747,-0.128611,0.0919
0.882126,-0.181436,0.032091,0.901163,117281.1117,2001-01-02 08:34:41.112 +0000,,,,0.882126,-0.181436,0.032091
0.968292,-0.189808,0.066887,0.988984,117281.0918,2001-01-02 08:34:41.092 +0000,,,,1.850418,-0.371244,0.098978
1.099862,-0.087401,0.084593,1.106568,117281.0718,2001-01-02 08:34:41.072 +0000,,,,1.099862,-0.087401,0.084593
1.207451,0.057738,0.157583,1.219059,117281.0518,2001-01-02 08:34:41.052 +0000,,,,2.307313,-0.029663,0.242176
1.270246,0.110979,0.130081,1.281703,117281.0318,2001-01-02 08:34:41.032 +0000,,,,1.270246,0.110979,0.130081
1.238793,0.046949,0.093713,1.243219,117281.0119,2001-01-02 08:34:41.012 +0000,,,,2.509039,0.157928,0.223794
1.091424,-0.114023,0.091019,1.101132,117280.9919,2001-01-02 08:34:40.992 +0000,,,,1.091424,-0.114023,0.091019
0.965963,-0.106801,0.033522,0.972428,117280.9719,2001-01-02 08:34:40.972 +0000,,,,2.057387,-0.220824,0.124541
0.867644,0.037825,-0.038056,0.869301,117280.9519,2001-01-02 08:34:40.952 +0000,,,,0.867644,0.037825,-0.038056
0.72472,0.100489,-0.071246,0.735115,117280.9319,2001-01-02 08:34:40.932 +0000,,,,1.592364,0.138314,-0.109302
0.576904,0.026883,-0.068838,0.581618,117280.912,2001-01-02 08:34:40.912 +0000,,,,0.576904,0.026883,-0.068838
0.470562,-0.003064,-0.085502,0.478277,117280.892,2001-01-02 08:34:40.892 +0000,,,,1.047466,0.023819,-0.15434
0.391679,0.041535,-0.11928,0.41154,117280.872,2001-01-02 08:34:40.872 +0000,,,,0.391679,0.041535,-0.11928
0.27636,0.040474,-0.083726,0.291587,117280.852,2001-01-02 08:34:40.852 +0000,,,,0.668039,0.082009,-0.203006
0.192734,0.054438,-0.012738,0.20068,117280.8321,2001-01-02 08:34:40.832 +0000,,,,0.192734,0.054438,-0.012738
0.157308,0.075781,0.012609,0.175065,117280.8121,2001-01-02 08:34:40.812 +0000,,,,0.350042,0.130219,-0.000129
0.097178,-0.015954,-0.018534,0.100208,117280.7921,2001-01-02 08:34:40.792 +0000,,,,0.097178,-0.015954,-0.018534
0.006392,0.023395,-0.018185,0.030313,117280.7721,2001-01-02 08:34:40.772 +0000,,,,0.10357,0.007441,-0.036719
-0.007719,0.063892,-0.007705,0.064816,117280.7521,2001-01-02 08:34:40.752 +0000,,,,-0.007719,0.063892,-0.007705
-0.022692,0.063902,0.000742,0.067815,117280.7321,2001-01-02 08:34:40.732 +0000,,,,-0.030411,0.127794,-0.006963
-0.048187,0.048964,-0.001527,0.068715,117280.7122,2001-01-02 08:34:40.712 +0000,,,,-0.048187,0.048964,-0.001527
-0.053613,0.098968,-0.025207,0.115345,117280.6922,2001-01-02 08:34:40.692 +0000,,,,-0.1018,0.147932,-0.026734
-0.012047,0.135147,-0.053874,0.145987,117280.6722,2001-01-02 08:34:40.672 +0000,,,,-0.012047,0.135147,-0.053874
0.044474,0.110723,-0.039536,0.1257,117280.6522,2001-01-02 08:34:40.652 +0000,,,,0.032427,0.24587,-0.09341
-0.006887,0.102263,0.000744,0.102498,117280.6323,2001-01-02 08:34:40.632 +0000,,,,-0.006887,0.102263,0.000744
-0.139284,0.126716,0.020086,0.189368,117280.6123,2001-01-02 08:34:40.612 +0000,,,,-0.146171,0.228979,0.02083
-0.208307,0.155264,-0.045637,0.263783,117280.5923,2001-01-02 08:34:40.592 +0000,,,,-0.208307,0.155264,-0.045637
-0.29643,0.155056,-0.102862,0.349991,117280.5723,2001-01-02 08:34:40.572 +0000,,,,-0.504737,0.31032,-0.148499
-0.381882,0.122113,-0.04565,0.403521,117280.5524,2001-01-02 08:34:40.552 +0000,,,,-0.381882,0.122113,-0.04565
-0.233392,0.178873,0.031063,0.295689,117280.5324,2001-01-02 08:34:40.532 +0000,,,,-0.615274,0.300986,-0.014587
0.069542,0.126902,0.033248,0.148478,117280.5124,2001-01-02 08:34:40.512 +0000,,,,0.069542,0.126902,0.033248
0.281979,0.006336,-0.104965,0.300949,117280.4924,2001-01-02 08:34:40.492 +0000,,,,0.351521,0.133238,-0.071717
0.249719,-0.081192,-0.16585,0.310577,117280.4724,2001-01-02 08:34:40.472 +0000,,,,0.249719,-0.081192,-0.16585
0.109863,0.09892,-0.092488,0.174382,117280.4525,2001-01-02 08:34:40.452 +0000,,,,0.359582,0.017728,-0.258338
0.049909,0.185103,-0.116634,0.224405,117280.4325,2001-01-02 08:34:40.432 +0000,,,,0.049909,0.185103,-0.116634
0.066574,0.109348,-0.169741,0.212606,117280.4125,2001-01-02 08:34:40.412 +0000,,,,0.116483,0.294451,-0.286375
0.116646,0.0573,-0.124384,0.179892,117280.3925,2001-01-02 08:34:40.393 +0000,,,,0.116646,0.0573,-0.124384
0.204321,0.14381,-0.060986,0.257191,117280.3726,2001-01-02 08:34:40.373 +0000,,,,0.320967,0.20111,-0.18537
0.27892,0.118352,-0.039043,0.305496,117280.3526,2001-01-02 08:34:40.353 +0000,,,,0.27892,0.118352,-0.039043
0.236655,-0.0126,0.003768,0.23702,117280.3326,2001-01-02 08:34:40.333 +0000,,,,0.515575,0.105752,-0.035275
0.07549,-0.093426,0.105477,0.159852,117280.3126,2001-01-02 08:34:40.313 +0000,,,,0.07549,-0.093426,0.105477
0.101741,0.025832,0.076481,0.129876,117280.2926,2001-01-02 08:34:40.293 +0000,,,,0.177231,-0.067594,0.181958
0.152477,-0.00204,-0.008582,0.152732,117280.2727,2001-01-02 08:34:40.273 +0000,,,,0.152477,-0.00204,-0.008582
0.208963,-0.038145,0.020747,0.213427,117280.2527,2001-01-02 08:34:40.253 +0000,,,,0.36144,-0.040185,0.012165
0.126467,-0.177301,0.203284,0.297916,117280.2327,2001-01-02 08:34:40.233 +0000,,,,0.126467,-0.177301,0.203284
0.025804,-0.274369,0.181498,0.329978,117280.2127,2001-01-02 08:34:40.213 +0000,,,,0.152271,-0.45167,0.384782
-0.056361,-0.134053,0.085465,0.168674,117280.1927,2001-01-02 08:34:40.193 +0000,,,,-0.056361,-0.134053,0.085465
-0.126546,-0.028918,-0.025351,0.132261,117280.1728,2001-01-02 08:34:40.173 +0000,,,,-0.182907,-0.162971,0.060114
-0.302568,-0.053434,0.020542,0.307936,117280.1528,2001-01-02 08:34:40.153 +0000,,,,-0.302568,-0.053434,0.020542
-0.446796,0.038033,0.004361,0.448433,117280.1328,2001-01-02 08:34:40.133 +0000,,,,-0.749364,-0.015401,0.024903
-0.347232,0.015596,-0.051537,0.351382,117280.1128,2001-01-02 08:34:40.113 +0000,,,,-0.347232,0.015596,-0.051537
-0.173047,-0.091844,-0.041522,0.200261,117280.0929,2001-01-02 08:34:40.093 +0000,,,,-0.520279,-0.076248,-0.093059
-0.123142,-0.144886,0.032687,0.192936,117280.0729,2001-01-02 08:34:40.073 +0000,,,,-0.123142,-0.144886,0.032687
-0.076616,-0.036255,0.00813,0.085151,117280.0529,2001-01-02 08:34:40.053 +0000,,,,-0.199758,-0.181141,0.040817
-0.056373,-0.036237,0.009335,0.067662,117280.0329,2001-01-02 08:34:40.033 +0000,,,,-0.056373,-0.036237,0.009335
-0.005706,0.025669,0.042632,0.050089,117280.0129,2001-01-02 08:34:40.013 +0000,,,,-0.062079,-0.010568,0.051967
-0.000517,0.067194,0.032938,0.074835,117279.9929,2001-01-02 08:34:39.993 +0000,,,,-0.000517,0.067194,0.032938
0.022464,0.029751,-0.037327,0.052755,117279.973,2001-01-02 08:34:39.973 +0000,,,,0.021947,0.096945,-0.004389
0.024151,-0.020475,-0.10129,0.106123,117279.953,2001-01-02 08:34:39.953 +0000,,,,0.024151,-0.020475,-0.10129
0.040192,-0.027928,-0.104367,0.115273,117279.933,2001-01-02 08:34:39.933 +0000,,,,0.064343,-0.048403,-0.205657
0.043504,-0.069437,-0.090341,0.121965,117279.913,2001-01-02 08:34:39.913 +0000,,,,0.043504,-0.069437,-0.090341
0.003962,-0.053474,-0.085309,0.100761,117279.8931,2001-01-02 08:34:39.893 +0000,,,,0.047466,-0.122911,-0.17565
-0.017378,-0.067301,-0.070456,0.098972,117279.8731,2001-01-02 08:34:39.873 +0000,,,,-0.017378,-0.067301,-0.070456
-0.015168,-0.086469,-0.068252,0.111199,117279.8531,2001-01-02 08:34:39.853 +0000,,,,-0.032546,-0.15377,-0.138708
-0.049652,-0.036368,-0.045114,0.07631,117279.8331,2001-01-02 08:34:39.833 +0000,,,,-0.049652,-0.036368,-0.045114
-0.05953,0.00627,-0.031406,0.067597,117279.8131,2001-01-02 08:34:39.813 +0000,,,,-0.109182,-0.030098,-0.07652
-0.039386,0.02334,-0.027042,0.053172,117279.7932,2001-01-02 08:34:39.793 +0000,,,,-0.039386,0.02334,-0.027042
0.034473,-0.018201,-0.046732,0.060857,117279.7732,2001-01-02 08:34:39.773 +0000,,,,-0.004913,0.005139,-0.073774
0.01996,-0.080046,-0.065895,0.105584,117279.7532,2001-01-02 08:34:39.753 +0000,,,,0.01996,-0.080046,-0.065895
-0.082344,-0.070559,-0.076228,0.132551,117279.7332,2001-01-02 08:34:39.733 +0000,,,,-0.062384,-0.150605,-0.142123
-0.136844,0.178684,-0.072999,0.236607,117279.7132,2001-01-02 08:34:39.713 +0000,,,,-0.136844,0.178684,-0.072999
0.105903,-0.021346,-0.04731,0.117938,117279.6733,2001-01-02 08:34:39.673 +0000,,,,-0.030941,0.157338,-0.120309
0.084694,-0.073501,-0.023804,0.114639,117279.6534,2001-01-02 08:34:39.653 +0000,,,,0.084694,-0.073501,-0.023804
-0.000991,-0.197161,-0.033663,0.200016,117279.6334,2001-01-02 08:34:39.633 +0000,,,,0.083703,-0.270662,-0.057467
-0.055247,0.20233,-0.012676,0.21012,117279.6134,2001-01-02 08:34:39.613 +0000,,,,-0.055247,0.20233,-0.012676
-0.023367,0.008454,-0.020482,0.032202,117279.5934,2001-01-02 08:34:39.593 +0000,,,,-0.078614,0.210784,-0.033158
0.019924,-0.10342,-0.041256,0.113114,117279.5734,2001-01-02 08:34:39.573 +0000,,,,0.019924,-0.10342,-0.041256
0.022013,-0.097022,-0.039123,0.106903,117279.5535,2001-01-02 08:34:39.553 +0000,,,,0.041937,-0.200442,-0.080379
0.04228,-0.11934,-0.023966,0.128856,117279.5335,2001-01-02 08:34:39.533 +0000,,,,0.04228,-0.11934,-0.023966
0.008043,-0.111868,-0.00819,0.112456,117279.5135,2001-01-02 08:34:39.513 +0000,,,,0.050323,-0.231208,-0.032156
-0.032901,-0.031977,0.002002,0.045924,117279.4935,2001-01-02 08:34:39.494 +0000,,,,-0.032901,-0.031977,0.002002
-0.050207,0.030842,-0.005765,0.059205,117279.4735,2001-01-02 08:34:39.474 +0000,,,,-0.083108,-0.001135,-0.003763
-0.062741,-0.009674,-0.016425,0.065573,117279.4536,2001-01-02 08:34:39.454 +0000,,,,-0.062741,-0.009674,-0.016425
-0.053975,-0.053357,-0.021589,0.078907,117279.4336,2001-01-02 08:34:39.434 +0000,,,,-0.116716,-0.063031,-0.038014
-0.009059,-0.069335,-0.034065,0.07778,117279.4136,2001-01-02 08:34:39.414 +0000,,,,-0.009059,-0.069335,-0.034065
-0.011296,-0.04165,-0.038429,0.057785,117279.3936,2001-01-02 08:34:39.394 +0000,,,,-0.020355,-0.110985,-0.072494
-0.05409,-0.022478,-0.027017,0.064505,117279.3737,2001-01-02 08:34:39.374 +0000,,,,-0.05409,-0.022478,-0.027017
-0.06255,-0.051217,-0.015242,0.082268,117279.3537,2001-01-02 08:34:39.354 +0000,,,,-0.11664,-0.073695,-0.042259
-0.028299,-0.088462,-0.009567,0.09337,117279.3337,2001-01-02 08:34:39.334 +0000,,,,-0.028299,-0.088462,-0.009567
-0.01991,-0.050125,-0.017094,0.056579,117279.3137,2001-01-02 08:34:39.314 +0000,,,,-0.048209,-0.138587,-0.026661
-0.064984,0.003128,-0.007927,0.06554,117279.2937,2001-01-02 08:34:39.294 +0000,,,,-0.064984,0.003128,-0.007927
-0.079866,-0.026668,0.00915,0.084696,117279.2737,2001-01-02 08:34:39.274 +0000,,,,-0.14485,-0.02354,0.001223
-0.066971,-0.050091,0.010369,0.084272,117279.2538,2001-01-02 08:34:39.254 +0000,,,,-0.066971,-0.050091,0.010369
-0.090455,-0.047968,0.014479,0.103405,117279.2338,2001-01-02 08:34:39.234 +0000,,,,-0.157426,-0.098059,0.024848
-0.099304,0.010634,0.02174,0.10221,117279.2138,2001-01-02 08:34:39.214 +0000,,,,-0.099304,0.010634,0.02174
-0.078888,0.01058,-0.005904,0.079813,117279.1938,2001-01-02 08:34:39.194 +0000,,,,-0.178192,0.021214,0.015836
-0.053112,-0.001177,-0.029205,0.060624,117279.1739,2001-01-02 08:34:39.174 +0000,,,,-0.053112,-0.001177,-0.029205
-0.048789,-0.004388,-0.036647,0.061177,117279.1539,2001-01-02 08:34:39.154 +0000,,,,-0.101901,-0.005565,-0.065852
-0.077375,-0.051268,-0.03137,0.097976,117279.1339,2001-01-02 08:34:39.134 +0000,,,,-0.077375,-0.051268,-0.03137
-0.060574,-0.022445,-0.012101,0.065722,117279.1139,2001-01-02 08:34:39.114 +0000,,,,-0.137949,-0.073713,-0.043471
-0.040708,0.043645,-0.000393,0.059684,117279.0939,2001-01-02 08:34:39.094 +0000,,,,-0.040708,0.043645,-0.000393
-0.027516,-0.023491,-0.014012,0.038799,117279.074,2001-01-02 08:34:39.074 +0000,,,,-0.068224,0.020154,-0.014405
-0.023851,-0.119368,-0.015864,0.122757,117279.054,2001-01-02 08:34:39.054 +0000,,,,-0.023851,-0.119368,-0.015864
-0.026033,-0.114033,-0.011619,0.117542,117279.034,2001-01-02 08:34:39.034 +0000,,,,-0.049884,-0.233401,-0.027483
-0.051061,-0.0139,-0.005649,0.053219,117279.014,2001-01-02 08:34:39.014 +0000,,,,-0.051061,-0.0139,-0.005649
-0.036299,0.042525,-0.023868,0.060792,117278.9941,2001-01-02 08:34:38.994 +0000,,,,-0.08736,0.028625,-0.029517
-0.012068,-0.061973,-0.071503,0.095389,117278.9741,2001-01-02 08:34:38.974 +0000,,,,-0.012068,-0.061973,-0.071503
-0.068485,-0.067361,-0.079349,0.124595,117278.9541,2001-01-02 08:34:38.954 +0000,,,,-0.080553,-0.129334,-0.150852
-0.080148,-0.074837,-0.083681,0.137938,117278.9341,2001-01-02 08:34:38.934 +0000,,,,-0.080148,-0.074837,-0.083681
-0.061251,-0.064071,-0.044048,0.09898,117278.9141,2001-01-02 08:34:38.914 +0000,,,,-0.141399,-0.138908,-0.127729
-0.014416,-0.031053,-0.059849,0.06895,117278.8942,2001-01-02 08:34:38.894 +0000,,,,-0.014416,-0.031053,-0.059849
-0.005864,-0.045942,-0.052272,0.069838,117278.8742,2001-01-02 08:34:38.874 +0000,,,,-0.02028,-0.076995,-0.112121
-0.070898,-0.072561,-0.028063,0.105257,117278.8542,2001-01-02 08:34:38.854 +0000,,,,-0.070898,-0.072561,-0.028063
-0.079573,-0.058684,-0.014268,0.099897,117278.8342,2001-01-02 08:34:38.834 +0000,,,,-0.150471,-0.131245,-0.042331
-0.025137,-0.060803,-0.025649,0.070617,117278.8142,2001-01-02 08:34:38.814 +0000,,,,-0.025137,-0.060803,-0.025649
0.047707,-0.082166,-0.069976,0.117999,117278.7943,2001-01-02 08:34:38.794 +0000,,,,0.02257,-0.142969,-0.095625
0.100457,-0.136567,-0.11435,0.204495,117278.7743,2001-01-02 08:34:38.774 +0000,,,,0.100457,-0.136567,-0.11435
0.079044,-0.13229,-0.101684,0.18463,117278.7543,2001-01-02 08:34:38.754 +0000,,,,0.179501,-0.268857,-0.216034
-0.029224,-0.006659,-0.098482,0.102942,117278.7343,2001-01-02 08:34:38.734 +0000,,,,-0.029224,-0.006659,-0.098482
-0.046599,0.057252,-0.095568,0.120758,117278.7144,2001-01-02 08:34:38.714 +0000,,,,-0.075823,0.050593,-0.19405
0.011116,-0.037393,-0.046838,0.060956,117278.6944,2001-01-02 08:34:38.694 +0000,,,,0.011116,-0.037393,-0.046838
0.010278,-0.044931,-0.078878,0.091358,117278.6744,2001-01-02 08:34:38.674 +0000,,,,0.021394,-0.082324,-0.125716
-0.050408,-0.02374,-0.107127,0.120751,117278.6544,2001-01-02 08:34:38.654 +0000,,,,-0.050408,-0.02374,-0.107127
-0.103097,0.048709,-0.087378,0.143654,117278.6345,2001-01-02 08:34:38.634 +0000,,,,-0.153505,0.024969,-0.194505
-0.119141,0.127839,0.037315,0.178689,117278.6145,2001-01-02 08:34:38.614 +0000,,,,-0.119141,0.127839,0.037315
-0.118769,0.130255,0.151641,0.232524,117278.5945,2001-01-02 08:34:38.595 +0000,,,,-0.23791,0.258094,0.188956
-0.087155,0.18465,0.168803,0.264927,117278.5745,2001-01-02 08:34:38.575 +0000,,,,-0.087155,0.18465,0.168803
-0.113936,0.254855,0.135308,0.310227,117278.5545,2001-01-02 08:34:38.555 +0000,,,,-0.201091,0.439505,0.304111
-0.103734,0.134472,0.129293,0.213448,117278.5346,2001-01-02 08:34:38.535 +0000,,,,-0.103734,0.134472,0.129293
-0.036149,0.020581,0.147155,0.152921,117278.5146,2001-01-02 08:34:38.515 +0000,,,,-0.139883,0.155053,0.276448
0.058585,-0.164731,0.137612,0.222499,117278.4946,2001-01-02 08:34:38.495 +0000,,,,0.058585,-0.164731,0.137612
0.136258,-0.079566,0.091959,0.18263,117278.4746,2001-01-02 08:34:38.475 +0000,,,,0.194843,-0.244297,0.229571
0.112335,-0.043857,0.32143,0.343308,117278.4546,2001-01-02 08:34:38.455 +0000,,,,0.112335,-0.043857,0.32143
0.021314,-0.036922,0.565486,0.567091,117278.4347,2001-01-02 08:34:38.435 +0000,,,,0.133649,-0.080779,0.886916
0.001104,-0.168785,0.664011,0.685128,117278.4147,2001-01-02 08:34:38.415 +0000,,,,0.001104,-0.168785,0.664011
-0.03347,0.107187,0.700426,0.70937,117278.3947,2001-01-02 08:34:38.395 +0000,,,,-0.032366,-0.061598,1.364437
-0.1452,0.120404,0.480591,0.516283,117278.3747,2001-01-02 08:34:38.375 +0000,,,,-0.1452,0.120404,0.480591
-0.231725,0.196078,0.095138,0.318111,117278.3548,2001-01-02 08:34:38.355 +0000,,,,-0.376925,0.316482,0.575729
-0.250498,0.212903,0.01269,0.328996,117278.3348,2001-01-02 08:34:38.335 +0000,,,,-0.250498,0.212903,0.01269
-0.056076,0.178223,0.145523,0.236823,117278.3148,2001-01-02 08:34:38.315 +0000,,,,-0.306574,0.391126,0.158213
0.080645,0.286025,0.188893,0.352128,117278.2948,2001-01-02 08:34:38.295 +0000,,,,0.080645,0.286025,0.188893
0.262154,0.105289,0.280364,0.398013,117278.2748,2001-01-02 08:34:38.275 +0000,,,,0.342799,0.391314,0.469257
0.363513,-0.104122,0.43014,0.572716,117278.2548,2001-01-02 08:34:38.255 +0000,,,,0.363513,-0.104122,0.43014
0.446274,-0.04605,0.62501,0.769363,117278.2349,2001-01-02 08:34:38.235 +0000,,,,0.809787,-0.150172,1.05515
0.309824,0.176059,0.451455,0.575152,117278.2149,2001-01-02 08:34:38.215 +0000,,,,0.309824,0.176059,0.451455
0.188888,0.156151,0.193182,0.31206,117278.1949,2001-01-02 08:34:38.195 +0000,,,,0.498712,0.33221,0.644637
0.083305,0.1382,-0.13872,0.212796,117278.175,2001-01-02 08:34:38.175 +0000,,,,0.083305,0.1382,-0.13872
0.114735,0.013617,-0.126415,0.171261,117278.155,2001-01-02 08:34:38.155 +0000,,,,0.19804,0.151817,-0.265135
0.12795,0.018147,-0.022693,0.131208,117278.135,2001-01-02 08:34:38.135 +0000,,,,0.12795,0.018147,-0.022693
0.063567,0.244114,0.047848,0.256753,117278.115,2001-01-02 08:34:38.115 +0000,,,,0.191517,0.262261,0.025155
0.133653,0.108808,0.020908,0.173607,117278.095,2001-01-02 08:34:38.095 +0000,,,,0.133653,0.108808,0.020908
0.132879,-0.216022,0.052772,0.259051,117278.075,2001-01-02 08:34:38.075 +0000,,,,0.266532,-0.107214,0.07368
0.031878,-0.318265,0.091904,0.332798,117278.0551,2001-01-02 08:34:38.055 +0000,,,,0.031878,-0.318265,0.091904
-0.001245,-0.292739,0.0852,0.304888,117278.0351,2001-01-02 08:34:38.035 +0000,,,,0.030633,-0.611004,0.177104
-0.008391,-0.121263,0.074,0.142306,117278.0151,2001-01-02 08:34:38.015 +0000,,,,-0.008391,-0.121263,0.074
0.028647,-0.052019,0.063377,0.086852,117277.9951,2001-01-02 08:34:37.995 +0000,,,,0.020256,-0.173282,0.137377
0.087393,-0.248094,0.020497,0.263834,117277.9752,2001-01-02 08:34:37.975 +0000,,,,0.087393,-0.248094,0.020497
