x_rad_per_sec,y_rad_per_sec,z_rad_per_sec,rms_rad_per_sec,TimeInterval,Date
-0.040205,-0.342934,0.045538,0.348273,44037.11272,2001-01-01 12:13:57.113 +0000
-0.27265,-0.090653,0.037941,0.28982,44037.09276,2001-01-01 12:13:57.093 +0000
-0.349636,0.012518,-0.003462,0.349877,44037.07277,2001-01-01 12:13:57.073 +0000
-0.093448,-0.058686,-0.011156,0.11091,44037.05278,2001-01-01 12:13:57.053 +0000
-0.090522,-0.060697,0.035883,0.114743,44037.03282,2001-01-01 12:13:57.033 +0000
0.002452,-0.137279,0.055952,0.148264,44037.01283,2001-01-01 12:13:57.013 +0000
0.061176,-0.160668,0.057481,0.181275,44036.99287,2001-01-01 12:13:56.993 +0000
0.032057,-0.081874,0.051727,0.102013,44036.97288,2001-01-01 12:13:56.973 +0000
-0.009856,-0.000961,0.044814,0.045895,44036.95292,2001-01-01 12:13:56.953 +0000
-0.021618,-0.011585,0.059722,0.064562,44036.93296,2001-01-01 12:13:56.933 +0000
-0.013959,-0.097778,0.095269,0.137228,44036.91297,2001-01-01 12:13:56.913 +0000
-0.00107,-0.115883,0.093268,0.148758,44036.89302,2001-01-01 12:13:56.893 +0000
0.036,-0.087053,0.109468,0.144421,44036.87303,2001-01-01 12:13:56.873 +0000
0.058929,-0.031535,0.152212,0.166239,44036.85307,2001-01-01 12:13:56.853 +0000
0.048008,-0.021865,0.188441,0.195686,44036.83308,2001-01-01 12:13:56.833 +0000
0.035541,-0.034767,0.144583,0.152893,44036.81309,2001-01-01 12:13:56.813 +0000
0.01002,0.006653,0.101558,0.102268,44036.79313,2001-01-01 12:13:56.793 +0000
-0.025519,0.085453,0.100036,0.134017,44036.77314,2001-01-01 12:13:56.773 +0000
0.012666,0.086622,0.130208,0.156901,44036.75318,2001-01-01 12:13:56.753 +0000
0.052416,0.017414,0.132802,0.14383,44036.7332,2001-01-01 12:13:56.733 +0000
0.008809,0.043923,0.096106,0.106034,44036.71321,2001-01-01 12:13:56.713 +0000
-0.040154,0.073628,0.061503,0.104,44036.69325,2001-01-01 12:13:56.693 +0000
-0.040852,0.040516,0.026327,0.063274,44036.67326,2001-01-01 12:13:56.673 +0000
-0.065353,0.029861,0.032602,0.078903,44036.6533,2001-01-01 12:13:56.653 +0000
-0.095243,0.027732,0.042022,0.107732,44036.63331,2001-01-01 12:13:56.633 +0000
-0.056208,-0.068201,0.007286,0.088678,44036.61335,2001-01-01 12:13:56.613 +0000
-0.063595,-0.060795,-0.010949,0.088658,44036.59336,2001-01-01 12:13:56.593 +0000
-0.198355,0.209787,0.029078,0.290173,44036.57337,2001-01-01 12:13:56.573 +0000
-0.322131,0.051962,-0.000178,0.326295,44036.55342,2001-01-01 12:13:56.553 +0000
-0.128792,-0.332762,-0.120706,0.37668,44036.53343,2001-01-01 12:13:56.533 +0000
0.161353,-0.07979,-0.005105,0.180076,44036.51347,2001-01-01 12:13:56.513 +0000
-0.02027,-0.030839,0.027728,0.04616,44036.49348,2001-01-01 12:13:56.493 +0000
0.006505,-0.050009,0.02155,0.054842,44036.47349,2001-01-01 12:13:56.473 +0000
-0.049811,-0.051186,-0.006608,0.071728,44036.45353,2001-01-01 12:13:56.454 +0000
-0.075582,-0.056441,0.029562,0.098854,44036.43354,2001-01-01 12:13:56.434 +0000
0.005287,-0.079715,0.070774,0.106731,44036.41358,2001-01-01 12:13:56.414 +0000
0.050439,-0.126622,0.043425,0.143049,44036.3936,2001-01-01 12:13:56.394 +0000
-0.03016,-0.127913,-0.023363,0.133482,44036.37361,2001-01-01 12:13:56.374 +0000
-0.137901,-0.071607,-0.053093,0.164205,44036.35365,2001-01-01 12:13:56.354 +0000
-0.155424,-0.027835,-0.009521,0.158183,44036.33366,2001-01-01 12:13:56.334 +0000
-0.054814,-0.102358,-0.020393,0.117888,44036.3137,2001-01-01 12:13:56.314 +0000
-0.030119,-0.209175,-0.143884,0.255664,44036.29371,2001-01-01 12:13:56.294 +0000
-0.244213,-0.109454,-0.247108,0.364256,44036.27375,2001-01-01 12:13:56.274 +0000
-0.419608,0.020372,-0.250782,0.489262,44036.25376,2001-01-01 12:13:56.254 +0000
-0.37948,0.039694,-0.203549,0.43245,44036.23377,2001-01-01 12:13:56.234 +0000
-0.263147,0.000377,-0.198383,0.329548,44036.21382,2001-01-01 12:13:56.214 +0000
-0.182635,-0.064656,-0.24254,0.310422,44036.19383,2001-01-01 12:13:56.194 +0000
-0.252747,-0.048858,-0.294345,0.391033,44036.17387,2001-01-01 12:13:56.174 +0000
-0.5143,0.064885,-0.314584,0.606364,44036.15388,2001-01-01 12:13:56.154 +0000
-0.642962,0.161856,-0.264427,0.713806,44036.13389,2001-01-01 12:13:56.134 +0000
-0.494383,0.20901,-0.195168,0.57113,44036.11393,2001-01-01 12:13:56.114 +0000
-0.369146,0.267797,-0.152811,0.480973,44036.09394,2001-01-01 12:13:56.094 +0000
-0.241332,0.223275,-0.102676,0.344434,44036.07398,2001-01-01 12:13:56.074 +0000
-0.122732,0.097787,-0.051314,0.165102,44036.054,2001-01-01 12:13:56.054 +0000
-0.187749,0.110498,-0.061404,0.22634,44036.03404,2001-01-01 12:13:56.034 +0000
-0.326718,0.247714,-0.10225,0.422566,44036.01405,2001-01-01 12:13:56.014 +0000
-0.331027,0.251983,-0.098016,0.427413,44035.99406,2001-01-01 12:13:55.994 +0000
-0.283827,0.148765,-0.06643,0.327264,44035.9741,2001-01-01 12:13:55.974 +0000
-0.201642,0.044587,-0.002551,0.206528,44035.95415,2001-01-01 12:13:55.954 +0000
-0.081212,-0.005289,0.039001,0.090246,44035.9342,2001-01-01 12:13:55.934 +0000
-0.18083,0.142624,0.003735,0.230336,44035.91421,2001-01-01 12:13:55.914 +0000
-0.361765,0.272534,0.035284,0.454305,44035.89422,2001-01-01 12:13:55.894 +0000
-0.208502,0.000124,0.110786,0.236107,44035.87426,2001-01-01 12:13:55.874 +0000
0.135743,-0.376862,0.058571,0.404823,44035.85427,2001-01-01 12:13:55.854 +0000
0.033767,-0.385586,0.007687,0.387138,44035.83431,2001-01-01 12:13:55.834 +0000
-0.362173,-0.04607,0.000887,0.365092,44035.81432,2001-01-01 12:13:55.814 +0000
-0.617516,0.273388,0.026076,0.675831,44035.79433,2001-01-01 12:13:55.794 +0000
-0.441484,0.11291,0.126003,0.472793,44035.77437,2001-01-01 12:13:55.774 +0000
-0.075132,-0.108279,0.173954,0.218241,44035.75439,2001-01-01 12:13:55.754 +0000
0.033977,-0.158331,0.148114,0.219456,44035.73443,2001-01-01 12:13:55.734 +0000
0.089047,-0.221314,0.079204,0.251362,44035.71444,2001-01-01 12:13:55.714 +0000
-0.030299,-0.192708,0.051608,0.201787,44035.69448,2001-01-01 12:13:55.694 +0000
-0.15018,-0.172385,0.120197,0.258298,44035.67449,2001-01-01 12:13:55.674 +0000
-0.066141,-0.166939,0.143188,0.229665,44035.6545,2001-01-01 12:13:55.655 +0000
0.003422,-0.142554,0.076275,0.161713,44035.63454,2001-01-01 12:13:55.635 +0000
-0.124502,-0.017186,-0.020027,0.127268,44035.61455,2001-01-01 12:13:55.615 +0000
-0.196928,0.031645,-0.067663,0.210619,44035.5946,2001-01-01 12:13:55.595 +0000
-0.127558,-0.047015,-0.019966,0.137405,44035.57461,2001-01-01 12:13:55.575 +0000
-0.089654,-0.004267,0.023982,0.092904,44035.55462,2001-01-01 12:13:55.555 +0000
-0.105899,0.039418,0.032302,0.117524,44035.53466,2001-01-01 12:13:55.535 +0000
-0.071124,-0.109677,0.039353,0.136515,44035.51467,2001-01-01 12:13:55.515 +0000
-0.117792,-0.204428,0.076693,0.248088,44035.49471,2001-01-01 12:13:55.495 +0000
-0.305433,0.029796,0.076928,0.316378,44035.47472,2001-01-01 12:13:55.475 +0000
-0.472085,0.374741,0.043879,0.604335,44035.45473,2001-01-01 12:13:55.455 +0000
-0.462564,0.369461,0.059985,0.595034,44035.43478,2001-01-01 12:13:55.435 +0000
-0.214617,-0.022323,0.081956,0.230816,44035.41479,2001-01-01 12:13:55.415 +0000
-0.187326,-0.134204,0.063211,0.238951,44035.39483,2001-01-01 12:13:55.395 +0000
-0.454382,0.296872,-0.002805,0.542774,44035.37484,2001-01-01 12:13:55.375 +0000
-0.575818,0.63103,-0.102836,0.86043,44035.35488,2001-01-01 12:13:55.355 +0000
-0.515006,0.565752,-0.239017,0.801521,44035.33489,2001-01-01 12:13:55.335 +0000
-0.525621,0.379229,-0.27598,0.704455,44035.3149,2001-01-01 12:13:55.315 +0000
-0.623136,0.43785,-0.235125,0.797054,44035.29494,2001-01-01 12:13:55.295 +0000
-0.620918,0.554144,-0.163836,0.848209,44035.27495,2001-01-01 12:13:55.275 +0000
-0.53795,0.530885,-0.117267,0.76484,44035.255,2001-01-01 12:13:55.255 +0000
-0.435368,0.446862,-0.093908,0.630912,44035.23501,2001-01-01 12:13:55.235 +0000
-0.516871,0.535253,-0.080807,0.748453,44035.21502,2001-01-01 12:13:55.215 +0000
-0.630346,0.770779,-0.007417,0.995736,44035.19506,2001-01-01 12:13:55.195 +0000
-0.478122,0.77097,0.024596,0.907525,44035.17507,2001-01-01 12:13:55.175 +0000
-0.29411,0.560313,0.077699,0.637565,44035.15511,2001-01-01 12:13:55.155 +0000
-0.194118,0.437143,0.209067,0.522,44035.13512,2001-01-01 12:13:55.135 +0000
0.038405,0.387719,0.398828,0.557553,44035.11516,2001-01-01 12:13:55.115 +0000
0.268516,0.416021,0.573403,0.757605,44035.09518,2001-01-01 12:13:55.095 +0000
0.301205,0.597373,0.666091,0.944064,44035.07519,2001-01-01 12:13:55.075 +0000
0.328154,0.462245,0.723271,0.918954,44035.05523,2001-01-01 12:13:55.055 +0000
0.419711,-0.009512,0.760432,0.868623,44035.03524,2001-01-01 12:13:55.035 +0000
0.442092,-0.146197,1.048384,1.147139,44035.01528,2001-01-01 12:13:55.015 +0000
0.241982,0.234426,1.235126,1.280252,44034.99529,2001-01-01 12:13:54.995 +0000
0.262292,0.737734,1.002028,1.271656,44034.9753,2001-01-01 12:13:54.975 +0000
0.151033,1.249647,0.840678,1.513661,44034.95538,2001-01-01 12:13:54.955 +0000
0.088636,1.443164,1.139982,1.841233,44034.93539,2001-01-01 12:13:54.935 +0000
0.716263,0.576152,1.858202,2.073138,44034.91543,2001-01-01 12:13:54.915 +0000
1.422603,-0.777141,1.920073,2.512853,44034.89544,2001-01-01 12:13:54.895 +0000
1.37355,-1.154413,1.86841,2.590418,44034.87545,2001-01-01 12:13:54.875 +0000
1.469219,-0.661723,2.053638,2.610347,44034.85549,2001-01-01 12:13:54.855 +0000
1.803871,-0.149201,2.005352,2.701416,44034.83551,2001-01-01 12:13:54.836 +0000
1.724398,0.324541,1.906293,2.590912,44034.81555,2001-01-01 12:13:54.816 +0000
0.5446,0.597044,1.316321,1.544588,44034.79556,2001-01-01 12:13:54.796 +0000
-0.362254,0.384293,1.277655,1.382502,44034.7756,2001-01-01 12:13:54.776 +0000
-0.425793,0.582885,1.050162,1.274322,44034.75561,2001-01-01 12:13:54.756 +0000
-0.360306,1.168362,0.860955,1.495371,44034.73562,2001-01-01 12:13:54.736 +0000
-0.422774,1.426761,1.120548,1.862797,44034.71566,2001-01-01 12:13:54.716 +0000
-0.381957,0.873818,1.509127,1.785193,44034.69567,2001-01-01 12:13:54.696 +0000
-0.315315,0.426218,1.415696,1.511714,44034.67572,2001-01-01 12:13:54.676 +0000
-0.398392,0.708487,1.001923,1.290163,44034.65573,2001-01-01 12:13:54.656 +0000
-0.406782,1.21325,0.933178,1.583752,44034.63574,2001-01-01 12:13:54.636 +0000
-0.35346,1.103153,1.194554,1.663983,44034.61578,2001-01-01 12:13:54.616 +0000
-0.443363,0.877409,1.258671,1.597082,44034.59579,2001-01-01 12:13:54.596 +0000
-0.643316,0.632114,1.204563,1.504791,44034.57583,2001-01-01 12:13:54.576 +0000
-0.648652,0.80966,1.064069,1.486117,44034.55584,2001-01-01 12:13:54.556 +0000
-0.422457,1.273708,0.832468,1.579178,44034.53585,2001-01-01 12:13:54.536 +0000
-0.307163,1.259895,0.812982,1.530564,44034.5159,2001-01-01 12:13:54.516 +0000
-0.367985,0.885203,0.945017,1.346126,44034.49591,2001-01-01 12:13:54.496 +0000
-0.409368,0.817054,0.96843,1.331546,44034.47595,2001-01-01 12:13:54.476 +0000
-0.311492,1.197193,0.874028,1.51467,44034.45596,2001-01-01 12:13:54.456 +0000
-0.330962,1.419942,0.922443,1.725304,44034.436,2001-01-01 12:13:54.436 +0000
-0.497305,1.044111,1.055906,1.56602,44034.41601,2001-01-01 12:13:54.416 +0000
-0.504951,0.596768,1.086988,1.338899,44034.39602,2001-01-01 12:13:54.396 +0000
-0.151725,0.743116,0.719269,1.045271,44034.37606,2001-01-01 12:13:54.376 +0000
-0.041624,1.421802,0.302517,1.454225,44034.35607,2001-01-01 12:13:54.356 +0000
-0.233593,1.751734,0.237283,1.783099,44034.33612,2001-01-01 12:13:54.336 +0000
-0.259786,1.373042,0.463591,1.472294,44034.31613,2001-01-01 12:13:54.316 +0000
-0.28642,1.182713,0.61352,1.36281,44034.29614,2001-01-01 12:13:54.296 +0000
-0.271813,1.864164,0.479271,1.943886,44034.27618,2001-01-01 12:13:54.276 +0000
-0.228017,2.67925,0.526503,2.739996,44034.25619,2001-01-01 12:13:54.256 +0000
-0.200701,2.820217,0.658799,2.903088,44034.23623,2001-01-01 12:13:54.236 +0000
-0.2596,2.336282,0.556072,2.415538,44034.21624,2001-01-01 12:13:54.216 +0000
-0.636498,2.172282,0.261202,2.278633,44034.19628,2001-01-01 12:13:54.196 +0000
-0.899616,3.07492,0.051819,3.204236,44034.1763,2001-01-01 12:13:54.176 +0000
-0.965418,4.145278,0.400006,4.27497,44034.15631,2001-01-01 12:13:54.156 +0000
-0.898761,4.52943,1.068299,4.739701,44034.13635,2001-01-01 12:13:54.136 +0000
-0.801145,4.186286,1.416088,4.491339,44034.11636,2001-01-01 12:13:54.116 +0000
-0.635213,3.407157,1.202418,3.668518,44034.0964,2001-01-01 12:13:54.096 +0000
-0.640219,2.902366,0.837257,3.087817,44034.07641,2001-01-01 12:13:54.076 +0000
-0.780561,3.375494,0.936532,3.588917,44034.05642,2001-01-01 12:13:54.056 +0000
-0.667069,3.722223,1.109455,3.940916,44034.03646,2001-01-01 12:13:54.036 +0000
-0.234161,3.250154,0.921327,3.386322,44034.01648,2001-01-01 12:13:54.016 +0000
0.332449,1.828489,0.519776,1.929782,44033.99652,2001-01-01 12:13:53.997 +0000
0.466946,1.320043,0.356446,1.444855,44033.97653,2001-01-01 12:13:53.977 +0000
0.587147,2.295243,0.510609,2.423552,44033.95657,2001-01-01 12:13:53.957 +0000
0.98264,2.784829,0.644443,3.022608,44033.93661,2001-01-01 12:13:53.937 +0000
1.437212,1.977736,0.665732,2.533815,44033.91662,2001-01-01 12:13:53.917 +0000
1.471933,1.132025,0.702457,1.985325,44033.89666,2001-01-01 12:13:53.897 +0000
0.982835,1.318557,0.889913,1.869894,44033.87667,2001-01-01 12:13:53.877 +0000
0.883433,1.916811,1.172908,2.414608,44033.85671,2001-01-01 12:13:53.857 +0000
1.837447,1.738245,1.480083,2.930589,44033.83673,2001-01-01 12:13:53.837 +0000
2.655017,1.222739,1.701773,3.382342,44033.81674,2001-01-01 12:13:53.817 +0000
2.23588,1.772909,2.020139,3.496188,44033.79678,2001-01-01 12:13:53.797 +0000
1.39994,2.86847,2.448541,4.022847,44033.77679,2001-01-01 12:13:53.777 +0000
1.099488,2.94502,2.903627,4.279377,44033.75683,2001-01-01 12:13:53.757 +0000
1.721181,2.131143,3.145107,4.170843,44033.73684,2001-01-01 12:13:53.737 +0000
2.648891,1.083447,2.660564,3.907567,44033.71685,2001-01-01 12:13:53.717 +0000
3.033343,0.571495,1.872784,3.610414,44033.69689,2001-01-01 12:13:53.697 +0000
2.766969,0.505522,1.553818,3.213412,44033.6769,2001-01-01 12:13:53.677 +0000
2.453917,-0.102961,1.988243,3.159971,44033.65695,2001-01-01 12:13:53.657 +0000
2.046329,-0.508041,3.277354,3.897001,44033.63696,2001-01-01 12:13:53.637 +0000
1.532127,-0.306917,4.622866,4.879805,44033.61697,2001-01-01 12:13:53.617 +0000
1.393148,-0.445672,4.982393,5.192661,44033.59701,2001-01-01 12:13:53.597 +0000
0.97957,-0.648233,4.613653,4.760836,44033.57702,2001-01-01 12:13:53.577 +0000
0.587085,0.029533,4.829276,4.86492,44033.55706,2001-01-01 12:13:53.557 +0000
1.101715,0.291344,5.006204,5.134271,44033.53707,2001-01-01 12:13:53.537 +0000
1.919039,-0.939933,4.412427,4.902621,44033.51711,2001-01-01 12:13:53.517 +0000
1.527469,-2.142849,4.012362,4.798335,44033.49713,2001-01-01 12:13:53.497 +0000
0.366794,-2.449009,4.60907,5.23218,44033.47714,2001-01-01 12:13:53.477 +0000
-0.415625,-1.825102,5.554136,5.861073,44033.45718,2001-01-01 12:13:53.457 +0000
-0.815588,-1.573486,5.755908,6.022584,44033.43719,2001-01-01 12:13:53.437 +0000
-0.980429,-1.772841,5.318316,5.691106,44033.41723,2001-01-01 12:13:53.417 +0000
-0.913234,-2.192238,4.574089,5.153852,44033.39724,2001-01-01 12:13:53.397 +0000
-0.699259,-2.361558,3.68165,4.429499,44033.37725,2001-01-01 12:13:53.377 +0000
-0.553058,-2.145977,2.94371,3.684633,44033.35729,2001-01-01 12:13:53.357 +0000
-0.32781,-2.249803,2.253117,3.200876,44033.3373,2001-01-01 12:13:53.337 +0000
0.186079,-2.969172,1.552255,3.355607,44033.31735,2001-01-01 12:13:53.317 +0000
0.399267,-3.522408,0.919434,3.662258,44033.29736,2001-01-01 12:13:53.297 +0000
-0.066408,-3.249385,0.327868,3.26656,44033.2774,2001-01-01 12:13:53.277 +0000
-0.777521,-3.035956,-0.166889,3.138379,44033.25741,2001-01-01 12:13:53.257 +0000
-1.353825,-3.146732,-0.845776,3.52847,44033.23742,2001-01-01 12:13:53.237 +0000
-1.493796,-3.30688,-1.374129,3.880092,44033.21746,2001-01-01 12:13:53.217 +0000
-1.417472,-3.473837,-1.706536,4.121775,44033.19747,2001-01-01 12:13:53.197 +0000
-1.588681,-3.48671,-2.119033,4.37851,44033.17751,2001-01-01 12:13:53.178 +0000
-1.952434,-3.423333,-2.654847,4.75178,44033.15753,2001-01-01 12:13:53.158 +0000
-2.362417,-3.468092,-3.394764,5.397508,44033.13754,2001-01-01 12:13:53.138 +0000
-2.770204,-3.273665,-4.336197,6.098649,44033.11758,2001-01-01 12:13:53.118 +0000
-2.713753,-2.766482,-4.734681,6.118422,44033.09759,2001-01-01 12:13:53.098 +0000
-2.017268,-2.718335,-4.855127,5.918697,44033.07763,2001-01-01 12:13:53.078 +0000
-1.154892,-3.118213,-5.268145,6.229798,44033.05764,2001-01-01 12:13:53.058 +0000
-0.642717,-3.198529,-6.013496,6.841477,44033.03765,2001-01-01 12:13:53.038 +0000
-0.470038,-2.871227,-6.812466,7.407738,44033.01769,2001-01-01 12:13:53.018 +0000
-0.05506,-2.728613,-6.987426,7.501499,44032.99771,2001-01-01 12:13:52.998 +0000
0.991915,-2.666663,-6.375751,6.981776,44032.97775,2001-01-01 12:13:52.978 +0000
2.147076,-2.543813,-5.723978,6.621544,44032.95777,2001-01-01 12:13:52.958 +0000
2.090877,-2.045257,-5.278006,6.034252,44032.93781,2001-01-01 12:13:52.938 +0000
1.800364,-1.094658,-5.043204,5.465665,44032.91783,2001-01-01 12:13:52.918 +0000
2.907189,-0.398375,-4.251203,5.165576,44032.89784,2001-01-01 12:13:52.898 +0000
4.385942,-0.249151,-3.370793,5.53722,44032.87788,2001-01-01 12:13:52.878 +0000
4.640387,-0.677295,-2.980043,5.556309,44032.85789,2001-01-01 12:13:52.858 +0000
4.133695,-1.365798,-2.539227,5.039892,44032.83793,2001-01-01 12:13:52.838 +0000
4.544769,-0.986328,-1.713663,4.956249,44032.81794,2001-01-01 12:13:52.818 +0000
5.32207,0.040701,-0.620259,5.358246,44032.79795,2001-01-01 12:13:52.798 +0000
5.816427,0.065423,-0.250491,5.822186,44032.77799,2001-01-01 12:13:52.778 +0000
5.0833,-0.203991,-0.421394,5.104813,44032.758,2001-01-01 12:13:52.758 +0000
3.768946,-0.072605,-0.319496,3.78316,44032.73805,2001-01-01 12:13:52.738 +0000
3.481411,-0.471774,0.315412,3.527362,44032.71806,2001-01-01 12:13:52.718 +0000
5.056427,-1.297187,1.203395,5.35708,44032.69807,2001-01-01 12:13:52.698 +0000
5.888857,-0.884597,1.944095,6.264236,44032.67811,2001-01-01 12:13:52.678 +0000
5.266526,0.445449,1.933075,5.627744,44032.65812,2001-01-01 12:13:52.658 +0000
4.328065,0.777302,1.576436,4.671349,44032.63816,2001-01-01 12:13:52.638 +0000
3.649137,0.1754,1.340555,3.891536,44032.61817,2001-01-01 12:13:52.618 +0000
3.928036,-0.601861,1.841407,4.379782,44032.59821,2001-01-01 12:13:52.598 +0000
4.65042,-0.886053,3.004252,5.606873,44032.57823,2001-01-01 12:13:52.578 +0000
4.479031,-0.429011,3.496573,5.698402,44032.55824,2001-01-01 12:13:52.558 +0000
3.800677,-0.028944,3.078463,4.891106,44032.53828,2001-01-01 12:13:52.538 +0000
3.108132,-0.454298,2.304549,3.895872,44032.51829,2001-01-01 12:13:52.518 +0000
2.572488,-0.832135,2.169466,3.466515,44032.49833,2001-01-01 12:13:52.498 +0000
2.543854,-1.220441,2.812503,3.983822,44032.47834,2001-01-01 12:13:52.478 +0000
2.443118,-1.408021,3.232258,4.289387,44032.45835,2001-01-01 12:13:52.458 +0000
1.535806,-1.515155,2.82894,3.557709,44032.43839,2001-01-01 12:13:52.438 +0000
0.407415,-1.971868,2.422943,3.150381,44032.41841,2001-01-01 12:13:52.418 +0000
-0.323158,-2.449835,2.347721,3.408507,44032.39845,2001-01-01 12:13:52.398 +0000
-0.651498,-2.498955,2.396928,3.52342,44032.37846,2001-01-01 12:13:52.378 +0000
-1.055943,-2.51482,2.134593,3.463499,44032.3585,2001-01-01 12:13:52.358 +0000
-1.680503,-2.571016,1.996967,3.663617,44032.33851,2001-01-01 12:13:52.339 +0000
-1.988899,-2.679085,2.323212,4.065776,44032.31852,2001-01-01 12:13:52.319 +0000
-2.051002,-2.747673,2.603998,4.305475,44032.29856,2001-01-01 12:13:52.299 +0000
-2.206567,-2.596393,2.653825,4.31891,44032.27857,2001-01-01 12:13:52.279 +0000
-2.234383,-2.402431,2.694782,4.245703,44032.25862,2001-01-01 12:13:52.259 +0000
-1.836741,-2.656714,2.705637,4.213338,44032.23863,2001-01-01 12:13:52.239 +0000
-1.812721,-2.633545,2.591405,4.115446,44032.21864,2001-01-01 12:13:52.219 +0000
-1.8669,-2.275994,2.454367,3.832673,44032.19868,2001-01-01 12:13:52.199 +0000
-1.598409,-2.287895,2.302346,3.618034,44032.17869,2001-01-01 12:13:52.179 +0000
-1.313762,-2.303044,2.124798,3.397756,44032.15873,2001-01-01 12:13:52.159 +0000
-1.209083,-2.253538,1.868927,3.167524,44032.13874,2001-01-01 12:13:52.139 +0000
-1.153257,-2.139907,1.710856,2.97258,44032.11875,2001-01-01 12:13:52.119 +0000
-1.212123,-2.13923,1.572619,2.918677,44032.09879,2001-01-01 12:13:52.099 +0000
-1.102181,-2.089249,1.505909,2.801343,44032.07881,2001-01-01 12:13:52.079 +0000
-0.831454,-2.325962,1.337417,2.808932,44032.05885,2001-01-01 12:13:52.059 +0000
-0.771681,-2.448043,1.063545,2.778406,44032.03886,2001-01-01 12:13:52.039 +0000
-0.912947,-2.467315,0.639514,2.707415,44032.0189,2001-01-01 12:13:52.019 +0000
-1.096302,-2.957032,-0.035691,3.153916,44031.99891,2001-01-01 12:13:51.999 +0000
-1.096587,-3.545208,-0.946602,3.82976,44031.97892,2001-01-01 12:13:51.979 +0000
-0.949517,-3.818868,-1.796469,4.32581,44031.95898,2001-01-01 12:13:51.959 +0000
-0.500193,-3.768649,-2.294704,4.440561,44031.93899,2001-01-01 12:13:51.939 +0000
-0.225026,-3.552257,-2.31908,4.248211,44031.91904,2001-01-01 12:13:51.919 +0000
-0.50628,-3.242248,-2.230997,3.968103,44031.89905,2001-01-01 12:13:51.899 +0000
-1.109203,-3.276236,-2.440128,4.232999,44031.87906,2001-01-01 12:13:51.879 +0000
-1.477935,-3.247648,-2.828426,4.553186,44031.8591,2001-01-01 12:13:51.859 +0000
-1.182904,-3.195696,-3.013566,4.54899,44031.83911,2001-01-01 12:13:51.839 +0000
-0.785405,-2.785793,-2.79509,4.023684,44031.81915,2001-01-01 12:13:51.819 +0000
-1.021121,-2.190258,-2.707476,3.629096,44031.79916,2001-01-01 12:13:51.799 +0000
-1.612655,-2.1767,-3.076935,4.099537,44031.77917,2001-01-01 12:13:51.779 +0000
-2.106677,-2.56118,-3.751317,5.007006,44031.75922,2001-01-01 12:13:51.759 +0000
-1.94613,-2.367848,-4.017887,5.053468,44031.73923,2001-01-01 12:13:51.739 +0000
-1.154339,-2.000154,-3.753895,4.407362,44031.71927,2001-01-01 12:13:51.719 +0000
-0.584487,-1.631902,-3.628171,4.020989,44031.69928,2001-01-01 12:13:51.699 +0000
-0.567411,-1.327836,-3.87464,4.134965,44031.67932,2001-01-01 12:13:51.679 +0000
-0.776343,-0.900144,-4.033215,4.204734,44031.65933,2001-01-01 12:13:51.659 +0000
-0.677361,-0.4075,-3.867198,3.947163,44031.63934,2001-01-01 12:13:51.639 +0000
-0.287604,-0.117004,-3.684779,3.697838,44031.61938,2001-01-01 12:13:51.619 +0000
0.415661,-0.355447,-3.81936,3.858319,44031.5994,2001-01-01 12:13:51.599 +0000
1.156124,-0.890264,-4.056529,4.310989,44031.57944,2001-01-01 12:13:51.579 +0000
1.571665,-0.863324,-4.054867,4.433667,44031.55945,2001-01-01 12:13:51.559 +0000
1.809604,-0.347973,-3.795014,4.218753,44031.53946,2001-01-01 12:13:51.539 +0000
2.256741,0.536596,-3.343489,4.069365,44031.5195,2001-01-01 12:13:51.519 +0000
2.745241,1.124215,-2.798986,4.078545,44031.49951,2001-01-01 12:13:51.500 +0000
2.420522,1.115147,-2.495559,3.651067,44031.47955,2001-01-01 12:13:51.480 +0000
1.666462,1.408684,-2.466184,3.292955,44031.45956,2001-01-01 12:13:51.460 +0000
1.484563,1.681013,-2.565387,3.407483,44031.43957,2001-01-01 12:13:51.440 +0000
2.480193,1.272545,-2.618462,3.824536,44031.41962,2001-01-01 12:13:51.420 +0000
3.57387,0.758282,-2.406667,4.374881,44031.39963,2001-01-01 12:13:51.400 +0000
3.41731,0.723923,-2.042199,4.046313,44031.37967,2001-01-01 12:13:51.380 +0000
3.320947,0.807406,-1.857156,3.889682,44031.35968,2001-01-01 12:13:51.360 +0000
4.310707,0.443193,-1.676387,4.646385,44031.33972,2001-01-01 12:13:51.340 +0000
5.163756,-0.238094,-1.730752,5.451291,44031.31973,2001-01-01 12:13:51.320 +0000
4.689052,-0.679754,-1.846018,5.084984,44031.29974,2001-01-01 12:13:51.300 +0000
3.795563,-0.439732,-1.449872,4.086783,44031.27978,2001-01-01 12:13:51.280 +0000
3.50883,0.286572,-0.597904,3.570924,44031.2598,2001-01-01 12:13:51.260 +0000
4.435178,0.091846,0.071354,4.436703,44031.23984,2001-01-01 12:13:51.240 +0000
4.62395,-0.408638,0.09429,4.642929,44031.21985,2001-01-01 12:13:51.220 +0000
3.807385,-0.584429,-0.100938,3.8533,44031.19986,2001-01-01 12:13:51.200 +0000
3.000328,-0.760969,0.254183,3.105745,44031.1799,2001-01-01 12:13:51.180 +0000
2.942943,-0.728645,1.27093,3.287416,44031.15991,2001-01-01 12:13:51.160 +0000
3.980205,-1.252006,2.548743,4.889339,44031.13995,2001-01-01 12:13:51.140 +0000
4.011528,-1.497473,3.21103,5.352148,44031.11996,2001-01-01 12:13:51.120 +0000
3.530229,-1.328705,3.534287,5.169058,44031.09998,2001-01-01 12:13:51.100 +0000
3.416049,-1.510087,3.880207,5.3857,44031.08002,2001-01-01 12:13:51.080 +0000
3.428776,-2.071843,4.160701,5.775853,44031.06003,2001-01-01 12:13:51.060 +0000
3.055303,-2.435363,4.16558,5.711211,44031.04007,2001-01-01 12:13:51.040 +0000
1.951062,-2.302202,4.063737,5.061693,44031.02008,2001-01-01 12:13:51.020 +0000
0.928756,-2.211006,4.196565,4.833455,44031.00012,2001-01-01 12:13:51.000 +0000
0.290728,-2.220941,4.670979,5.180265,44030.98013,2001-01-01 12:13:50.980 +0000
0.152236,-2.068323,5.251968,5.646619,44030.96018,2001-01-01 12:13:50.960 +0000
0.051442,-2.477731,5.14448,5.710296,44030.94022,2001-01-01 12:13:50.940 +0000
-0.415012,-3.126238,4.526564,5.516827,44030.92023,2001-01-01 12:13:50.920 +0000
-1.322269,-3.206198,3.913745,5.229293,44030.90027,2001-01-01 12:13:50.900 +0000
-2.020231,-2.848494,3.600331,5.015739,44030.88028,2001-01-01 12:13:50.880 +0000
-2.115047,-2.668908,3.449612,4.8473,44030.86029,2001-01-01 12:13:50.860 +0000
-1.809049,-2.836532,3.209581,4.649729,44030.84034,2001-01-01 12:13:50.840 +0000
-1.481615,-3.164108,2.898539,4.539635,44030.82035,2001-01-01 12:13:50.820 +0000
-1.365095,-3.201203,2.513694,4.292999,44030.80039,2001-01-01 12:13:50.800 +0000
-1.110405,-3.0728,2.240456,3.961659,44030.7804,2001-01-01 12:13:50.780 +0000
-0.779258,-2.695618,2.173281,3.54919,44030.76041,2001-01-01 12:13:50.760 +0000
-0.214697,-2.742733,1.910092,3.349199,44030.74045,2001-01-01 12:13:50.740 +0000
0.408443,-3.011196,1.29529,3.303317,44030.72046,2001-01-01 12:13:50.720 +0000
0.752854,-3.072939,0.784897,3.259725,44030.7005,2001-01-01 12:13:50.701 +0000
0.870289,-3.131851,0.6213,3.309367,44030.68052,2001-01-01 12:13:50.681 +0000
0.828918,-3.014572,0.673059,3.198087,44030.66056,2001-01-01 12:13:50.661 +0000
0.598553,-2.696352,0.621488,2.831047,44030.64057,2001-01-01 12:13:50.641 +0000
0.591742,-2.708595,-0.01322,2.772512,44030.62058,2001-01-01 12:13:50.621 +0000
0.935885,-3.356123,-0.903481,3.599405,44030.60062,2001-01-01 12:13:50.601 +0000
0.996487,-3.486437,-1.488262,3.919585,44030.58063,2001-01-01 12:13:50.581 +0000
0.809625,-3.237925,-2.165497,3.978571,44030.56067,2001-01-01 12:13:50.561 +0000
0.495369,-2.965883,-2.767792,4.086872,44030.54068,2001-01-01 12:13:50.541 +0000
0.348346,-2.844026,-3.41129,4.454967,44030.5207,2001-01-01 12:13:50.521 +0000
0.3408,-3.328893,-3.902607,5.140818,44030.50074,2001-01-01 12:13:50.501 +0000
0.084489,-3.391866,-4.30272,5.479534,44030.48075,2001-01-01 12:13:50.481 +0000
-0.247471,-2.939621,-4.404492,5.301148,44030.46079,2001-01-01 12:13:50.461 +0000
-0.326114,-2.608243,-4.350361,5.082807,44030.4408,2001-01-01 12:13:50.441 +0000
-0.459221,-2.417024,-4.523809,5.149538,44030.42081,2001-01-01 12:13:50.421 +0000
-0.611728,-1.947801,-4.704555,5.128448,44030.40085,2001-01-01 12:13:50.401 +0000
-0.653336,-1.678391,-4.734418,5.065427,44030.38086,2001-01-01 12:13:50.381 +0000
-0.577143,-1.301478,-4.407964,4.632179,44030.3609,2001-01-01 12:13:50.361 +0000
-0.480419,-0.618206,-3.837515,3.916568,44030.34092,2001-01-01 12:13:50.341 +0000
-0.513457,0.08036,-3.503056,3.541397,44030.32096,2001-01-01 12:13:50.321 +0000
-0.365594,0.279844,-3.435284,3.465999,44030.30097,2001-01-01 12:13:50.301 +0000
0.026595,0.145572,-3.142706,3.146188,44030.28098,2001-01-01 12:13:50.281 +0000
0.124201,0.722334,-2.991886,3.080353,44030.26102,2001-01-01 12:13:50.261 +0000
0.310779,1.260058,-2.716413,3.01052,44030.24103,2001-01-01 12:13:50.241 +0000
0.630393,1.161921,-2.436176,2.771716,44030.22107,2001-01-01 12:13:50.221 +0000
0.895728,0.738559,-2.266547,2.546573,44030.20108,2001-01-01 12:13:50.201 +0000
1.092272,0.72045,-2.32394,2.666984,44030.1811,2001-01-01 12:13:50.181 +0000
1.256329,1.218607,-2.529341,3.075863,44030.16114,2001-01-01 12:13:50.161 +0000
1.543969,1.48449,-2.361435,3.188091,44030.14115,2001-01-01 12:13:50.141 +0000
1.743614,1.181943,-1.99704,2.902645,44030.12119,2001-01-01 12:13:50.121 +0000
1.782154,0.935248,-1.828353,2.719124,44030.1012,2001-01-01 12:13:50.101 +0000
1.734988,1.160097,-1.784405,2.745926,44030.08121,2001-01-01 12:13:50.081 +0000
2.039122,1.500647,-1.582398,2.985623,44030.06125,2001-01-01 12:13:50.061 +0000
2.505198,1.341833,-1.327721,3.136778,44030.04126,2001-01-01 12:13:50.041 +0000
2.656422,0.913099,-1.14282,3.032551,44030.02131,2001-01-01 12:13:50.021 +0000
2.723168,1.025392,-0.986672,3.072555,44030.00132,2001-01-01 12:13:50.001 +0000
2.95791,1.607719,-0.780448,3.455878,44029.98136,2001-01-01 12:13:49.981 +0000
3.316614,1.671974,-0.750421,3.789269,44029.96137,2001-01-01 12:13:49.961 +0000
3.59138,0.868423,-0.964359,3.818659,44029.94141,2001-01-01 12:13:49.941 +0000
3.747415,0.695067,-0.896587,3.915368,44029.92145,2001-01-01 12:13:49.921 +0000
3.665778,1.767302,-0.218342,4.075409,44029.90147,2001-01-01 12:13:49.901 +0000
3.472923,2.138893,0.188586,4.08309,44029.88151,2001-01-01 12:13:49.882 +0000
3.469779,1.261048,0.166375,3.695577,44029.86152,2001-01-01 12:13:49.862 +0000
3.504143,0.564327,0.143925,3.55221,44029.84153,2001-01-01 12:13:49.842 +0000
3.632075,0.917029,0.571234,3.789356,44029.82157,2001-01-01 12:13:49.822 +0000
3.517109,1.465571,1.001714,3.939719,44029.80158,2001-01-01 12:13:49.802 +0000
3.11189,1.4907,1.371821,3.713212,44029.78162,2001-01-01 12:13:49.782 +0000
3.237895,0.690756,1.792633,3.764922,44029.76163,2001-01-01 12:13:49.762 +0000
3.540847,0.435096,2.133022,4.156523,44029.74164,2001-01-01 12:13:49.742 +0000
3.846992,0.591327,2.32379,4.533102,44029.72169,2001-01-01 12:13:49.722 +0000
3.804946,-0.058538,2.744128,4.691618,44029.7017,2001-01-01 12:13:49.702 +0000
3.642218,-1.00412,3.798083,5.357187,44029.68174,2001-01-01 12:13:49.682 +0000
2.833295,-0.370452,5.247282,5.974844,44029.66175,2001-01-01 12:13:49.662 +0000
2.065885,0.620664,6.063231,6.435516,44029.64176,2001-01-01 12:13:49.642 +0000
1.864922,-0.082528,5.651341,5.951672,44029.6218,2001-01-01 12:13:49.622 +0000
1.584664,-1.595207,4.885302,5.377919,44029.60181,2001-01-01 12:13:49.602 +0000
0.828886,-2.09063,4.225482,4.786699,44029.58185,2001-01-01 12:13:49.582 +0000
0.153266,-1.569785,3.967338,4.269366,44029.56187,2001-01-01 12:13:49.562 +0000
0.489028,-1.734609,3.559744,3.989962,44029.54191,2001-01-01 12:13:49.542 +0000
0.655722,-2.393474,3.300875,4.129705,44029.52192,2001-01-01 12:13:49.522 +0000
-0.00864,-2.492072,3.258193,4.10199,44029.50193,2001-01-01 12:13:49.502 +0000
-0.662012,-2.157825,3.350109,4.039518,44029.48197,2001-01-01 12:13:49.482 +0000
-0.552152,-2.164601,3.16388,3.873049,44029.46198,2001-01-01 12:13:49.462 +0000
-0.395805,-2.417206,3.064113,3.922797,44029.44202,2001-01-01 12:13:49.442 +0000
-0.22429,-2.517426,2.980062,3.907494,44029.42203,2001-01-01 12:13:49.422 +0000
0.107884,-2.367569,2.743619,3.62553,44029.40205,2001-01-01 12:13:49.402 +0000
0.379966,-2.406037,2.189934,3.275546,44029.38209,2001-01-01 12:13:49.382 +0000
0.645208,-2.552593,1.439891,3.000885,44029.3621,2001-01-01 12:13:49.362 +0000
0.674807,-3.073958,0.826045,3.253757,44029.34214,2001-01-01 12:13:49.342 +0000
0.649001,-3.518381,0.325948,3.592554,44029.32215,2001-01-01 12:13:49.322 +0000
0.505555,-3.386221,-0.032262,3.423904,44029.30216,2001-01-01 12:13:49.302 +0000
0.275452,-3.224221,-0.360151,3.255946,44029.2822,2001-01-01 12:13:49.282 +0000
0.25543,-3.489947,-0.543348,3.541214,44029.26221,2001-01-01 12:13:49.262 +0000
0.085987,-3.560076,-0.848826,3.66088,44029.24226,2001-01-01 12:13:49.242 +0000
-0.435913,-3.429668,-1.37093,3.719152,44029.22227,2001-01-01 12:13:49.222 +0000
-0.612647,-3.71703,-2.066942,4.296964,44029.20231,2001-01-01 12:13:49.202 +0000
-0.48318,-3.975588,-2.836831,4.907787,44029.18232,2001-01-01 12:13:49.182 +0000
-0.531818,-3.675186,-3.677825,5.226492,44029.16233,2001-01-01 12:13:49.162 +0000
-0.930142,-3.488314,-4.234509,5.564581,44029.14237,2001-01-01 12:13:49.142 +0000
-1.43252,-3.2891,-4.510911,5.763559,44029.12238,2001-01-01 12:13:49.122 +0000
-1.868995,-3.021722,-4.81163,5.981281,44029.10242,2001-01-01 12:13:49.102 +0000
-2.034901,-2.250936,-4.952682,5.808321,44029.08243,2001-01-01 12:13:49.082 +0000
-1.714073,-2.443581,-4.978843,5.804999,44029.06245,2001-01-01 12:13:49.062 +0000
-1.3898,-2.872348,-4.857953,5.812197,44029.04249,2001-01-01 12:13:49.042 +0000
-1.571098,-2.245522,-4.626876,5.377611,44029.0225,2001-01-01 12:13:49.022 +0000
-2.171682,-0.896058,-4.54698,5.118022,44029.00254,2001-01-01 12:13:49.003 +0000
-2.181957,-0.136589,-4.146285,4.687352,44028.98255,2001-01-01 12:13:48.983 +0000
-1.307306,-0.521705,-3.770699,4.024847,44028.96256,2001-01-01 12:13:48.963 +0000
-0.327868,-1.59529,-3.972736,4.293609,44028.94264,2001-01-01 12:13:48.943 +0000
0.061934,-1.576634,-4.294983,4.575641,44028.92265,2001-01-01 12:13:48.923 +0000
0.4034,-0.457566,-4.183527,4.227765,44028.90269,2001-01-01 12:13:48.903 +0000
0.806088,0.129773,-3.726152,3.814554,44028.8827,2001-01-01 12:13:48.883 +0000
0.981963,0.314539,-3.161293,3.325201,44028.86271,2001-01-01 12:13:48.863 +0000
0.968745,0.6722,-2.839664,3.074738,44028.84275,2001-01-01 12:13:48.843 +0000
1.361819,1.151272,-2.649187,3.193458,44028.82276,2001-01-01 12:13:48.823 +0000
2.027537,1.376711,-2.577991,3.557004,44028.8028,2001-01-01 12:13:48.803 +0000
2.411643,0.927282,-2.643631,3.696574,44028.78282,2001-01-01 12:13:48.783 +0000
2.357455,0.130152,-2.74975,3.624315,44028.76286,2001-01-01 12:13:48.763 +0000
2.401336,-0.37321,-2.556822,3.527469,44028.74287,2001-01-01 12:13:48.743 +0000
3.135195,0.009928,-2.063533,3.75336,44028.72288,2001-01-01 12:13:48.723 +0000
3.509228,0.437276,-1.677506,3.914067,44028.70292,2001-01-01 12:13:48.703 +0000
3.063498,0.672884,-1.473864,3.465554,44028.68293,2001-01-01 12:13:48.683 +0000
2.929897,0.706344,-1.260086,3.266655,44028.66297,2001-01-01 12:13:48.663 +0000
3.482615,0.602748,-1.10114,3.701949,44028.64298,2001-01-01 12:13:48.643 +0000
3.7578,0.608628,-0.960392,3.926047,44028.62299,2001-01-01 12:13:48.623 +0000
3.016411,0.751256,-0.790548,3.207505,44028.60304,2001-01-01 12:13:48.603 +0000
2.3832,0.826145,-0.476608,2.566966,44028.58305,2001-01-01 12:13:48.583 +0000
2.76734,0.376529,-0.190707,2.799342,44028.56309,2001-01-01 12:13:48.563 +0000
3.606591,-0.289908,-0.266576,3.628031,44028.5431,2001-01-01 12:13:48.543 +0000
3.630717,-0.305057,-0.36788,3.662035,44028.52311,2001-01-01 12:13:48.523 +0000
2.630212,0.406934,0.080755,2.662731,44028.50315,2001-01-01 12:13:48.503 +0000
1.842721,0.767241,0.836309,2.164184,44028.48316,2001-01-01 12:13:48.483 +0000
2.527726,-0.361463,1.257514,2.846295,44028.4632,2001-01-01 12:13:48.463 +0000
3.095542,-1.099304,0.822056,3.386241,44028.44322,2001-01-01 12:13:48.443 +0000
2.770178,-0.783494,0.260171,2.890577,44028.42326,2001-01-01 12:13:48.423 +0000
1.878802,-0.129895,0.329312,1.911861,44028.40327,2001-01-01 12:13:48.403 +0000
1.846864,0.315898,1.395327,2.336158,44028.38328,2001-01-01 12:13:48.383 +0000
3.501136,-0.518296,2.583051,4.381636,44028.36332,2001-01-01 12:13:48.363 +0000
4.200001,-1.74082,2.543007,5.209352,44028.34333,2001-01-01 12:13:48.343 +0000
3.595776,-2.121571,2.114697,4.680022,44028.32337,2001-01-01 12:13:48.323 +0000
2.268602,-1.345638,2.242538,3.46212,44028.30338,2001-01-01 12:13:48.303 +0000
1.624513,-0.172055,3.144304,3.543345,44028.2834,2001-01-01 12:13:48.283 +0000
2.75283,-0.861665,3.942354,4.884946,44028.26344,2001-01-01 12:13:48.263 +0000
2.976235,-2.030895,4.05389,5.423702,44028.24345,2001-01-01 12:13:48.243 +0000
2.068072,-1.961364,4.009106,4.919025,44028.22349,2001-01-01 12:13:48.223 +0000
1.019014,-1.644754,3.979796,4.425198,44028.2035,2001-01-01 12:13:48.204 +0000
0.532311,-1.254377,4.317373,4.527309,44028.18351,2001-01-01 12:13:48.184 +0000
0.889893,-1.441624,4.735946,5.029848,44028.16355,2001-01-01 12:13:48.164 +0000
1.02439,-2.240137,4.447321,5.083921,44028.14356,2001-01-01 12:13:48.144 +0000
0.428548,-2.682311,3.73501,4.618306,44028.12361,2001-01-01 12:13:48.124 +0000
-0.333161,-2.523994,3.368283,4.222188,44028.10362,2001-01-01 12:13:48.104 +0000
-0.729918,-2.117158,3.444638,4.108609,44028.08363,2001-01-01 12:13:48.084 +0000
-0.541571,-2.217892,3.576541,4.243111,44028.06367,2001-01-01 12:13:48.064 +0000
-0.614505,-2.392558,3.613922,4.377485,44028.04368,2001-01-01 12:13:48.044 +0000
-0.955538,-2.448551,3.473934,4.356223,44028.02372,2001-01-01 12:13:48.024 +0000
-0.972862,-2.42657,3.323098,4.228201,44028.00373,2001-01-01 12:13:48.004 +0000
-0.816026,-2.23409,3.143055,3.941554,44027.98377,2001-01-01 12:13:47.984 +0000
-0.700799,-2.047383,2.796059,3.535653,44027.96378,2001-01-01 12:13:47.964 +0000
-0.409343,-2.437647,2.134473,3.265832,44027.94382,2001-01-01 12:13:47.944 +0000
0.062924,-2.812116,1.345843,3.118213,44027.92386,2001-01-01 12:13:47.924 +0000
0.338719,-2.847607,0.703489,2.952709,44027.90387,2001-01-01 12:13:47.904 +0000
0.125014,-2.616216,0.430016,2.654267,44027.88391,2001-01-01 12:13:47.884 +0000
-0.242973,-2.433955,0.151362,2.450731,44027.86393,2001-01-01 12:13:47.864 +0000
-0.254722,-2.987955,-0.294918,3.01326,44027.84394,2001-01-01 12:13:47.844 +0000
-0.27931,-3.398419,-0.847457,3.513609,44027.82398,2001-01-01 12:13:47.824 +0000
-0.458314,-3.158127,-1.406012,3.487218,44027.80399,2001-01-01 12:13:47.804 +0000
-0.6339,-2.754818,-1.953233,3.435982,44027.78403,2001-01-01 12:13:47.784 +0000
-0.588934,-2.43335,-2.064929,3.245299,44027.76404,2001-01-01 12:13:47.764 +0000
-0.366998,-2.14322,-1.979807,2.9407,44027.74405,2001-01-01 12:13:47.744 +0000
-0.24148,-1.8938,-1.958268,2.734886,44027.72409,2001-01-01 12:13:47.724 +0000
-0.488517,-1.986401,-2.281305,3.064114,44027.70411,2001-01-01 12:13:47.704 +0000
-0.838205,-2.046427,-2.753647,3.531716,44027.68415,2001-01-01 12:13:47.684 +0000
-0.883484,-1.707099,-2.938658,3.511473,44027.66416,2001-01-01 12:13:47.664 +0000
-0.517017,-1.420321,-2.958335,3.322102,44027.64417,2001-01-01 12:13:47.644 +0000
-0.279851,-1.578168,-3.102691,3.492223,44027.62421,2001-01-01 12:13:47.624 +0000
-0.487268,-1.30801,-3.210608,3.500903,44027.60422,2001-01-01 12:13:47.604 +0000
-0.90368,-0.474668,-3.396261,3.546341,44027.58426,2001-01-01 12:13:47.584 +0000
-1.281145,0.280234,-3.43719,3.678877,44027.56427,2001-01-01 12:13:47.564 +0000
-1.209831,0.954639,-3.423582,3.754456,44027.54432,2001-01-01 12:13:47.544 +0000
-0.65248,0.870822,-3.877984,4.027756,44027.52433,2001-01-01 12:13:47.524 +0000
0.266412,-0.144073,-4.875561,4.88496,44027.50434,2001-01-01 12:13:47.504 +0000
1.334847,-0.868481,-5.623956,5.84508,44027.48438,2001-01-01 12:13:47.484 +0000
2.112216,-0.585885,-5.73274,6.137509,44027.46439,2001-01-01 12:13:47.464 +0000
2.671675,-0.12543,-5.367991,5.997408,44027.44443,2001-01-01 12:13:47.444 +0000
2.583771,0.5112,-5.077542,5.72002,44027.42444,2001-01-01 12:13:47.424 +0000
2.481539,1.577532,-5.051212,5.844774,44027.40445,2001-01-01 12:13:47.404 +0000
3.158726,1.528965,-5.07536,6.170458,44027.38449,2001-01-01 12:13:47.384 +0000
4.30415,0.017156,-5.058178,6.641624,44027.36451,2001-01-01 12:13:47.365 +0000
4.827935,-1.027832,-5.192847,7.164569,44027.34455,2001-01-01 12:13:47.345 +0000
4.223006,-0.394731,-4.884508,6.469004,44027.32456,2001-01-01 12:13:47.325 +0000
3.516932,0.787826,-3.783373,5.225264,44027.30457,2001-01-01 12:13:47.305 +0000
3.203881,0.471191,-2.51096,4.09778,44027.28461,2001-01-01 12:13:47.285 +0000
2.878585,0.125788,-1.663819,3.327217,44027.26462,2001-01-01 12:13:47.265 +0000
2.312833,0.531065,-1.308651,2.709944,44027.24466,2001-01-01 12:13:47.245 +0000
1.622726,0.920603,-0.820715,2.038216,44027.22467,2001-01-01 12:13:47.225 +0000
1.215592,0.779614,0.002879,1.444116,44027.20468,2001-01-01 12:13:47.205 +0000
0.88872,0.258113,0.719061,1.171962,44027.18473,2001-01-01 12:13:47.185 +0000
0.186712,0.249379,0.840432,0.896313,44027.16474,2001-01-01 12:13:47.165 +0000
-0.68928,0.473454,0.817883,1.1697,44027.14478,2001-01-01 12:13:47.145 +0000
-0.986575,0.415795,0.851294,1.367815,44027.12479,2001-01-01 12:13:47.125 +0000
-0.714288,-0.069902,0.798889,1.073927,44027.10483,2001-01-01 12:13:47.105 +0000
-0.324314,-0.702859,0.61091,0.986104,44027.08484,2001-01-01 12:13:47.085 +0000
-0.187628,-0.985493,0.436296,1.093963,44027.06485,2001-01-01 12:13:47.065 +0000
-0.488714,-0.802634,0.377136,1.012568,44027.04489,2001-01-01 12:13:47.045 +0000
-0.864808,-0.67344,0.606114,1.252513,44027.02491,2001-01-01 12:13:47.025 +0000
-1.283352,-0.567742,0.823115,1.626912,44027.00495,2001-01-01 12:13:47.005 +0000
-1.778101,-0.503169,0.804641,2.015508,44026.98496,2001-01-01 12:13:46.985 +0000
-2.007767,-0.939735,0.524328,2.27797,44026.96497,2001-01-01 12:13:46.965 +0000
-1.604645,-2.223136,0.081763,2.742974,44026.94506,2001-01-01 12:13:46.945 +0000
-1.064043,-3.342532,-0.846493,3.608498,44026.92507,2001-01-01 12:13:46.925 +0000
-0.914687,-3.738962,-1.802862,4.250506,44026.90511,2001-01-01 12:13:46.905 +0000
-1.163399,-3.082577,-2.086274,3.899785,44026.88512,2001-01-01 12:13:46.885 +0000
-1.460772,-1.722203,-1.565203,2.747671,44026.86513,2001-01-01 12:13:46.865 +0000
-1.284629,-2.214605,-0.861733,2.701357,44026.84518,2001-01-01 12:13:46.845 +0000
-0.946193,-3.803046,-0.580524,3.961748,44026.82519,2001-01-01 12:13:46.825 +0000
-0.946369,-4.838411,-0.974129,5.025412,44026.80523,2001-01-01 12:13:46.805 +0000
-0.847951,-5.295745,-1.56204,5.586045,44026.78524,2001-01-01 12:13:46.785 +0000
-0.124679,-5.680884,-2.431222,6.18052,44026.76525,2001-01-01 12:13:46.765 +0000
1.150373,-6.261105,-3.089928,7.076188,44026.74529,2001-01-01 12:13:46.745 +0000
2.235815,-6.474449,-3.524386,7.703159,44026.7253,2001-01-01 12:13:46.725 +0000
2.461563,-5.605771,-3.825475,7.219295,44026.70534,2001-01-01 12:13:46.705 +0000
2.332441,-4.615731,-4.054493,6.571466,44026.68536,2001-01-01 12:13:46.685 +0000
2.160487,-4.198507,-4.149748,6.286141,44026.6654,2001-01-01 12:13:46.665 +0000
2.047301,-4.336714,-4.004819,6.247967,44026.64541,2001-01-01 12:13:46.645 +0000
2.032175,-4.207553,-3.895215,6.08325,44026.62542,2001-01-01 12:13:46.625 +0000
1.919891,-3.572505,-3.804738,5.561008,44026.60546,2001-01-01 12:13:46.605 +0000
1.779052,-3.228257,-3.697636,5.221033,44026.58547,2001-01-01 12:13:46.585 +0000
1.611859,-3.070648,-3.669275,5.048816,44026.56551,2001-01-01 12:13:46.566 +0000
1.520954,-2.823488,-3.636368,4.848562,44026.54552,2001-01-01 12:13:46.546 +0000
1.520178,-2.552679,-3.544149,4.624727,44026.52553,2001-01-01 12:13:46.526 +0000
1.388227,-2.491374,-3.271667,4.340268,44026.50558,2001-01-01 12:13:46.506 +0000
1.187171,-2.14695,-3.076286,3.934756,44026.48559,2001-01-01 12:13:46.486 +0000
0.877555,-1.578962,-2.90682,3.422401,44026.46563,2001-01-01 12:13:46.466 +0000
0.635612,-1.146164,-2.717297,3.016852,44026.44564,2001-01-01 12:13:46.446 +0000
0.573607,-1.248813,-2.425733,2.787964,44026.42565,2001-01-01 12:13:46.426 +0000
0.592688,-1.477952,-2.046729,2.593207,44026.40569,2001-01-01 12:13:46.406 +0000
0.490163,-1.30225,-1.617289,2.13348,44026.3857,2001-01-01 12:13:46.386 +0000
0.203473,-0.833964,-1.28071,1.541789,44026.36574,2001-01-01 12:13:46.366 +0000
-0.114913,-0.373259,-0.984928,1.059533,44026.34576,2001-01-01 12:13:46.346 +0000
-0.216098,-0.200241,-0.777721,0.831652,44026.32577,2001-01-01 12:13:46.326 +0000
-0.083751,-0.447936,-0.610536,0.76185,44026.30581,2001-01-01 12:13:46.306 +0000
0.081251,-0.395636,-0.618112,0.738371,44026.28582,2001-01-01 12:13:46.286 +0000
0.153733,-0.285635,-0.528167,0.619824,44026.26586,2001-01-01 12:13:46.266 +0000
0.101287,-0.210716,-0.372722,0.43998,44026.24587,2001-01-01 12:13:46.246 +0000
-0.037194,-0.130668,-0.271298,0.303414,44026.22591,2001-01-01 12:13:46.226 +0000
-0.105353,0.05044,-0.246606,0.272869,44026.20592,2001-01-01 12:13:46.206 +0000
-0.074564,0.011176,-0.195003,0.209071,44026.18594,2001-01-01 12:13:46.186 +0000
-0.013765,-0.092987,-0.119513,0.152051,44026.16598,2001-01-01 12:13:46.166 +0000
-0.036708,-0.040676,-0.067453,0.086902,44026.14599,2001-01-01 12:13:46.146 +0000
-0.087034,0.017858,-0.075432,0.116549,44026.12603,2001-01-01 12:13:46.126 +0000
-0.001275,-0.066274,-0.090652,0.112302,44026.10604,2001-01-01 12:13:46.106 +0000
0.049775,-0.097022,-0.047483,0.118935,44026.08605,2001-01-01 12:13:46.086 +0000
-0.093999,0.037227,0.004607,0.101207,44026.06609,2001-01-01 12:13:46.066 +0000
0.032996,0.010675,-0.000875,0.03469,44026.0461,2001-01-01 12:13:46.046 +0000
0.03838,0.004277,-0.005095,0.038953,44026.02615,2001-01-01 12:13:46.026 +0000
0.033016,-0.019102,0.019508,0.042843,44026.00616,2001-01-01 12:13:46.006 +0000
0.023446,-0.031876,0.025889,0.047287,44025.98617,2001-01-01 12:13:45.986 +0000
0.019287,-0.040428,0.015199,0.047302,44025.96621,2001-01-01 12:13:45.966 +0000
0.009674,-0.04149,0.019411,0.046817,44025.94626,2001-01-01 12:13:45.946 +0000
-0.018218,-0.023362,0.035201,0.046009,44025.9263,2001-01-01 12:13:45.926 +0000
-0.022466,-0.026561,0.035181,0.049476,44025.90631,2001-01-01 12:13:45.906 +0000
0.023494,-0.044654,0.028061,0.057736,44025.88632,2001-01-01 12:13:45.886 +0000
0.032932,-0.024383,0.037686,0.055672,44025.86636,2001-01-01 12:13:45.866 +0000
0.0092,0.008676,0.058807,0.060151,44025.84637,2001-01-01 12:13:45.846 +0000
0.017982,-0.027571,0.045074,0.055814,44025.82641,2001-01-01 12:13:45.826 +0000
0.03187,-0.016943,0.031248,0.047741,44025.80642,2001-01-01 12:13:45.806 +0000
0.00307,0.025571,0.00102,0.025775,44025.78644,2001-01-01 12:13:45.786 +0000
0.014048,-0.014954,-0.020166,0.028769,44025.76648,2001-01-01 12:13:45.766 +0000
0.038554,-0.03088,-0.006067,0.049767,44025.74649,2001-01-01 12:13:45.746 +0000
-0.02675,0.028729,-0.005601,0.039652,44025.72653,2001-01-01 12:13:45.727 +0000
-0.058211,-0.032108,-0.043046,0.079199,44025.70654,2001-01-01 12:13:45.707 +0000
0.049723,-0.102317,-0.034647,0.118918,44025.68658,2001-01-01 12:13:45.687 +0000
0.07771,0.002223,0.014409,0.079066,44025.66659,2001-01-01 12:13:45.667 +0000
-0.154604,0.010542,0.001065,0.154967,44025.6466,2001-01-01 12:13:45.647 +0000
-0.255991,-0.12069,-0.050551,0.287494,44025.62665,2001-01-01 12:13:45.627 +0000
-0.002093,0.005298,-0.010714,0.012134,44025.60666,2001-01-01 12:13:45.607 +0000
0.013599,0.035201,0.014955,0.040592,44025.5867,2001-01-01 12:13:45.587 +0000
0.015561,0.062916,0.021304,0.068223,44025.56671,2001-01-01 12:13:45.567 +0000
0.020035,0.027747,0.01395,0.036958,44025.54672,2001-01-01 12:13:45.547 +0000
0.000073,-0.02342,0.006475,0.024299,44025.52676,2001-01-01 12:13:45.527 +0000
-0.052359,0.020217,0.006003,0.056446,44025.50677,2001-01-01 12:13:45.507 +0000
-0.074783,0.052113,-0.0124,0.091989,44025.48681,2001-01-01 12:13:45.487 +0000
-0.016666,-0.027816,-0.042777,0.053678,44025.46683,2001-01-01 12:13:45.467 +0000
0.015453,-0.050179,-0.048911,0.071756,44025.44684,2001-01-01 12:13:45.447 +0000
-0.015777,-0.001162,-0.034296,0.037769,44025.42688,2001-01-01 12:13:45.427 +0000
-0.03401,0.014819,-0.028051,0.04651,44025.40689,2001-01-01 12:13:45.407 +0000
-0.011445,-0.022451,-0.028866,0.038318,44025.38693,2001-01-01 12:13:45.387 +0000
-0.021011,-0.037353,-0.02141,0.047908,44025.36694,2001-01-01 12:13:45.367 +0000
-0.042471,-0.024552,-0.007699,0.049657,44025.34695,2001-01-01 12:13:45.347 +0000
0.004238,0.000014,0.004303,0.006039,44025.32699,2001-01-01 12:13:45.327 +0000
0.028713,0.000048,0.010879,0.030704,44025.307,2001-01-01 12:13:45.307 +0000
0.006238,0.007512,0.020323,0.022547,44025.28705,2001-01-01 12:13:45.287 +0000
-0.004448,0.00539,0.026668,0.027569,44025.26706,2001-01-01 12:13:45.267 +0000
-0.005383,-0.027624,0.031026,0.041888,44025.24707,2001-01-01 12:13:45.247 +0000
-0.018363,0.013909,0.029757,0.037632,44025.22711,2001-01-01 12:13:45.227 +0000
-0.007867,0.053322,0.025446,0.059604,44025.20712,2001-01-01 12:13:45.207 +0000
0.042555,-0.020136,0.029192,0.055395,44025.18716,2001-01-01 12:13:45.187 +0000
0.044736,-0.047797,0.043172,0.07842,44025.16717,2001-01-01 12:13:45.167 +0000
0.009395,-0.029679,0.056775,0.06475,44025.14721,2001-01-01 12:13:45.147 +0000
-0.004434,-0.019069,0.043831,0.048004,44025.12723,2001-01-01 12:13:45.127 +0000
0.003205,-0.024453,0.018253,0.030682,44025.10724,2001-01-01 12:13:45.107 +0000
0.019173,-0.019118,0.017278,0.032119,44025.08728,2001-01-01 12:13:45.087 +0000
0.027622,-0.009511,0.022651,0.036966,44025.06729,2001-01-01 12:13:45.067 +0000
0.030903,-0.009543,0.008783,0.033514,44025.04733,2001-01-01 12:13:45.047 +0000
0.021459,-0.028749,-0.000846,0.035884,44025.02734,2001-01-01 12:13:45.027 +0000
0.016845,0.007542,0.028943,0.034327,44025.00735,2001-01-01 12:13:45.007 +0000
0.018871,0.015029,0.04069,0.047304,44024.98739,2001-01-01 12:13:44.987 +0000
0.063081,-0.050004,0.006973,0.080798,44024.96741,2001-01-01 12:13:44.967 +0000
0.054731,-0.057526,-0.01657,0.081113,44024.94747,2001-01-01 12:13:44.947 +0000
-0.023738,0.043693,0.013612,0.051554,44024.92748,2001-01-01 12:13:44.927 +0000
0.007187,0.052214,0.004181,0.052872,44024.9075,2001-01-01 12:13:44.907 +0000
0.147213,-0.130095,-0.095887,0.218611,44024.88754,2001-01-01 12:13:44.888 +0000
0.132188,-0.121558,-0.085327,0.198823,44024.86755,2001-01-01 12:13:44.868 +0000
-0.150562,0.223714,0.046459,0.273633,44024.84759,2001-01-01 12:13:44.848 +0000
-0.318568,0.32168,0.08032,0.459799,44024.8276,2001-01-01 12:13:44.828 +0000
-0.096999,-0.05686,-0.131927,0.173339,44024.80761,2001-01-01 12:13:44.808 +0000
0.233412,-0.477455,-0.15313,0.553076,44024.78765,2001-01-01 12:13:44.788 +0000
0.220552,-0.193746,-0.010807,0.293764,44024.76766,2001-01-01 12:13:44.768 +0000
0.038742,-0.054348,-0.018824,0.069347,44024.74771,2001-01-01 12:13:44.748 +0000
-0.00826,-0.047959,-0.006336,0.049076,44024.72772,2001-01-01 12:13:44.728 +0000
-0.01913,-0.018111,0.005263,0.026864,44024.70773,2001-01-01 12:13:44.708 +0000
0.025638,-0.019142,0.005568,0.032477,44024.68777,2001-01-01 12:13:44.688 +0000
0.052386,-0.034049,0.000446,0.062481,44024.66778,2001-01-01 12:13:44.668 +0000
0.00129,-0.025608,-0.017018,0.030774,44024.64782,2001-01-01 12:13:44.648 +0000
-0.038168,0.002014,-0.035524,0.05218,44024.62783,2001-01-01 12:13:44.628 +0000
-0.028455,0.011539,-0.063266,0.070323,44024.60787,2001-01-01 12:13:44.608 +0000
-0.00911,0.001918,-0.082342,0.082867,44024.58789,2001-01-01 12:13:44.588 +0000
-0.002582,-0.008764,-0.09616,0.096593,44024.5679,2001-01-01 12:13:44.568 +0000
0.013598,-0.018401,-0.1206,0.122751,44024.54794,2001-01-01 12:13:44.548 +0000
-0.014944,0.005932,-0.179627,0.180345,44024.52795,2001-01-01 12:13:44.528 +0000
-0.049034,0.033542,-0.204508,0.212962,44024.50799,2001-01-01 12:13:44.508 +0000
-0.059818,0.039966,-0.18857,0.201827,44024.488,2001-01-01 12:13:44.488 +0000
-0.056538,0.009102,-0.177779,0.186775,44024.46801,2001-01-01 12:13:44.468 +0000
-0.043721,-0.004721,-0.171244,0.1768,44024.44805,2001-01-01 12:13:44.448 +0000
-0.060842,0.00699,-0.169254,0.179993,44024.42806,2001-01-01 12:13:44.428 +0000
-0.082438,0.048554,-0.155622,0.18268,44024.40811,2001-01-01 12:13:44.408 +0000
-0.088234,0.09446,-0.114114,0.172424,44024.38812,2001-01-01 12:13:44.388 +0000
-0.070423,0.098854,-0.065923,0.138121,44024.36813,2001-01-01 12:13:44.368 +0000
-0.044612,0.028609,-0.048462,0.071814,44024.34817,2001-01-01 12:13:44.348 +0000
-0.018982,-0.011794,-0.024672,0.033288,44024.32818,2001-01-01 12:13:44.328 +0000
-0.051204,0.014865,-0.00466,0.053521,44024.30822,2001-01-01 12:13:44.308 +0000
-0.07586,0.038295,0.000452,0.084979,44024.28823,2001-01-01 12:13:44.288 +0000
-0.042779,0.020229,0.008204,0.048027,44024.26824,2001-01-01 12:13:44.268 +0000
-0.01184,-0.001023,0.020225,0.023458,44024.24829,2001-01-01 12:13:44.248 +0000
0.009477,-0.005261,0.023585,0.025957,44024.2283,2001-01-01 12:13:44.228 +0000
0.010711,-0.008519,-0.002042,0.013838,44024.20834,2001-01-01 12:13:44.208 +0000
-0.025452,0.020128,-0.037624,0.049684,44024.18835,2001-01-01 12:13:44.188 +0000
-0.075555,0.026474,-0.041185,0.090032,44024.16836,2001-01-01 12:13:44.168 +0000
