x_times_g,y_times_g,z_times_g,g_measured,TimeInterval,Date,,,,X-accel,Y-accel,Z-accel
-0.171326,-0.578995,-0.835297,1.030683,44035.84572,2001-01-01 12:13:55.846 +0000,,,,-9.568438711,-34.17747569,-54.13796676
-0.141708,-0.551682,-0.852249,1.025067,44035.82613,2001-01-01 12:13:55.826 +0000,,,,-7.946169342,-32.56058536,-56.24364931
-0.158524,-0.593811,-0.792999,1.003289,44035.80654,2001-01-01 12:13:55.807 +0000,,,,-9.091079319,-36.2894221,-52.22285192
-0.195312,-0.626495,-0.645691,0.92063,44035.78695,2001-01-01 12:13:55.787 +0000,,,,-12.24839954,-42.88326068,-44.53603917
-0.185013,-0.673691,-0.59935,0.920494,44035.76736,2001-01-01 12:13:55.767 +0000,,,,-11.59503856,-47.0441992,-40.62591352
-0.152588,-0.634689,-0.739273,0.986224,44035.74776,2001-01-01 12:13:55.748 +0000,,,,-8.900523675,-40.05739159,-48.55569606
-0.149048,-0.631119,-0.755615,0.995731,44035.72817,2001-01-01 12:13:55.728 +0000,,,,-8.60878782,-39.33286985,-49.36331201
-0.147812,-0.615768,-0.796951,1.017915,44035.70858,2001-01-01 12:13:55.709 +0000,,,,-8.34947799,-37.22388365,-51.52921293
-0.169937,-0.61528,-0.818314,1.037827,44035.68899,2001-01-01 12:13:55.689 +0000,,,,-9.424221626,-36.35978838,-52.04439161
-0.161758,-0.621216,-0.780273,1.010397,44035.66939,2001-01-01 12:13:55.669 +0000,,,,-9.212329288,-37.93913588,-50.555867
-0.130402,-0.627899,-0.756393,0.991662,44035.6498,2001-01-01 12:13:55.650 +0000,,,,-7.556194877,-39.28504549,-49.70753237
-0.107391,-0.615448,-0.792175,1.008886,44035.63021,2001-01-01 12:13:55.630 +0000,,,,-6.110435091,-37.59149178,-51.73899438
-0.116653,-0.619568,-0.807526,1.024485,44035.61062,2001-01-01 12:13:55.611 +0000,,,,-6.538161697,-37.21158204,-52.02002268
-0.157257,-0.639297,-0.762268,1.007216,44035.59103,2001-01-01 12:13:55.591 +0000,,,,-8.982364774,-39.39901668,-49.18354093
-0.180435,-0.644196,-0.7509,1.005682,44035.57143,2001-01-01 12:13:55.571 +0000,,,,-10.33572094,-39.83332368,-48.30167034
-0.171219,-0.659531,-0.770782,1.028787,44035.55184,2001-01-01 12:13:55.552 +0000,,,,-9.580205466,-39.87214285,-48.5223923
-0.183563,-0.683853,-0.770004,1.046067,44035.53225,2001-01-01 12:13:55.532 +0000,,,,-10.10654458,-40.82396748,-47.39976012
-0.202805,-0.69249,-0.764832,1.051494,44035.51266,2001-01-01 12:13:55.513 +0000,,,,-11.12050488,-41.19144045,-46.66688695
-0.193253,-0.667816,-0.788452,1.051181,44035.49306,2001-01-01 12:13:55.493 +0000,,,,-10.59372503,-39.44228943,-48.59583857
-0.140839,-0.658737,-0.815475,1.057719,44035.47347,2001-01-01 12:13:55.473 +0000,,,,-7.651859939,-38.52017488,-50.44153116
-0.135132,-0.672531,-0.791687,1.047534,44035.45388,2001-01-01 12:13:55.454 +0000,,,,-7.41181833,-39.94214085,-49.0920652
-0.17952,-0.70787,-0.738205,1.03839,44035.43429,2001-01-01 12:13:55.434 +0000,,,,-9.95548573,-42.97659122,-45.30924754
-0.187485,-0.710098,-0.694016,1.010469,44035.41469,2001-01-01 12:13:55.415 +0000,,,,-10.69276422,-44.64732054,-43.37934175
-0.145233,-0.671463,-0.765503,1.028567,44035.3951,2001-01-01 12:13:55.395 +0000,,,,-8.117254174,-40.75410931,-48.09405584
-0.103043,-0.65062,-0.794312,1.031918,44035.37551,2001-01-01 12:13:55.376 +0000,,,,-5.7308643,-39.08669171,-50.33081307
-0.093918,-0.66864,-0.738739,1.000817,44035.35592,2001-01-01 12:13:55.356 +0000,,,,-5.38463333,-41.92012475,-47.57284711
-0.129807,-0.667236,-0.708847,0.982099,44035.33633,2001-01-01 12:13:55.336 +0000,,,,-7.595184135,-42.79662918,-46.20061077
-0.171036,-0.650757,-0.710541,0.978573,44035.31673,2001-01-01 12:13:55.317 +0000,,,,-10.06590868,-41.68275613,-46.56031622
-0.172318,-0.669449,-0.718018,0.996697,44035.29714,2001-01-01 12:13:55.297 +0000,,,,-9.955835525,-42.19588583,-46.08729523
-0.190903,-0.712265,-0.698578,1.015764,44035.27755,2001-01-01 12:13:55.278 +0000,,,,-10.83260696,-44.52425023,-43.45119893
-0.210846,-0.734833,-0.685806,1.027018,44035.25796,2001-01-01 12:13:55.258 +0000,,,,-11.8470192,-45.68433592,-41.89476295
-0.215881,-0.726242,-0.672165,1.012837,44035.23836,2001-01-01 12:13:55.238 +0000,,,,-12.30671902,-45.81044868,-41.57854126
-0.203751,-0.694962,-0.692245,1.001843,44035.21877,2001-01-01 12:13:55.219 +0000,,,,-11.73445639,-43.92239497,-43.70705389
-0.198746,-0.708664,-0.670578,0.99568,44035.19918,2001-01-01 12:13:55.199 +0000,,,,-11.5140502,-45.37653481,-42.336782
-0.226074,-0.755722,-0.612686,0.998804,44035.17959,2001-01-01 12:13:55.180 +0000,,,,-13.08196534,-49.16773492,-37.83718168
-0.28717,-0.778625,-0.612549,1.031475,44035.15999,2001-01-01 12:13:55.160 +0000,,,,-16.16516785,-49.01365671,-36.43123576
-0.31514,-0.794373,-0.600861,1.044689,44035.1404,2001-01-01 12:13:55.140 +0000,,,,-17.55727905,-49.49873953,-35.11067302
-0.32486,-0.821594,-0.565948,1.049213,44035.12081,2001-01-01 12:13:55.121 +0000,,,,-18.03648564,-51.5413693,-32.64296778
-0.318939,-0.824829,-0.576141,1.055464,44035.10119,2001-01-01 12:13:55.101 +0000,,,,-17.58852997,-51.39674557,-33.08381846
-0.302078,-0.811462,-0.652191,1.084009,44035.0816,2001-01-01 12:13:55.082 +0000,,,,-16.18069409,-48.46710789,-36.9879761
-0.345978,-0.8237,-0.646545,1.102816,44035.062,2001-01-01 12:13:55.062 +0000,,,,-18.28370104,-48.32308777,-35.89257661
-0.403107,-0.839676,-0.613708,1.115432,44035.04241,2001-01-01 12:13:55.042 +0000,,,,-21.18564231,-48.8318539,-33.38057019
-0.41983,-0.845322,-0.655518,1.149143,44035.02282,2001-01-01 12:13:55.023 +0000,,,,-21.42861485,-47.35883671,-34.78095628
-0.357315,-0.811829,-0.710632,1.136547,44035.00323,2001-01-01 12:13:55.003 +0000,,,,-18.32378656,-45.58541251,-38.70094278
-0.202972,-0.813751,-0.656616,1.065145,44034.98363,2001-01-01 12:13:54.984 +0000,,,,-10.98536063,-49.81649048,-38.05787868
-0.187408,-0.792679,-0.661194,1.049113,44034.96408,2001-01-01 12:13:54.964 +0000,,,,-10.29024044,-49.07522322,-39.06787933
-0.393707,-0.810532,-0.675461,1.12615,44034.94448,2001-01-01 12:13:54.944 +0000,,,,-20.46311201,-46.03275979,-36.85531793
-0.540237,-0.849915,-0.576035,1.160184,44034.92489,2001-01-01 12:13:54.925 +0000,,,,-27.75213756,-47.10218859,-29.76890725
-0.43364,-0.800156,-0.435989,1.009148,44034.9053,2001-01-01 12:13:54.905 +0000,,,,-25.44909584,-52.45759163,-25.59688611
-0.271378,-0.764984,-0.66362,1.048446,44034.88571,2001-01-01 12:13:54.886 +0000,,,,-15.0011503,-46.85591948,-39.26855735
-0.19902,-0.776535,-0.69577,1.061467,44034.86612,2001-01-01 12:13:54.866 +0000,,,,-10.80664842,-47.01800439,-40.95604517
-0.063248,-0.778244,-0.678635,1.034509,44034.84652,2001-01-01 12:13:54.847 +0000,,,,-3.505144808,-48.78854817,-40.99529187
0.041443,-0.668259,-0.85022,1.082202,44034.82693,2001-01-01 12:13:54.827 +0000,,,,2.194682036,-38.1337419,-51.77979389
-0.033676,-0.531342,-1.007614,1.139625,44034.80734,2001-01-01 12:13:54.807 +0000,,,,-1.693341403,-27.79069588,-62.14870064
-0.136627,-0.566727,-1.01326,1.168992,44034.78775,2001-01-01 12:13:54.788 +0000,,,,-6.711836543,-28.99935271,-60.08669565
0.010529,-0.659897,-0.822083,1.054227,44034.76815,2001-01-01 12:13:54.768 +0000,,,,0.572245906,-38.75218455,-51.24196329
0.124863,-0.667435,-0.753281,1.014146,44034.74856,2001-01-01 12:13:54.749 +0000,,,,7.07227635,-41.15703409,-47.96822165
0.019302,-0.615692,-0.768295,0.984747,44034.72897,2001-01-01 12:13:54.729 +0000,,,,1.123125148,-38.6989753,-51.27847188
-0.150116,-0.632919,-0.768555,1.006875,44034.70938,2001-01-01 12:13:54.709 +0000,,,,-8.574249081,-38.94669885,-49.75660705
-0.11763,-0.695663,-0.755859,1.033977,44034.68978,2001-01-01 12:13:54.690 +0000,,,,-6.532380911,-42.28382912,-46.97211655
0.078293,-0.717621,-0.772629,1.057386,44034.67019,2001-01-01 12:13:54.670 +0000,,,,4.246289828,-42.74015478,-46.94487323
0.148941,-0.681351,-0.770081,1.038964,44034.6506,2001-01-01 12:13:54.651 +0000,,,,8.242045745,-40.98019578,-47.83377711
0.033768,-0.652161,-0.730011,0.979474,44034.63101,2001-01-01 12:13:54.631 +0000,,,,1.975699598,-41.74583617,-48.18563294
-0.055618,-0.656235,-0.752213,0.999781,44034.61142,2001-01-01 12:13:54.611 +0000,,,,-3.189020914,-41.02427525,-48.79676766
-0.029953,-0.740372,-0.803925,1.093317,44034.59179,2001-01-01 12:13:54.592 +0000,,,,-1.569896371,-42.6236142,-47.33323746
0.032104,-0.746552,-0.796417,1.092085,44034.5722,2001-01-01 12:13:54.572 +0000,,,,1.684564885,-43.12577741,-46.8246068
0.169128,-0.734894,-0.697479,1.027205,44034.55261,2001-01-01 12:13:54.553 +0000,,,,9.476827902,-45.67850036,-42.7660587
0.144073,-0.65863,-0.624176,0.918775,44034.53302,2001-01-01 12:13:54.533 +0000,,,,9.02178587,-45.79561521,-42.79343988
0.032944,-0.69043,-0.69696,0.981597,44034.51342,2001-01-01 12:13:54.513 +0000,,,,1.923301772,-44.69836352,-45.2370981
0.002213,-0.718262,-0.750183,1.038595,44034.49383,2001-01-01 12:13:54.494 +0000,,,,0.122083824,-43.75457893,-46.24516223
0.128983,-0.731506,-0.717346,1.032629,44034.47424,2001-01-01 12:13:54.474 +0000,,,,7.175407277,-45.10421792,-44.00166141
0.164993,-0.690552,-0.66655,0.973844,44034.45465,2001-01-01 12:13:54.455 +0000,,,,9.754350278,-45.16162541,-43.19252538
0.073746,-0.637466,-0.704208,0.952739,44034.43505,2001-01-01 12:13:54.435 +0000,,,,4.439377851,-41.99673465,-47.65829902
-0.013474,-0.682709,-0.745728,1.011129,44034.41546,2001-01-01 12:13:54.415 +0000,,,,-0.763528315,-42.46923774,-47.52054989
0.050842,-0.705841,-0.695847,0.992471,44034.39587,2001-01-01 12:13:54.396 +0000,,,,2.936414779,-45.33225298,-44.51737332
0.193817,-0.692459,-0.620316,0.949661,44034.37628,2001-01-01 12:13:54.376 +0000,,,,11.77627343,-46.81637557,-40.78308969
0.224319,-0.664307,-0.668152,0.96853,44034.35669,2001-01-01 12:13:54.357 +0000,,,,13.3917455,-43.30581409,-43.61919665
0.078079,-0.707245,-0.732315,1.021067,44034.33709,2001-01-01 12:13:54.337 +0000,,,,4.385579142,-43.8404963,-45.82427298
-0.070389,-0.764801,-0.697922,1.037772,44034.3175,2001-01-01 12:13:54.318 +0000,,,,-3.889189737,-47.47347857,-42.26183807
-0.007507,-0.718018,-0.694885,0.999235,44034.29791,2001-01-01 12:13:54.298 +0000,,,,-0.430452598,-45.93633133,-44.06043462
0.118912,-0.733887,-0.6595,0.993816,44034.27832,2001-01-01 12:13:54.278 +0000,,,,6.872014176,-47.59984629,-41.57529152
0.064026,-0.746582,-0.640121,0.985515,44034.25872,2001-01-01 12:13:54.259 +0000,,,,3.724962924,-49.249172,-40.50615619
-0.072723,-0.756592,-0.689896,1.026487,44034.23913,2001-01-01 12:13:54.239 +0000,,,,-4.062606287,-47.48232577,-42.22888131
-0.166641,-0.691772,-0.712814,1.007186,44034.21954,2001-01-01 12:13:54.220 +0000,,,,-9.523506831,-43.38025803,-45.05044068
-0.081085,-0.657074,-0.748489,0.999278,44034.19995,2001-01-01 12:13:54.200 +0000,,,,-4.654301517,-41.11318708,-48.50639761
0.002991,-0.674469,-0.688202,0.963607,44034.18035,2001-01-01 12:13:54.180 +0000,,,,0.177844152,-44.42232287,-45.57712654
-0.085602,-0.744537,-0.590042,0.953841,44034.16076,2001-01-01 12:13:54.161 +0000,,,,-5.148909741,-51.31253984,-38.21366368
-0.359283,-0.724579,-0.518738,0.960827,44034.14117,2001-01-01 12:13:54.141 +0000,,,,-21.95826296,-48.94856502,-32.67595503
-0.432495,-0.739594,-0.493546,0.988756,44034.12158,2001-01-01 12:13:54.122 +0000,,,,-25.93894823,-48.41780781,-29.9443381
-0.31044,-0.784286,-0.474289,0.967692,44034.10199,2001-01-01 12:13:54.102 +0000,,,,-18.71159052,-54.1419549,-29.34873147
-0.250183,-0.77533,-0.484207,0.947726,44034.08239,2001-01-01 12:13:54.082 +0000,,,,-15.30649696,-54.8945598,-30.72476719
-0.250229,-0.72934,-0.459213,0.897456,44034.0628,2001-01-01 12:13:54.063 +0000,,,,-16.18980549,-54.35807603,-30.77598608
-0.333496,-0.753708,-0.285858,0.872359,44034.04321,2001-01-01 12:13:54.043 +0000,,,,-22.47573823,-59.76739365,-19.12825944
-0.3862,-0.885071,-0.163971,0.979483,44034.02362,2001-01-01 12:13:54.024 +0000,,,,-23.22167011,-64.63672906,-9.637009714
-0.434723,-0.926636,-0.10762,1.029184,44034.00402,2001-01-01 12:13:54.004 +0000,,,,-24.98592841,-64.20537516,-6.002291913
-0.358597,-0.882233,-0.142975,0.962999,44033.98443,2001-01-01 12:13:53.984 +0000,,,,-21.86216021,-66.36670746,-8.538175778
-0.312988,-0.875244,-0.103424,0.93526,44033.96487,2001-01-01 12:13:53.965 +0000,,,,-19.55148098,-69.36269517,-6.348937353
-0.382401,-0.916595,-0.014374,0.993269,44033.94528,2001-01-01 12:13:53.945 +0000,,,,-22.64326511,-67.33985647,-0.82917941
-0.567398,-0.901749,0.022858,1.065652,44033.92568,2001-01-01 12:13:53.926 +0000,,,,-32.1706071,-57.8001563,1.229076067
-0.616257,-0.842178,-0.083298,1.046888,44033.90609,2001-01-01 12:13:53.906 +0000,,,,-36.0616886,-53.55797823,-4.563690675
-0.529694,-0.80278,-0.225479,0.987862,44033.8865,2001-01-01 12:13:53.886 +0000,,,,-32.42547729,-54.35501865,-13.19402788
-0.529907,-0.801132,-0.153732,0.972753,44033.86691,2001-01-01 12:13:53.867 +0000,,,,-33.00758681,-55.44400926,-9.093041506
-0.630463,-0.843735,0.045761,1.054261,44033.84731,2001-01-01 12:13:53.847 +0000,,,,-36.7278015,-53.15965458,2.487748319
-0.745834,-0.819107,0.051834,1.109005,44033.82772,2001-01-01 12:13:53.828 +0000,,,,-42.2622901,-47.61199805,2.678935347
-0.668518,-0.664337,-0.298874,0.988729,44033.80813,2001-01-01 12:13:53.808 +0000,,,,-42.54262864,-42.21464367,-17.5946522
-0.551666,-0.626297,-0.566605,1.008774,44033.78854,2001-01-01 12:13:53.789 +0000,,,,-33.15240279,-38.37821877,-34.17185158
-0.568573,-0.665253,-0.591415,1.056224,44033.76895,2001-01-01 12:13:53.769 +0000,,,,-32.56848865,-39.03839387,-34.05119722
-0.580032,-0.700195,-0.451981,1.01538,44033.74935,2001-01-01 12:13:53.749 +0000,,,,-34.83716727,-43.59758203,-26.43195963
-0.504333,-0.653519,-0.341599,0.89338,44033.72976,2001-01-01 12:13:53.730 +0000,,,,-34.36910903,-47.01334243,-22.48036211
-0.311966,-0.528595,-0.481552,0.780146,44033.71017,2001-01-01 12:13:53.710 +0000,,,,-23.57077474,-42.65319399,-38.11623461
-0.262924,-0.506042,-0.76651,0.955377,44033.69058,2001-01-01 12:13:53.691 +0000,,,,-15.97419944,-31.98369098,-53.35141435
-0.485901,-0.451508,-0.884079,1.10524,44033.67098,2001-01-01 12:13:53.671 +0000,,,,-26.08053294,-24.11163947,-53.12035751
-0.766907,-0.403214,-0.969055,1.299921,44033.65139,2001-01-01 12:13:53.651 +0000,,,,-36.15446572,-18.07028282,-48.19965997
-0.909851,-0.359283,-1.039825,1.427638,44033.6318,2001-01-01 12:13:53.632 +0000,,,,-39.59169539,-14.57591866,-46.74854873
-0.771942,-0.254181,-1.022873,1.306435,44033.61221,2001-01-01 12:13:53.612 +0000,,,,-36.21925661,-11.21906903,-51.53147173
-0.381805,-0.23584,-0.981873,1.079569,44033.59261,2001-01-01 12:13:53.593 +0000,,,,-20.71159552,-12.61844881,-65.4369354
-0.203094,-0.302673,-1.093628,1.152771,44033.57302,2001-01-01 12:13:53.573 +0000,,,,-10.14727651,-15.22209649,-71.56720214
-0.172302,-0.302872,-1.017502,1.075514,44033.5534,2001-01-01 12:13:53.553 +0000,,,,-9.218759108,-16.35612864,-71.0957622
-0.046051,-0.251587,-0.884857,0.92108,44033.53381,2001-01-01 12:13:53.534 +0000,,,,-2.865796748,-15.85140622,-73.87812345
0.073227,-0.151794,-1.016907,1.030778,44033.51422,2001-01-01 12:13:53.514 +0000,,,,4.073752873,-8.468263919,-80.58980965
0.188477,0.061996,-1.334961,1.349625,44033.49462,2001-01-01 12:13:53.495 +0000,,,,8.027673328,2.632849347,-81.54618093
0.277527,0.157791,-1.375824,1.412378,44033.47503,2001-01-01 12:13:53.475 +0000,,,,11.33214663,6.414482082,-76.93620748
0.50264,0.196701,-1.132004,1.254102,44033.45544,2001-01-01 12:13:53.455 +0000,,,,23.62800086,9.023881018,-64.50744932
0.737518,0.236694,-1.044525,1.300381,44033.43585,2001-01-01 12:13:53.436 +0000,,,,34.55211187,10.48738541,-53.4411716
0.928955,0.281937,-1.024017,1.411048,44033.41625,2001-01-01 12:13:53.416 +0000,,,,41.17369752,11.5256616,-46.52825707
0.970352,0.266251,-0.9272,1.368274,44033.39666,2001-01-01 12:13:53.397 +0000,,,,45.16822478,11.2207163,-42.65967732
0.989929,0.248581,-0.759598,1.272298,44033.37707,2001-01-01 12:13:53.377 +0000,,,,51.08366369,11.26690042,-36.65738106
0.965714,0.279144,-0.627136,1.184831,44033.35748,2001-01-01 12:13:53.357 +0000,,,,54.59376805,13.6268851,-31.95845404
0.926788,0.320023,-0.514236,1.107154,44033.33788,2001-01-01 12:13:53.338 +0000,,,,56.83416032,16.80110134,-27.67571143
0.895233,0.309647,-0.457108,1.051794,44033.31829,2001-01-01 12:13:53.318 +0000,,,,58.33679929,17.12149284,-25.7597371
0.933304,0.360397,-0.450943,1.097402,44033.2987,2001-01-01 12:13:53.299 +0000,,,,58.26245119,19.1722474,-24.26255089
1.019333,0.434494,-0.466888,1.202418,44033.27911,2001-01-01 12:13:53.279 +0000,,,,57.96626517,21.18313952,-22.84819668
1.07933,0.502625,-0.415375,1.261,44033.25952,2001-01-01 12:13:53.260 +0000,,,,58.86281419,23.49020749,-19.23243598
1.056625,0.473251,-0.354263,1.210755,44033.23989,2001-01-01 12:13:53.240 +0000,,,,60.77393131,23.00882946,-17.0135001
0.991379,0.406479,-0.168427,1.084631,44033.2203,2001-01-01 12:13:53.220 +0000,,,,66.06749087,22.00962624,-8.933326998
1.015671,0.311081,-0.029343,1.062647,44033.20071,2001-01-01 12:13:53.201 +0000,,,,72.8999683,17.022154,-1.5823155
1.161118,0.228546,-0.031769,1.183823,44033.18112,2001-01-01 12:13:53.181 +0000,,,,78.76031502,11.13127248,-1.537770234
1.216537,0.179688,-0.003738,1.229742,44033.16152,2001-01-01 12:13:53.162 +0000,,,,81.59611486,8.402055711,-0.174160152
1.287811,0.11586,0.041336,1.293673,44033.14193,2001-01-01 12:13:53.142 +0000,,,,84.54360492,5.13823531,1.831051504
1.186478,0.118118,0.187454,1.206988,44033.12234,2001-01-01 12:13:53.122 +0000,,,,79.42233936,5.616054189,8.934614239
1.081055,0.063049,0.439117,1.168537,44033.10275,2001-01-01 12:13:53.103 +0000,,,,67.68878372,3.092924379,22.07274968
1.073822,-0.047684,0.641922,1.251971,44033.08315,2001-01-01 12:13:53.083 +0000,,,,59.05989123,-2.182760655,30.84578862
1.066315,-0.156586,0.711182,1.29125,44033.06356,2001-01-01 12:13:53.064 +0000,,,,55.66973976,-6.965229614,33.41986597
1.056641,-0.225143,0.681961,1.277595,44033.04397,2001-01-01 12:13:53.044 +0000,,,,55.79733157,-10.1498955,32.26153317
0.875595,-0.263748,0.741821,1.17751,44033.02441,2001-01-01 12:13:53.024 +0000,,,,48.03892756,-12.94337931,39.04950789
0.545975,-0.344925,0.908859,1.114938,44033.00482,2001-01-01 12:13:53.005 +0000,,,,29.32026966,-18.02108691,54.60373449
0.333618,-0.520279,1.034348,1.204934,44032.98522,2001-01-01 12:13:52.985 +0000,,,,16.07387141,-25.58123121,59.14040029
0.157562,-0.577805,1.070923,1.227013,44032.96565,2001-01-01 12:13:52.966 +0000,,,,7.377782491,-28.09298052,60.78434743
0.037048,-0.608459,0.850418,1.04633,44032.94605,2001-01-01 12:13:52.946 +0000,,,,2.029129073,-35.55734788,54.36676961
-0.074966,-0.610809,0.811035,1.01808,44032.92646,2001-01-01 12:13:52.926 +0000,,,,-4.222781876,-36.8671875,52.80972355
-0.343079,-0.696304,1.130753,1.371548,44032.90687,2001-01-01 12:13:52.907 +0000,,,,-14.48579284,-30.50924226,55.53129278
-0.52034,-0.702133,1.154114,1.447661,44032.88728,2001-01-01 12:13:52.887 +0000,,,,-21.0654941,-29.01325182,52.86606063
-0.511627,-0.604584,0.770889,1.105239,44032.86768,2001-01-01 12:13:52.868 +0000,,,,-27.5750852,-33.1625654,44.22565839
-0.597137,-0.650299,0.391495,0.96578,44032.84809,2001-01-01 12:13:52.848 +0000,,,,-38.19176886,-42.32546645,23.91412308
-0.714844,-0.628021,0.454758,1.054617,44032.8285,2001-01-01 12:13:52.829 +0000,,,,-42.67378047,-36.54805056,25.54416847
-0.832458,-0.52713,0.560822,1.133743,44032.80891,2001-01-01 12:13:52.809 +0000,,,,-47.2444053,-27.70676363,29.6475998
-0.899734,-0.493637,0.43187,1.113423,44032.78932,2001-01-01 12:13:52.789 +0000,,,,-53.90870034,-26.31787701,22.82240251
-0.695648,-0.489899,-0.020264,0.85108,44032.76972,2001-01-01 12:13:52.770 +0000,,,,-54.82243259,-35.14307291,-1.364326404
-0.645065,-0.521851,-0.363327,0.905784,44032.7501,2001-01-01 12:13:52.750 +0000,,,,-45.41112992,-35.17895495,-23.64815235
-0.774094,-0.508987,-0.316727,0.979084,44032.73051,2001-01-01 12:13:52.731 +0000,,,,-52.24451169,-31.32289204,-18.87431229
-0.937958,-0.499634,0.031967,1.063212,44032.71092,2001-01-01 12:13:52.711 +0000,,,,-61.9079558,-28.02965916,1.722938685
-0.878693,-0.288239,0.033279,0.925359,44032.69132,2001-01-01 12:13:52.691 +0000,,,,-71.72622859,-18.14896354,2.060990452
-0.543365,-0.29718,-0.46666,0.775457,44032.67173,2001-01-01 12:13:52.672 +0000,,,,-44.48345369,-22.53404029,-36.99801456
-0.403534,-0.388229,-0.871063,1.035525,44032.65214,2001-01-01 12:13:52.652 +0000,,,,-22.93522593,-22.01876817,-57.26493742
-0.52153,-0.437027,-0.910294,1.136495,44032.63255,2001-01-01 12:13:52.633 +0000,,,,-27.3157162,-22.61513937,-53.22244852
-0.718414,-0.405487,-0.774704,1.131682,44032.61295,2001-01-01 12:13:52.613 +0000,,,,-39.40660251,-20.99611529,-43.20098728
-0.837219,-0.150162,-0.595551,1.038347,44032.59336,2001-01-01 12:13:52.593 +0000,,,,-53.73594596,-8.315063223,-34.99861377
-0.726166,-0.021362,-0.767303,1.056659,44032.57377,2001-01-01 12:13:52.574 +0000,,,,-43.41112955,-1.15840245,-46.56541914
-0.340393,0.00885,-1.17453,1.222893,44032.55418,2001-01-01 12:13:52.554 +0000,,,,-16.16179299,0.41464971,-73.83259735
-0.197159,-0.01767,-1.340988,1.355519,44032.53459,2001-01-01 12:13:52.535 +0000,,,,-8.363283589,-0.746905689,-81.60295534
-0.356995,0.061859,-1.332092,1.380486,44032.51502,2001-01-01 12:13:52.515 +0000,,,,-14.98706644,2.568260266,-74.7842469
-0.540482,0.146591,-1.196899,1.32143,44032.49543,2001-01-01 12:13:52.495 +0000,,,,-24.14284849,6.369137555,-64.92590736
-0.552856,0.198853,-1.170273,1.309477,44032.47584,2001-01-01 12:13:52.476 +0000,,,,-24.97330177,8.734543963,-63.34125363
-0.336548,0.297302,-1.377121,1.448487,44032.45625,2001-01-01 12:13:52.456 +0000,,,,-13.43514012,11.84413416,-71.93965164
-0.184662,0.39064,-1.634583,1.690728,44032.43665,2001-01-01 12:13:52.437 +0000,,,,-6.270377423,13.35880336,-75.19305181
-0.304764,0.505569,-1.602982,1.708225,44032.41706,2001-01-01 12:13:52.417 +0000,,,,-10.27714671,17.21520897,-69.78299209
-0.33577,0.501526,-1.389786,1.515181,44032.39747,2001-01-01 12:13:52.397 +0000,,,,-12.80325052,19.32952012,-66.52595617
-0.180527,0.429535,-1.253555,1.337345,44032.37788,2001-01-01 12:13:52.378 +0000,,,,-7.757992429,18.73460367,-69.61057864
0.069504,0.324707,-1.283188,1.325457,44032.35829,2001-01-01 12:13:52.358 +0000,,,,3.005840632,14.18049537,-75.49132046
0.033127,0.24881,-1.190338,1.216515,44032.33869,2001-01-01 12:13:52.339 +0000,,,,1.560418257,11.80180535,-78.09253328
0.075134,0.197617,-1.009155,1.031063,44032.3191,2001-01-01 12:13:52.319 +0000,,,,4.178870894,11.04986954,-78.16765802
0.250336,0.105042,-0.870468,0.91182,44032.29951,2001-01-01 12:13:52.300 +0000,,,,15.93491847,6.615179198,-72.67837869
0.340363,0.099411,-0.818207,0.891735,44032.27992,2001-01-01 12:13:52.280 +0000,,,,22.43815981,6.400659285,-66.56970368
0.344742,0.124298,-0.670898,0.764462,44032.26032,2001-01-01 12:13:52.260 +0000,,,,26.80533625,9.3575825,-61.35524498
0.388687,0.126434,-0.585953,0.714426,44032.24076,2001-01-01 12:13:52.241 +0000,,,,32.96012267,10.19349057,-55.10216451
0.53447,0.062149,-0.622757,0.823011,44032.22117,2001-01-01 12:13:52.221 +0000,,,,40.49699507,4.330766917,-49.17250013
0.59993,0.029663,-0.568817,0.827254,44032.20158,2001-01-01 12:13:52.202 +0000,,,,46.48605408,2.054906681,-43.44017582
0.580032,0.002701,-0.419998,0.716131,44032.18199,2001-01-01 12:13:52.182 +0000,,,,54.09134625,0.216100688,-35.90779738
0.680527,-0.006729,-0.446823,0.814133,44032.16239,2001-01-01 12:13:52.162 +0000,,,,56.7087665,-0.473568253,-33.28696946
0.766464,0.009857,-0.532455,0.933313,44032.1428,2001-01-01 12:13:52.143 +0000,,,,55.20807295,0.605129473,-34.78510909
0.796341,0.04451,-0.549225,0.968395,44032.12321,2001-01-01 12:13:52.123 +0000,,,,55.31882688,2.634394899,-34.55172283
0.754089,0.098907,-0.540558,0.933079,44032.10362,2001-01-01 12:13:52.104 +0000,,,,53.91781464,6.084824943,-35.40324793
0.760025,0.176498,-0.508575,0.931364,44032.08402,2001-01-01 12:13:52.084 +0000,,,,54.68980249,10.92389498,-33.09673533
0.811737,0.193665,-0.504959,0.975401,44032.06443,2001-01-01 12:13:52.064 +0000,,,,56.32629731,11.45213054,-31.17768783
0.899902,0.211639,-0.571045,1.086604,44032.04484,2001-01-01 12:13:52.045 +0000,,,,55.91211483,11.23135508,-31.7040717
1.002594,0.252945,-0.619553,1.205413,44032.02525,2001-01-01 12:13:52.025 +0000,,,,56.27818171,12.11302585,-30.92899935
1.072586,0.257553,-0.595413,1.253512,44032.00565,2001-01-01 12:13:52.006 +0000,,,,58.83329219,11.85673401,-28.35909437
1.121292,0.238953,-0.508804,1.254303,44031.98606,2001-01-01 12:13:51.986 +0000,,,,63.37468498,10.98235123,-23.93166758
1.087616,0.182312,-0.316574,1.14733,44031.96649,2001-01-01 12:13:51.966 +0000,,,,71.43341042,9.143120915,-16.01699355
0.965652,0.101959,-0.049805,0.972297,44031.9469,2001-01-01 12:13:51.947 +0000,,,,83.29794136,6.019338767,-2.93620984
0.882324,0.012314,0.088425,0.88683,44031.92731,2001-01-01 12:13:51.927 +0000,,,,84.22217057,0.795601694,5.722422492
0.911865,-0.062836,0.039322,0.914873,44031.90771,2001-01-01 12:13:51.908 +0000,,,,85.35264962,-3.938333295,2.463379359
0.948624,-0.145981,-0.032364,0.960336,44031.88812,2001-01-01 12:13:51.888 +0000,,,,81.04253316,-8.743446078,-1.931273722
0.929153,-0.191101,0.047226,0.949777,44031.86853,2001-01-01 12:13:51.869 +0000,,,,78.03821778,-11.60750969,2.850109566
0.760727,-0.258621,0.347229,0.875305,44031.84894,2001-01-01 12:13:51.849 +0000,,,,60.35417759,-17.18536072,23.3717286
0.69574,-0.347687,0.519272,0.935191,44031.82935,2001-01-01 12:13:51.829 +0000,,,,48.06936026,-21.82552735,33.72843164
0.775391,-0.369904,0.480103,0.984153,44031.80975,2001-01-01 12:13:51.810 +0000,,,,51.98743325,-22.07746914,29.19826469
0.936859,-0.396362,0.314499,1.064762,44031.79016,2001-01-01 12:13:51.790 +0000,,,,61.62750425,-21.85470888,17.17974661
0.932846,-0.467667,0.369217,1.106903,44031.77057,2001-01-01 12:13:51.771 +0000,,,,57.43196211,-24.99254067,19.48490201
0.77063,-0.458786,0.692886,1.133334,44031.75098,2001-01-01 12:13:51.751 +0000,,,,42.84107935,-23.87927811,37.68859934
0.613266,-0.465515,1.014938,1.273931,44031.73135,2001-01-01 12:13:51.731 +0000,,,,28.77666974,-21.43320917,52.81594987
0.632599,-0.497208,0.987213,1.273572,44031.71176,2001-01-01 12:13:51.712 +0000,,,,29.78272001,-22.97965091,50.81887076
0.730515,-0.517654,0.857651,1.239832,44031.69217,2001-01-01 12:13:51.692 +0000,,,,36.10060564,-24.67808322,43.76862487
0.691528,-0.539917,0.790131,1.18069,44031.67258,2001-01-01 12:13:51.673 +0000,,,,35.85233809,-27.21234024,42.00622651
0.499191,-0.539307,0.911987,1.171223,44031.65298,2001-01-01 12:13:51.653 +0000,,,,25.22748915,-27.41709946,51.13822788
0.420456,-0.619263,0.998886,1.248216,44031.63339,2001-01-01 12:13:51.633 +0000,,,,19.68480432,-29.74353078,53.15407161
0.366272,-0.690414,1.118118,1.364191,44031.6138,2001-01-01 12:13:51.614 +0000,,,,15.57445964,-30.40427439,55.04681286
0.276031,-0.705078,1.188171,1.408929,44031.59421,2001-01-01 12:13:51.594 +0000,,,,11.2982157,-30.02883386,57.4919097
0.155792,-0.678711,1.089783,1.29327,44031.57462,2001-01-01 12:13:51.575 +0000,,,,6.918862019,-31.65493768,57.42177891
-0.011627,-0.628616,1.060089,1.232511,44031.55502,2001-01-01 12:13:51.555 +0000,,,,-0.540513011,-30.66575871,59.32843184
-0.107849,-0.657288,1.163361,1.340547,44031.53543,2001-01-01 12:13:51.535 +0000,,,,-4.614515881,-29.36116205,60.20689445
-0.141693,-0.674469,1.201691,1.385296,44031.51584,2001-01-01 12:13:51.516 +0000,,,,-5.87068064,-29.1355203,60.16494024
-0.194138,-0.68071,1.037506,1.255975,44031.49625,2001-01-01 12:13:51.496 +0000,,,,-8.891945133,-32.81833412,55.69569543
-0.178635,-0.708374,0.742279,1.041481,44031.47665,2001-01-01 12:13:51.477 +0000,,,,-9.876218703,-42.85617837,45.45624724
-0.146011,-0.623657,0.718445,0.962513,44031.45706,2001-01-01 12:13:51.457 +0000,,,,-8.725326993,-40.38698212,48.28178073
-0.220596,-0.692047,0.984512,1.223461,44031.43747,2001-01-01 12:13:51.437 +0000,,,,-10.38752396,-34.44724729,53.58076969
-0.401016,-0.712341,1.187943,1.44203,44031.41788,2001-01-01 12:13:51.418 +0000,,,,-16.14631458,-29.60282179,55.46689481
-0.524277,-0.637985,0.918671,1.235252,44031.39828,2001-01-01 12:13:51.398 +0000,,,,-25.11453729,-31.09654153,48.04853541
-0.526077,-0.527466,0.516479,0.906492,44031.37869,2001-01-01 12:13:51.379 +0000,,,,-35.47472198,-35.58259924,34.73318866
-0.596802,-0.487564,0.543823,0.943205,44031.3591,2001-01-01 12:13:51.359 +0000,,,,-39.25247044,-31.12607112,35.20962386
-0.70314,-0.466812,0.631119,1.053865,44031.33951,2001-01-01 12:13:51.340 +0000,,,,-41.85144089,-26.29241874,36.78840899
-0.761642,-0.46109,0.353714,0.958028,44031.31992,2001-01-01 12:13:51.320 +0000,,,,-52.65627945,-28.76976264,21.66695457
-0.776794,-0.45636,-0.10231,0.90672,44031.30029,2001-01-01 12:13:51.300 +0000,,,,-58.94893589,-30.21914935,-6.478784591
-0.919647,-0.460892,-0.25882,1.060735,44031.2807,2001-01-01 12:13:51.281 +0000,,,,-60.11071186,-25.75362787,-14.12277455
-1.069077,-0.460861,-0.137985,1.17233,44031.26111,2001-01-01 12:13:51.261 +0000,,,,-65.772706,-23.14848328,-6.759466454
-1.096161,-0.453522,-0.004745,1.186285,44031.24152,2001-01-01 12:13:51.242 +0000,,,,-67.52221981,-22.47648431,-0.229176845
-0.984512,-0.398972,-0.362823,1.122535,44031.22192,2001-01-01 12:13:51.222 +0000,,,,-61.28782501,-20.81923631,-18.85763405
-1.027359,-0.455963,-0.737747,1.344485,44031.20233,2001-01-01 12:13:51.202 +0000,,,,-49.82951184,-19.8242345,-33.27931041
-1.25293,-0.390961,-0.7332,1.503418,44031.18274,2001-01-01 12:13:51.183 +0000,,,,-56.44830972,-15.07291452,-29.18877665
-1.383438,-0.399704,-0.552444,1.542355,44031.16315,2001-01-01 12:13:51.163 +0000,,,,-63.76193141,-15.0197382,-20.9885994
-1.349869,-0.263962,-0.438889,1.443761,44031.14355,2001-01-01 12:13:51.144 +0000,,,,-69.22282821,-10.53460986,-17.69741448
-0.977936,-0.091293,-0.817078,1.277618,44031.12396,2001-01-01 12:13:51.124 +0000,,,,-49.94583938,-4.097595748,-39.75692681
-0.794052,-0.178299,-0.974075,1.269304,44031.10437,2001-01-01 12:13:51.104 +0000,,,,-38.72483809,-8.075041704,-50.1217952
-0.815491,-0.170563,-0.88707,1.216967,44031.08478,2001-01-01 12:13:51.085 +0000,,,,-42.074842,-8.056762676,-46.79578449
-0.673431,-0.047012,-0.863922,1.096395,44031.06519,2001-01-01 12:13:51.065 +0000,,,,-37.89550742,-2.457523803,-51.99587831
-0.417755,0.055878,-1.051636,1.132952,44031.04559,2001-01-01 12:13:51.046 +0000,,,,-21.63740556,2.827016054,-68.16003724
-0.223297,0.104568,-1.284302,1.307757,44031.026,2001-01-01 12:13:51.026 +0000,,,,-9.831319263,4.586256618,-79.13222901
-0.207809,0.172714,-1.313721,1.341222,44031.00641,2001-01-01 12:13:51.006 +0000,,,,-8.913316563,7.39872755,-78.37723086
-0.229752,0.189056,-1.128845,1.167399,44030.98682,2001-01-01 12:13:50.987 +0000,,,,-11.35029353,9.319891506,-75.23401957
-0.165848,0.207474,-0.972778,1.008389,44030.96726,2001-01-01 12:13:50.967 +0000,,,,-9.466348577,11.87329068,-74.72781647
0.105438,0.233932,-1.00209,1.034421,44030.94767,2001-01-01 12:13:50.948 +0000,,,,5.850292747,13.07038717,-75.63740988
0.389679,0.264801,-1.110275,1.206101,44030.92807,2001-01-01 12:13:50.928 +0000,,,,18.84988833,12.68267712,-67.00645567
0.514633,0.308701,-1.146698,1.294241,44030.90848,2001-01-01 12:13:50.908 +0000,,,,23.43029296,13.79914424,-62.37488127
0.523712,0.220505,-1.024078,1.171167,44030.88889,2001-01-01 12:13:50.889 +0000,,,,26.56232414,10.85230715,-60.97499954
0.514679,0.074707,-0.795731,0.950612,44030.8693,2001-01-01 12:13:50.869 +0000,,,,32.78025538,4.507426365,-56.83223225
0.56601,-0.036346,-0.602539,0.827491,44030.84971,2001-01-01 12:13:50.850 +0000,,,,43.15758899,-2.517419825,-46.73165969
0.671692,-0.075958,-0.545074,0.868358,44030.83011,2001-01-01 12:13:50.830 +0000,,,,50.6710232,-5.018255903,-38.88112403
0.778824,-0.100708,-0.529129,0.946935,44030.81052,2001-01-01 12:13:50.811 +0000,,,,55.33262328,-6.105038716,-33.97150594
0.830551,-0.146957,-0.414673,0.939875,44030.79093,2001-01-01 12:13:50.791 +0000,,,,62.08981191,-8.995565948,-26.18048151
0.834229,-0.134048,-0.29628,0.89537,44030.77134,2001-01-01 12:13:50.771 +0000,,,,68.70351645,-8.610253791,-19.32353523
0.893936,-0.096207,-0.196747,0.920373,44030.75174,2001-01-01 12:13:50.752 +0000,,,,76.23399098,-6.000113317,-12.34330163
1.029099,-0.056641,-0.147812,1.041201,44030.73215,2001-01-01 12:13:50.732 +0000,,,,81.25548096,-3.118408795,-8.161444822
1.098663,-0.013229,-0.153091,1.109357,44030.71256,2001-01-01 12:13:50.713 +0000,,,,82.03813017,-0.683264326,-7.932119903
1.038696,0.041519,-0.087692,1.043218,44030.69297,2001-01-01 12:13:50.693 +0000,,,,84.66350405,2.280916096,-4.821925134
0.99646,0.103455,-0.022247,1.002063,44030.67337,2001-01-01 12:13:50.673 +0000,,,,83.93814391,5.925890449,-1.27213945
1.036087,0.187393,0.013992,1.05299,44030.65375,2001-01-01 12:13:50.654 +0000,,,,79.72003855,10.25111743,0.761361519
1.213348,0.189621,-0.020538,1.228248,44030.63416,2001-01-01 12:13:50.634 +0000,,,,81.06659889,8.88103804,-0.958109685
1.299179,0.216293,0.082703,1.319655,44030.61457,2001-01-01 12:13:50.615 +0000,,,,79.8937527,9.433409561,3.593091618
1.24118,0.29129,0.18808,1.288702,44030.59497,2001-01-01 12:13:50.595 +0000,,,,74.39188333,13.0636718,8.392026191
1.278397,0.332092,0.16217,1.330745,44030.57538,2001-01-01 12:13:50.575 +0000,,,,73.87589809,14.45108573,6.999693959
1.307419,0.335922,0.13031,1.356159,44030.55579,2001-01-01 12:13:50.556 +0000,,,,74.59233628,14.3415077,5.513916242
1.3022,0.224365,0.147491,1.329594,44030.5362,2001-01-01 12:13:50.536 +0000,,,,78.34940589,9.714981078,6.3688953
1.189941,0.109421,0.246841,1.22019,44030.51661,2001-01-01 12:13:50.517 +0000,,,,77.21564312,5.144933289,11.67132695
1.094925,-0.028397,0.26944,1.127947,44030.49701,2001-01-01 12:13:50.497 +0000,,,,76.10169052,-1.4426208,13.82023511
0.956116,-0.114334,0.258026,0.996899,44030.47742,2001-01-01 12:13:50.477 +0000,,,,73.55465178,-6.585725563,15.00056967
0.765106,-0.227112,0.358368,0.874868,44030.45783,2001-01-01 12:13:50.458 +0000,,,,60.99039484,-15.04606939,24.18128346
0.701477,-0.348114,0.464417,0.910459,44030.43824,2001-01-01 12:13:50.438 +0000,,,,50.39564758,-22.47931087,30.66987778
0.714569,-0.431351,0.492554,0.969165,44030.41864,2001-01-01 12:13:50.419 +0000,,,,47.50220239,-26.42811239,30.5456573
0.626602,-0.490555,0.560822,0.973548,44030.39905,2001-01-01 12:13:50.399 +0000,,,,40.06283125,-30.25728264,35.17389722
0.416168,-0.522934,0.682541,0.955258,44030.37946,2001-01-01 12:13:50.379 +0000,,,,25.82731638,-33.19066898,45.60301873
0.273254,-0.537949,0.795166,0.998171,44030.35987,2001-01-01 12:13:50.360 +0000,,,,15.8878122,-32.61114086,52.80880623
0.300522,-0.566422,0.854065,1.067976,44030.34028,2001-01-01 12:13:50.340 +0000,,,,16.34340664,-32.0304051,53.10182036
0.360626,-0.635925,0.843689,1.116362,44030.32068,2001-01-01 12:13:50.321 +0000,,,,18.84668729,-34.72518085,49.09085688
0.200516,-0.676315,0.936249,1.17225,44030.30109,2001-01-01 12:13:50.301 +0000,,,,9.849002088,-35.23541988,53.00392055
0.078781,-0.659866,1.001343,1.201798,44030.2815,2001-01-01 12:13:50.281 +0000,,,,3.758584673,-33.30295043,56.4293277
0.12529,-0.681747,0.935516,1.164332,44030.26191,2001-01-01 12:13:50.262 +0000,,,,6.177379641,-35.84021408,53.46365829
0.008591,-0.730026,0.968811,1.213098,44030.24231,2001-01-01 12:13:50.242 +0000,,,,0.405764583,-36.99795786,52.99905431
-0.116013,-0.767624,0.940857,1.219802,44030.22272,2001-01-01 12:13:50.223 +0000,,,,-5.457538266,-38.99864526,50.47250897
-0.170364,-0.757126,0.869629,1.165555,44030.20313,2001-01-01 12:13:50.203 +0000,,,,-8.404780775,-40.51025649,48.25429429
-0.12384,-0.740585,0.84816,1.132775,44030.18354,2001-01-01 12:13:50.184 +0000,,,,-6.276377718,-40.82719125,48.48184605
-0.150497,-0.751419,0.889511,1.1741,44030.16394,2001-01-01 12:13:50.164 +0000,,,,-7.364479688,-39.79152219,49.25406166
-0.300247,-0.776123,0.901978,1.227224,44030.14435,2001-01-01 12:13:50.144 +0000,,,,-14.16146759,-39.2290019,47.30502321
-0.393753,-0.751617,0.823013,1.182083,44030.12476,2001-01-01 12:13:50.125 +0000,,,,-19.4571029,-39.48240348,44.12608647
-0.33931,-0.742355,0.698975,1.074611,44030.10517,2001-01-01 12:13:50.105 +0000,,,,-18.40618982,-43.69449429,40.57514859
-0.288101,-0.75914,0.652618,1.041733,44030.08558,2001-01-01 12:13:50.086 +0000,,,,-16.05497565,-46.77991062,38.79044794
-0.371704,-0.81012,0.740158,1.158573,44030.06598,2001-01-01 12:13:50.066 +0000,,,,-18.71307117,-44.36600559,39.70634161
-0.485886,-0.813858,0.766968,1.219299,44030.04639,2001-01-01 12:13:50.046 +0000,,,,-23.4842025,-41.87288808,38.97813353
-0.461792,-0.812851,0.619156,1.121308,44030.0268,2001-01-01 12:13:50.027 +0000,,,,-24.32004231,-46.46160368,33.51620146
-0.393341,-0.78006,0.499832,1.0065,44030.00721,2001-01-01 12:13:50.007 +0000,,,,-23.00433047,-50.80704206,29.77557252
-0.376328,-0.815765,0.480011,1.01858,44029.98761,2001-01-01 12:13:49.988 +0000,,,,-21.68251909,-53.21463246,28.11578842
-0.410599,-0.811523,0.447617,1.013668,44029.96805,2001-01-01 12:13:49.968 +0000,,,,-23.89505958,-53.18561509,26.20483869
-0.439362,-0.78862,0.299423,0.951112,44029.94846,2001-01-01 12:13:49.948 +0000,,,,-27.51271581,-56.01208658,18.34955618
-0.455673,-0.763794,0.185715,0.908575,44029.92887,2001-01-01 12:13:49.929 +0000,,,,-30.10092565,-57.20883534,11.79451933
-0.546677,-0.758453,0.097641,0.940022,44029.90928,2001-01-01 12:13:49.909 +0000,,,,-35.56019675,-53.78895357,5.962125554
-0.595917,-0.799316,0.033035,0.997554,44029.88969,2001-01-01 12:13:49.890 +0000,,,,-36.6823446,-53.25210004,1.897753697
-0.594101,-0.798355,-0.072968,0.997823,44029.87009,2001-01-01 12:13:49.870 +0000,,,,-36.54094567,-53.13933772,-4.193622565
-0.559738,-0.768311,-0.194946,0.970367,44029.8505,2001-01-01 12:13:49.850 +0000,,,,-35.22797142,-52.35156111,-11.58954813
-0.589523,-0.781693,-0.250565,1.010625,44029.83091,2001-01-01 12:13:49.831 +0000,,,,-35.68473445,-50.66691764,-14.35508884
-0.706741,-0.766815,-0.313675,1.088982,44029.81132,2001-01-01 12:13:49.811 +0000,,,,-40.46570911,-44.76157316,-16.74091678
-0.800674,-0.776199,-0.45108,1.202929,44029.79172,2001-01-01 12:13:49.792 +0000,,,,-41.72867987,-40.18500916,-22.02337929
-0.877213,-0.743958,-0.511032,1.258622,44029.77213,2001-01-01 12:13:49.772 +0000,,,,-44.18384392,-36.2343403,-23.95537123
-0.776474,-0.676971,-0.498962,1.144625,44029.75254,2001-01-01 12:13:49.753 +0000,,,,-42.71607675,-36.25891658,-25.84370491
-0.605988,-0.655334,-0.573929,1.061168,44029.73295,2001-01-01 12:13:49.733 +0000,,,,-34.82398649,-38.13808746,-32.74126534
-0.842117,-0.600128,-0.737869,1.270341,44029.71335,2001-01-01 12:13:49.713 +0000,,,,-41.52191452,-28.191176,-35.50988698
-1.121719,-0.447372,-0.849152,1.476298,44029.69376,2001-01-01 12:13:49.694 +0000,,,,-49.44825084,-17.64007303,-35.11296032
-1.060104,-0.17984,-1.006592,1.472885,44029.67417,2001-01-01 12:13:49.674 +0000,,,,-46.03356362,-7.013344029,-43.1110978
-0.64537,-0.043671,-1.250793,1.408153,44029.65458,2001-01-01 12:13:49.655 +0000,,,,-27.27809749,-1.777197974,-62.65431815
-0.273407,-0.109512,-1.229004,1.263802,44029.63499,2001-01-01 12:13:49.635 +0000,,,,-12.49397358,-4.971075593,-76.52354009
-0.189514,-0.147491,-1.254868,1.277639,44029.61539,2001-01-01 12:13:49.615 +0000,,,,-8.530238318,-6.62901738,-79.16629602
-0.055954,-0.051971,-1.273468,1.275756,44029.5958,2001-01-01 12:13:49.596 +0000,,,,-2.513770361,-2.334728547,-86.56823733
0.188187,0.03125,-1.24501,1.25954,44029.57621,2001-01-01 12:13:49.576 +0000,,,,8.592697362,1.421691253,-81.28872778
0.364532,-0.026901,-1.021606,1.085029,44029.55662,2001-01-01 12:13:49.557 +0000,,,,19.63125934,-1.420674436,-70.31315881
0.367279,-0.063965,-0.89183,0.966616,44029.53702,2001-01-01 12:13:49.537 +0000,,,,22.33143958,-3.794273406,-67.31384326
0.380524,-0.001968,-1.031219,1.099189,44029.51743,2001-01-01 12:13:49.517 +0000,,,,20.25423213,-0.102583108,-69.74548665
0.5457,0.038544,-1.134476,1.259488,44029.49784,2001-01-01 12:13:49.498 +0000,,,,25.67534606,1.753691569,-64.25601332
0.593842,0.037186,-0.937515,1.11039,44029.47825,2001-01-01 12:13:49.478 +0000,,,,32.33068767,1.919145294,-57.59825692
0.589828,0.023239,-0.747391,0.952382,44029.45866,2001-01-01 12:13:49.459 +0000,,,,38.26642748,1.398209517,-51.69850041
0.572098,0.057938,-0.709396,0.913179,44029.43906,2001-01-01 12:13:49.439 +0000,,,,38.79168061,3.637659934,-50.97236649
0.653214,0.084976,-0.609085,0.897159,44029.41947,2001-01-01 12:13:49.419 +0000,,,,46.72666171,5.435019305,-42.75808152
0.735977,0.154449,-0.454559,0.878716,44029.39985,2001-01-01 12:13:49.400 +0000,,,,56.88338113,10.12328631,-31.1512839
0.85611,0.186981,-0.474808,0.996658,44029.38026,2001-01-01 12:13:49.380 +0000,,,,59.20224841,10.81321264,-28.45052552
0.922531,0.181686,-0.538177,1.083378,44029.36069,2001-01-01 12:13:49.361 +0000,,,,58.37869492,9.654308124,-29.78576351
0.944077,0.166107,-0.511307,1.086419,44029.3411,2001-01-01 12:13:49.341 +0000,,,,60.34032636,8.794672814,-28.07551602
0.935059,0.232773,-0.394211,1.041115,44029.32151,2001-01-01 12:13:49.322 +0000,,,,63.91361655,12.91941716,-22.24965306
0.850571,0.296265,-0.29512,0.947808,44029.30192,2001-01-01 12:13:49.302 +0000,,,,63.81951075,18.21473234,-18.14188008
0.870758,0.273483,-0.233795,0.942164,44029.28232,2001-01-01 12:13:49.282 +0000,,,,67.5496634,16.87419305,-14.36788157
0.912796,0.246964,-0.156433,0.958467,44029.26273,2001-01-01 12:13:49.263 +0000,,,,72.24138172,14.9315935,-9.393362401
1.055939,0.225159,-0.174438,1.093678,44029.24314,2001-01-01 12:13:49.243 +0000,,,,74.90452132,11.88061687,-9.177679495
1.138641,0.197342,-0.156891,1.166217,44029.22355,2001-01-01 12:13:49.224 +0000,,,,77.51545669,9.742210649,-7.731434831
1.108643,0.167358,0.038834,1.121876,44029.20396,2001-01-01 12:13:49.204 +0000,,,,81.19104409,8.579229608,1.983702867
1.184189,0.104172,0.083801,1.191712,44029.18436,2001-01-01 12:13:49.184 +0000,,,,83.55857012,5.014837829,4.03235745
1.22023,0.028305,0.09169,1.223997,44029.16477,2001-01-01 12:13:49.165 +0000,,,,85.50348581,1.325085926,4.296068084
1.103195,-0.047104,0.146133,1.113828,44029.14518,2001-01-01 12:13:49.145 +0000,,,,82.07675996,-2.423772361,7.538877231
1.00589,-0.138168,0.193085,1.033531,44029.12559,2001-01-01 12:13:49.126 +0000,,,,76.7190989,-7.682607568,10.76729981
0.907211,-0.198547,0.282791,0.970785,44029.10599,2001-01-01 12:13:49.106 +0000,,,,69.14958074,-11.80152603,16.935884
0.795898,-0.241867,0.460297,0.950698,44029.0864,2001-01-01 12:13:49.086 +0000,,,,56.84271687,-14.73862381,28.95794059
0.654846,-0.28804,0.661118,0.974098,44029.06681,2001-01-01 12:13:49.067 +0000,,,,42.24163329,-17.19946559,42.74194354
0.689407,-0.338455,0.693466,1.034761,44029.04722,2001-01-01 12:13:49.047 +0000,,,,41.77814177,-19.09196727,42.08023869
0.692703,-0.32782,0.680908,1.025153,44029.02762,2001-01-01 12:13:49.028 +0000,,,,42.50906248,-18.649415,41.62107409
0.732025,-0.298874,0.67392,1.03892,44029.00803,2001-01-01 12:13:49.008 +0000,,,,44.79740016,-16.71897052,40.44168138
0.546677,-0.347717,0.917816,1.123454,44028.98844,2001-01-01 12:13:48.988 +0000,,,,29.1176017,-18.02952815,54.78153448
0.49472,-0.420731,1.133423,1.306296,44028.96888,2001-01-01 12:13:48.969 +0000,,,,22.2543932,-18.78871854,60.18801418
0.504028,-0.474487,1.154892,1.346461,44028.94929,2001-01-01 12:13:48.949 +0000,,,,21.98323921,-20.6339117,59.06198256
0.441345,-0.474869,1.129898,1.302672,44028.9297,2001-01-01 12:13:48.930 +0000,,,,19.80376114,-21.37893614,60.1543538
0.261322,-0.49968,1.214767,1.339264,44028.9101,2001-01-01 12:13:48.910 +0000,,,,11.25194338,-21.90695734,65.09955137
0.026108,-0.536942,1.266769,1.376115,44028.89051,2001-01-01 12:13:48.891 +0000,,,,1.087095316,-22.9661306,67.00518213
-0.091309,-0.550735,1.176224,1.301979,44028.87092,2001-01-01 12:13:48.871 +0000,,,,-4.021507641,-25.02403341,64.61030712
-0.11174,-0.514893,1.136932,1.253082,44028.85133,2001-01-01 12:13:48.851 +0000,,,,-5.115981815,-24.26146078,65.13600314
-0.116745,-0.554291,1.207901,1.334126,44028.83174,2001-01-01 12:13:48.832 +0000,,,,-5.020186367,-24.54899337,64.87550532
-0.133087,-0.595505,1.202911,1.348827,44028.81214,2001-01-01 12:13:48.812 +0000,,,,-5.662514913,-26.19953444,63.1028892
-0.189636,-0.606934,1.059036,1.235268,44028.79255,2001-01-01 12:13:48.793 +0000,,,,-8.830858688,-29.42854751,59.01840899
-0.260803,-0.613739,0.842682,1.074619,44028.77296,2001-01-01 12:13:48.773 +0000,,,,-14.04556083,-34.82852052,51.64378644
-0.368164,-0.655533,0.776779,1.081043,44028.75337,2001-01-01 12:13:48.753 +0000,,,,-19.91122251,-37.32889004,45.93455973
-0.463394,-0.639313,0.821609,1.139516,44028.7338,2001-01-01 12:13:48.734 +0000,,,,-23.99510932,-34.12769143,46.13841426
-0.533722,-0.584793,0.79837,1.124383,44028.71421,2001-01-01 12:13:48.714 +0000,,,,-28.33851577,-31.33904988,45.23912855
-0.551498,-0.610764,0.579468,1.006462,44028.69462,2001-01-01 12:13:48.695 +0000,,,,-33.22697262,-37.36154785,35.15199661
-0.543915,-0.662857,0.455704,0.971025,44028.67503,2001-01-01 12:13:48.675 +0000,,,,-34.06585095,-43.05001942,27.9890074
-0.584396,-0.642517,0.475906,0.990371,44028.65544,2001-01-01 12:13:48.655 +0000,,,,-36.16256442,-40.44850952,28.72024548
-0.658035,-0.567978,0.41011,0.961145,44028.63584,2001-01-01 12:13:48.636 +0000,,,,-43.20704406,-36.22367639,25.25762531
-0.678757,-0.604492,0.096283,0.913998,44028.61625,2001-01-01 12:13:48.616 +0000,,,,-47.95544805,-41.40454548,6.046911385
-0.708633,-0.687103,-0.086517,0.990837,44028.59666,2001-01-01 12:13:48.597 +0000,,,,-45.65851104,-43.90444209,-5.009283634
-0.752777,-0.8022,0.056793,1.101555,44028.57707,2001-01-01 12:13:48.577 +0000,,,,-43.10807467,-46.73932031,2.955315421
-0.755188,-0.853836,0.242142,1.165323,44028.55747,2001-01-01 12:13:48.557 +0000,,,,-40.39477159,-47.11350545,11.99284925
-0.719849,-0.751892,0.115707,1.047336,44028.53788,2001-01-01 12:13:48.538 +0000,,,,-43.41789715,-45.88212926,6.342839951
-0.745789,-0.723816,-0.273834,1.074754,44028.51829,2001-01-01 12:13:48.518 +0000,,,,-43.94090661,-42.33555875,-14.76100224
-0.839386,-0.765549,-0.481796,1.234002,44028.4987,2001-01-01 12:13:48.499 +0000,,,,-42.86039436,-38.34381273,-22.98148563
-0.891083,-0.803024,-0.292099,1.234584,44028.4791,2001-01-01 12:13:48.479 +0000,,,,-46.20061675,-40.57484704,-13.6857827
-0.788803,-0.688461,-0.124176,1.054329,44028.45951,2001-01-01 12:13:48.460 +0000,,,,-48.4309687,-40.76706466,-6.763844193
-0.482468,-0.667648,-0.3573,0.897882,44028.43992,2001-01-01 12:13:48.440 +0000,,,,-32.50274145,-48.03734631,-23.44923475
-0.538284,-0.770584,-0.561676,1.095002,44028.42033,2001-01-01 12:13:48.420 +0000,,,,-29.44466031,-44.72690713,-30.86020847
-0.726501,-0.820831,-0.551163,1.226927,44028.40074,2001-01-01 12:13:48.401 +0000,,,,-36.30837533,-41.99102362,-26.69381947
-0.931213,-0.743942,-0.217712,1.211613,44028.38114,2001-01-01 12:13:48.381 +0000,,,,-50.2259205,-37.87999408,-10.35157287
-0.902985,-0.587708,-0.113037,1.083309,44028.36155,2001-01-01 12:13:48.362 +0000,,,,-56.46440674,-32.85477322,-5.989379922
-0.475266,-0.485031,-0.637222,0.931228,44028.34196,2001-01-01 12:13:48.342 +0000,,,,-30.68815008,-31.38936775,-43.17914722
-0.34549,-0.548004,-0.983154,1.177397,44028.32237,2001-01-01 12:13:48.322 +0000,,,,-17.06374431,-27.73850306,-56.61827749
-0.439682,-0.518387,-1.045105,1.246712,44028.30277,2001-01-01 12:13:48.303 +0000,,,,-20.65091915,-24.56992504,-56.95991409
-0.574341,-0.433075,-0.750473,1.039534,44028.28318,2001-01-01 12:13:48.283 +0000,,,,-33.53858637,-24.6204244,-46.21422409
-0.554108,-0.333923,-0.570984,0.86288,44028.26359,2001-01-01 12:13:48.264 +0000,,,,-39.95312518,-22.76710946,-41.43106165
-0.262833,-0.157104,-1.000427,1.04624,44028.24397,2001-01-01 12:13:48.244 +0000,,,,-14.54953189,-8.636236757,-72.98188221
-0.061462,-0.092712,-1.254349,1.259271,44028.22437,2001-01-01 12:13:48.224 +0000,,,,-2.797580296,-4.222137461,-84.93232583
-0.03688,-0.069336,-1.203796,1.206355,44028.20478,2001-01-01 12:13:48.205 +0000,,,,-1.751887002,-3.294926192,-86.26738494
-0.081497,-0.054886,-0.94165,0.946763,44028.18519,2001-01-01 12:13:48.185 +0000,,,,-4.938113602,-3.323432039,-84.04306105
-0.030151,0.00824,-0.759735,0.760378,44028.1656,2001-01-01 12:13:48.166 +0000,,,,-2.272526009,0.620910464,-87.64409217
0.21698,0.047058,-0.862274,0.8904,44028.14601,2001-01-01 12:13:48.146 +0000,,,,14.10433417,3.02951839,-75.5607395
0.542557,0.02858,-1.008636,1.145658,44028.12641,2001-01-01 12:13:48.126 +0000,,,,28.26673257,1.429470025,-61.69054721
0.621277,-0.01152,-0.941071,1.127711,44028.10682,2001-01-01 12:13:48.107 +0000,,,,33.43005311,-0.585308453,-56.56344658
0.598755,-0.031372,-0.748016,0.958655,44028.08723,2001-01-01 12:13:48.087 +0000,,,,38.65122774,-1.875339862,-51.2858915
0.615936,-0.005524,-0.610809,0.867465,44028.06764,2001-01-01 12:13:48.068 +0000,,,,45.23828719,-0.364860919,-44.75939085
0.712967,0.078613,-0.671844,0.98279,44028.04804,2001-01-01 12:13:48.048 +0000,,,,46.50646129,4.587968958,-43.12630104
0.823212,0.152878,-0.69841,1.090333,44028.02845,2001-01-01 12:13:48.028 +0000,,,,49.02621452,8.060125732,-39.83264955
0.870331,0.143723,-0.563309,1.046637,44028.00886,2001-01-01 12:13:48.009 +0000,,,,56.25827799,7.892728597,-32.56176569
0.90802,0.164078,-0.452454,1.027685,44027.98927,2001-01-01 12:13:47.989 +0000,,,,62.07466758,9.187038278,-26.12080623
0.982773,0.223434,-0.390518,1.080865,44027.96967,2001-01-01 12:13:47.970 +0000,,,,65.40143069,11.93007072,-21.18013272
1.051117,0.287888,-0.345566,1.143303,44027.95011,2001-01-01 12:13:47.950 +0000,,,,66.83393743,14.58427248,-17.59293027
1.089691,0.308029,-0.294617,1.170089,44027.93052,2001-01-01 12:13:47.931 +0000,,,,68.63668565,15.26315382,-14.58347952
1.088257,0.354828,-0.243195,1.170192,44027.91092,2001-01-01 12:13:47.911 +0000,,,,68.43190734,17.65122488,-11.99491153
1.050446,0.442322,-0.205063,1.158074,44027.89133,2001-01-01 12:13:47.891 +0000,,,,65.10253006,22.45428052,-10.19928084
1.084808,0.435593,-0.245087,1.194411,44027.87174,2001-01-01 12:13:47.872 +0000,,,,65.2628295,21.38867663,-11.84090794
1.147095,0.375122,-0.192276,1.222094,44027.85215,2001-01-01 12:13:47.852 +0000,,,,69.82287784,17.875533,-9.052142132
1.266983,0.351471,-0.151886,1.323574,44027.83255,2001-01-01 12:13:47.833 +0000,,,,73.18505476,15.39945816,-6.589464013
1.314835,0.336319,-0.072357,1.359094,44027.81296,2001-01-01 12:13:47.813 +0000,,,,75.33775966,14.32715228,-3.051820621
1.281601,0.321136,0.025879,1.321476,44027.79337,2001-01-01 12:13:47.793 +0000,,,,75.88902041,14.06444416,1.122118104
1.188278,0.281952,0.169601,1.232991,44027.77378,2001-01-01 12:13:47.774 +0000,,,,74.5227314,13.21897383,7.906247028
1.071808,0.209229,0.285172,1.128659,44027.75418,2001-01-01 12:13:47.754 +0000,,,,71.7372114,10.6831903,14.63523034
1.049149,0.107788,0.264572,1.08735,44027.73459,2001-01-01 12:13:47.735 +0000,,,,74.76752308,5.689020597,14.08246294
1.111633,0.00087,0.21965,1.133126,44027.715,2001-01-01 12:13:47.715 +0000,,,,78.82269586,0.043990985,11.17721687
1.153915,-0.034363,0.199417,1.171524,44027.69541,2001-01-01 12:13:47.695 +0000,,,,80.05347964,-1.680834398,9.800622421
1.115997,-0.050583,0.311295,1.159704,44027.67582,2001-01-01 12:13:47.676 +0000,,,,74.21984515,-2.499873341,15.5706465
1.007294,-0.038284,0.499969,1.1252,44027.65622,2001-01-01 12:13:47.656 +0000,,,,63.53580352,-1.94981726,26.38097645
1.014877,-0.046738,0.528778,1.145324,44027.63663,2001-01-01 12:13:47.637 +0000,,,,62.3878244,-2.33875753,27.49585292
1.001892,-0.061081,0.515518,1.128396,44027.61704,2001-01-01 12:13:47.617 +0000,,,,62.60935583,-3.10298448,27.18462045
0.992996,-0.050919,0.522736,1.123337,44027.59745,2001-01-01 12:13:47.597 +0000,,,,62.12498233,-2.598012001,27.73235649
0.919571,-0.074631,0.587509,1.093777,44027.57785,2001-01-01 12:13:47.578 +0000,,,,57.21729966,-3.912468048,32.48902108
0.910339,-0.111465,0.697189,1.152048,44027.55826,2001-01-01 12:13:47.558 +0000,,,,52.20346486,-5.552270386,37.2413425
0.948792,-0.138641,0.805435,1.252259,44027.53867,2001-01-01 12:13:47.539 +0000,,,,49.25871223,-6.356401417,40.02976919
0.949265,-0.167572,0.905777,1.32273,44027.51908,2001-01-01 12:13:47.519 +0000,,,,45.86125698,-7.278154474,43.21816006
0.868164,-0.214676,1.02211,1.358125,44027.49948,2001-01-01 12:13:47.499 +0000,,,,39.73496428,-9.094769929,48.81515309
0.647949,-0.249496,1.096024,1.297441,44027.47989,2001-01-01 12:13:47.480 +0000,,,,29.96065186,-11.08694918,57.64600199
0.37468,-0.312363,1.06279,1.169392,44027.4603,2001-01-01 12:13:47.460 +0000,,,,18.68746429,-15.49270423,65.34548072
0.206223,-0.387405,0.879257,0.982702,44027.44071,2001-01-01 12:13:47.441 +0000,,,,12.11373889,-23.21760162,63.4742861
0.205246,-0.42923,0.694077,0.841491,44027.42112,2001-01-01 12:13:47.421 +0000,,,,14.11728126,-30.66933671,55.57004836
0.081924,-0.420456,0.648056,0.776834,44027.40152,2001-01-01 12:13:47.402 +0000,,,,6.05360057,-32.76828972,56.53542652
-0.183243,-0.553345,0.613281,0.846098,44027.38193,2001-01-01 12:13:47.382 +0000,,,,-12.50789499,-40.84357659,46.45506192
-0.449631,-0.516602,0.358292,0.772928,44027.36234,2001-01-01 12:13:47.362 +0000,,,,-35.57187432,-41.94134833,27.61649558
-0.36557,-0.489441,-0.117966,0.622181,44027.34275,2001-01-01 12:13:47.343 +0000,,,,-35.98416358,-51.87382224,-10.92947704
-0.641907,-0.448242,-0.431198,0.89381,44027.32315,2001-01-01 12:13:47.323 +0000,,,,-45.90351757,-30.09899575,-28.8440109
-0.973145,-0.585907,-0.600403,1.284827,44027.30356,2001-01-01 12:13:47.304 +0000,,,,-49.2366535,-27.13057835,-27.85933085
-1.147736,-0.528793,-0.623138,1.408979,44027.28397,2001-01-01 12:13:47.284 +0000,,,,-54.54656649,-22.04300104,-26.24830761
-1.027969,-0.551926,-0.811279,1.421097,44027.26438,2001-01-01 12:13:47.264 +0000,,,,-46.33284729,-22.85375429,-34.81177353
-0.964157,-0.585236,-0.885742,1.434099,44027.24479,2001-01-01 12:13:47.245 +0000,,,,-42.2455051,-24.08467655,-38.14325489
-1.085754,-0.622055,-1.000549,1.602159,44027.22519,2001-01-01 12:13:47.225 +0000,,,,-42.66276637,-22.84630878,-38.64553992
-1.176163,-0.645645,-1.009293,1.678954,44027.2056,2001-01-01 12:13:47.206 +0000,,,,-44.46977138,-22.61591529,-36.95184939
-0.98558,-0.660965,-1.031708,1.572471,44027.18601,2001-01-01 12:13:47.186 +0000,,,,-38.81233875,-24.85576108,-41.00359312
-0.69574,-0.668839,-1.090027,1.45587,44027.16642,2001-01-01 12:13:47.166 +0000,,,,-28.54742098,-27.34893569,-48.47889318
-0.513428,-0.685425,-1.071472,1.371666,44027.14682,2001-01-01 12:13:47.147 +0000,,,,-21.9816576,-29.98032015,-51.36565546
-0.42807,-0.692688,-0.859589,1.184041,44027.12723,2001-01-01 12:13:47.127 +0000,,,,-21.19437257,-35.80441243,-46.55034171
-0.395752,-0.77066,-0.603577,1.055861,44027.10764,2001-01-01 12:13:47.108 +0000,,,,-22.01285595,-46.87700588,-34.86498718
-0.338379,-0.843262,-0.47049,1.023206,44027.08805,2001-01-01 12:13:47.088 +0000,,,,-19.31153774,-55.50104367,-27.37543592
-0.335327,-0.781204,-0.513641,0.993253,44027.06845,2001-01-01 12:13:47.068 +0000,,,,-19.73101992,-51.86062727,-31.13994918
-0.377213,-0.635803,-0.66597,0.995013,44027.04886,2001-01-01 12:13:47.049 +0000,,,,,,
-0.463791,-0.518738,-0.697418,0.985182,44027.02927,2001-01-01 12:13:47.029 +0000,,,,,,
-0.505585,-0.487762,-0.630722,0.944107,44027.00968,2001-01-01 12:13:47.010 +0000,,,,,,
-0.448532,-0.5233,-0.542709,0.877244,44026.99005,2001-01-01 12:13:46.990 +0000,,,,,,
-0.466568,-0.537659,-0.416733,0.824881,44026.97046,2001-01-01 12:13:46.970 +0000,,,,,,
-0.419464,-0.574768,-0.2285,0.747343,44026.95092,2001-01-01 12:13:46.951 +0000,,,,,,
-0.25827,-0.580994,-0.196762,0.665562,44026.93133,2001-01-01 12:13:46.931 +0000,,,,,,
-0.18074,-0.627716,-0.282532,0.711701,44026.91173,2001-01-01 12:13:46.912 +0000,,,,,,
-0.215408,-0.711685,-0.296967,0.800678,44026.89214,2001-01-01 12:13:46.892 +0000,,,,,,
-0.302185,-0.764069,-0.319,0.881407,44026.87255,2001-01-01 12:13:46.873 +0000,,,,,,
-0.461487,-0.787369,-0.227386,0.940545,44026.85296,2001-01-01 12:13:46.853 +0000,,,,,,
-0.448807,-0.739487,-0.247147,0.899639,44026.83337,2001-01-01 12:13:46.833 +0000,,,,,,
-0.091507,-0.742767,-0.315079,0.812005,44026.81377,2001-01-01 12:13:46.814 +0000,,,,,,
0.028473,-0.76799,-0.306519,0.827389,44026.79418,2001-01-01 12:13:46.794 +0000,,,,,,
0.118942,-0.747421,-0.17688,0.777221,44026.77459,2001-01-01 12:13:46.775 +0000,,,,,,
0.190201,-0.71051,-0.076401,0.739485,44026.755,2001-01-01 12:13:46.755 +0000,,,,,,
0.221924,-0.642609,-0.112839,0.689151,44026.7354,2001-01-01 12:13:46.735 +0000,,,,,,
0.146606,-0.589752,-0.347504,0.700043,44026.71581,2001-01-01 12:13:46.716 +0000,,,,,,
0.075043,-0.516479,-0.559723,0.765292,44026.69622,2001-01-01 12:13:46.696 +0000,,,,,,
-0.09436,-0.416656,-0.765823,0.876922,44026.67663,2001-01-01 12:13:46.677 +0000,,,,,,
-0.327911,-0.360001,-0.921875,1.042583,44026.65703,2001-01-01 12:13:46.657 +0000,,,,,,
-0.45256,-0.328186,-1.062836,1.20089,44026.63744,2001-01-01 12:13:46.637 +0000,,,,,,
-0.384232,-0.289886,-1.174881,1.269651,44026.61785,2001-01-01 12:13:46.618 +0000,,,,,,
-0.349976,-0.215103,-1.252731,1.318366,44026.59826,2001-01-01 12:13:46.598 +0000,,,,,,
-0.374283,-0.158051,-1.292435,1.35479,44026.57867,2001-01-01 12:13:46.579 +0000,,,,,,
-0.346878,-0.10022,-1.305847,1.354845,44026.55907,2001-01-01 12:13:46.559 +0000,,,,,,
-0.38414,-0.073547,-1.298538,1.356162,44026.53948,2001-01-01 12:13:46.539 +0000,,,,,,
-0.50824,-0.05928,-1.284561,1.382722,44026.51989,2001-01-01 12:13:46.520 +0000,,,,,,
-0.544891,-0.097244,-1.333221,1.443552,44026.5003,2001-01-01 12:13:46.500 +0000,,,,,,
-0.529266,-0.094513,-1.345306,1.44876,44026.4807,2001-01-01 12:13:46.481 +0000,,,,,,
-0.548965,-0.067215,-1.332977,1.44316,44026.46111,2001-01-01 12:13:46.461 +0000,,,,,,
-0.6492,-0.075974,-1.280823,1.437964,44026.44152,2001-01-01 12:13:46.442 +0000,,,,,,
-0.76062,-0.111359,-1.24086,1.459684,44026.42193,2001-01-01 12:13:46.422 +0000,,,,,,
-0.752335,-0.141068,-1.229446,1.448256,44026.4023,2001-01-01 12:13:46.402 +0000,,,,,,
-0.678329,-0.145447,-1.248108,1.427956,44026.38271,2001-01-01 12:13:46.383 +0000,,,,,,
-0.616058,-0.133575,-1.239182,1.390303,44026.36312,2001-01-01 12:13:46.363 +0000,,,,,,
-0.554718,-0.14502,-1.194397,1.324887,44026.34353,2001-01-01 12:13:46.344 +0000,,,,,,
-0.560867,-0.157486,-1.048828,1.199756,44026.32394,2001-01-01 12:13:46.324 +0000,,,,,,
-0.46167,-0.193069,-1.000916,1.119038,44026.30434,2001-01-01 12:13:46.304 +0000,,,,,,
-0.348984,-0.169449,-0.974701,1.049068,44026.28475,2001-01-01 12:13:46.285 +0000,,,,,,
-0.303177,-0.149124,-0.989822,1.045898,44026.26516,2001-01-01 12:13:46.265 +0000,,,,,,
-0.297272,-0.126343,-1.040344,1.089334,44026.24557,2001-01-01 12:13:46.246 +0000,,,,,,
-0.238495,-0.135849,-1.047562,1.082922,44026.22597,2001-01-01 12:13:46.226 +0000,,,,,,
-0.182434,-0.191315,-1.053604,1.086262,44026.20638,2001-01-01 12:13:46.206 +0000,,,,,,
-0.17746,-0.178207,-1.01561,1.046285,44026.18679,2001-01-01 12:13:46.187 +0000,,,,,,
-0.144089,-0.175873,-1.002975,1.028422,44026.1672,2001-01-01 12:13:46.167 +0000,,,,,,
-0.110535,-0.159607,-1.011963,1.030418,44026.14761,2001-01-01 12:13:46.148 +0000,,,,,,
-0.092972,-0.139374,-1.002609,1.016511,44026.12801,2001-01-01 12:13:46.128 +0000,,,,,,
-0.1035,-0.142609,-0.983673,0.999331,44026.10842,2001-01-01 12:13:46.108 +0000,,,,,,
-0.095612,-0.138855,-0.995926,1.010094,44026.08883,2001-01-01 12:13:46.089 +0000,,,,,,
