x_times_g,y_times_g,z_times_g,g_measured,TimeInterval,Date,,,,X_accel,Y_accel,Z_accel,,低通滤波滤波，,X_accel,Y_accel,Z_accel
-0.022644,-0.708496,-0.715805,1.007401,42977.3718,2001-01-01 11:56:17.372 +0000,,,,-1.287982979,-44.69165559,-45.27939603,,使用与加速度,-1.287982979,-44.69165559,-45.27939603
-0.028687,-0.700043,-0.760757,1.034231,42977.3522,2001-01-01 11:56:17.352 +0000,,,,-1.589446101,-42.59975187,-47.35601571,,系数0.95 -- 0.05,-1.574372945,-42.70434706,-47.25218473
0.027115,-0.703613,-0.715912,1.00416,42977.33261,2001-01-01 11:56:17.333 +0000,,,,1.547327708,-44.48306331,-45.47515504,,,1.547327708,-44.48306331,-45.47515504
0.00856,-0.694382,-0.721802,1.001617,42977.31302,2001-01-01 11:56:17.313 +0000,,,,0.489665781,-43.88877184,-46.10704184,,,0.542548877,-43.91848641,-46.0754475
-0.018143,-0.69899,-0.678436,0.974265,42977.29343,2001-01-01 11:56:17.293 +0000,,,,-1.067038042,-45.84467132,-44.13545187,,,-1.067038042,-45.84467132,-44.13545187
0.028763,-0.679077,-0.663101,0.949566,42977.27383,2001-01-01 11:56:17.274 +0000,,,,1.735793448,-45.65504445,-44.29237189,,,1.595651874,-45.66452579,-44.28452589
0.047073,-0.683701,-0.75975,1.023173,42977.25424,2001-01-01 11:56:17.254 +0000,,,,2.636931037,-41.92955685,-47.94849818,,,2.636931037,-41.92955685,-47.94849818
0.016556,-0.700577,-0.783661,1.051288,42977.23465,2001-01-01 11:56:17.235 +0000,,,,0.902348368,-41.78971557,-48.19598681,,,0.989077501,-41.79670763,-48.18361238
-0.018204,-0.701477,-0.74942,1.026661,42977.21509,2001-01-01 11:56:17.215 +0000,,,,-1.015980539,-43.09899429,-46.8829542,,,-1.015980539,-43.09899429,-46.8829542
-0.001358,-0.69191,-0.721893,0.999935,42977.1955,2001-01-01 11:56:17.195 +0000,,,,-0.077812721,-43.78504118,-46.21485459,,,-0.124721112,-43.75073884,-46.24825957
0.00296,-0.685562,-0.712708,0.988917,42977.1759,2001-01-01 11:56:17.176 +0000,,,,0.171496469,-43.88755388,-46.11193395,,,0.171496469,-43.88755388,-46.11193395
0.028214,-0.678085,-0.744049,1.007077,42977.15631,2001-01-01 11:56:17.156 +0000,,,,1.605393222,-42.32381491,-47.63102263,,,1.533698384,-42.40200186,-47.5550682
0.071487,-0.698929,-0.743774,1.023138,42977.13672,2001-01-01 11:56:17.137 +0000,,,,4.006539061,-43.08814934,-46.63160522,,,4.006539061,-43.08814934,-46.63160522
0.034378,-0.709671,-0.705048,1.000953,42977.11713,2001-01-01 11:56:17.117 +0000,,,,1.968225533,-45.15321608,-44.77919808,,,2.070141209,-45.04996274,-44.87181844
0.050018,-0.677032,-0.766983,1.024274,42977.09753,2001-01-01 11:56:17.098 +0000,,,,2.799017448,-41.37521048,-48.48710253,,,2.799017448,-41.37521048,-48.48710253
0.079803,-0.668243,-0.783905,1.033163,42977.07794,2001-01-01 11:56:17.078 +0000,,,,4.430024413,-40.30030635,-49.35354002,,,4.348474065,-40.35405156,-49.31021815
0.067734,-0.692932,-0.696442,0.984771,42977.05835,2001-01-01 11:56:17.058 +0000,,,,3.944001751,-44.72040467,-45.00853238,,,3.944001751,-44.72040467,-45.00853238
0.040054,-0.702408,-0.66951,0.971198,42977.03876,2001-01-01 11:56:17.039 +0000,,,,2.363654973,-46.32254644,-43.57988941,,,2.442672312,-46.24243935,-43.65132156
0.061066,-0.670502,-0.792206,1.039659,42977.01917,2001-01-01 11:56:17.019 +0000,,,,3.367293167,-40.16001382,-49.63958138,,,3.367293167,-40.16001382,-49.63958138
0.02301,-0.661713,-0.828857,1.060848,42976.99957,2001-01-01 11:56:17.000 +0000,,,,1.24285467,-38.59114645,-51.38121358,,,1.349076595,-38.66958982,-51.29413197
0.013,-0.697662,-0.760361,1.032013,42976.97998,2001-01-01 11:56:16.980 +0000,,,,0.721759412,-42.5334707,-47.45740558,,,0.721759412,-42.5334707,-47.45740558
0.016739,-0.733078,-0.640717,0.973756,42976.96039,2001-01-01 11:56:16.960 +0000,,,,0.984970328,-48.83655435,-41.1463626,,,0.971809782,-48.52140017,-41.46191475
0.001221,-0.773346,-0.608475,0.984026,42976.94082,2001-01-01 11:56:16.941 +0000,,,,0.071093812,-51.80398488,-38.19592589,,,0.071093812,-51.80398488,-38.19592589
0.021286,-0.747009,-0.737778,1.050139,42976.92123,2001-01-01 11:56:16.921 +0000,,,,1.161447689,-45.34428957,-44.63216956,,,1.106929995,-45.66727434,-44.31035738
-0.012314,-0.662354,-0.920944,1.134461,42976.90163,2001-01-01 11:56:16.902 +0000,,,,-0.621928781,-35.72171551,-54.27116553,,,-0.621928781,-35.72171551,-54.27116553
-0.03746,-0.624527,-0.90947,1.10389,42976.88204,2001-01-01 11:56:16.882 +0000,,,,-1.944679524,-34.45447068,-55.47484795,,,-1.878541987,-34.51783292,-55.41466383
-0.05426,-0.661392,-0.752487,1.003305,42976.86245,2001-01-01 11:56:16.862 +0000,,,,-3.100141642,-41.23992063,-48.59111401,,,-3.100141642,-41.23992063,-48.59111401
-0.02269,-0.692444,-0.680527,0.971138,42976.84286,2001-01-01 11:56:16.843 +0000,,,,-1.338798942,-45.48138703,-44.48733251,,,-1.426866077,-45.26931371,-44.69252159
0.012909,-0.718979,-0.671463,0.98385,42976.82326,2001-01-01 11:56:16.823 +0000,,,,0.751794244,-46.95194441,-43.03817013,,,0.751794244,-46.95194441,-43.03817013
0.001678,-0.718094,-0.701492,1.003869,42976.80367,2001-01-01 11:56:16.804 +0000,,,,0.09577183,-45.66996008,-44.32988132,,,0.128572951,-45.7340593,-44.26529576
-0.030807,-0.706238,-0.779663,1.052424,42976.78408,2001-01-01 11:56:16.784 +0000,,,,-1.67742644,-42.14882486,-47.8018414,,,-1.67742644,-42.14882486,-47.8018414
-0.051529,-0.719055,-0.759308,1.047017,42976.76446,2001-01-01 11:56:16.764 +0000,,,,-2.820955404,-43.37461709,-46.48640195,,,-2.763778956,-43.31332748,-46.55217392
-0.084641,-0.719666,-0.663376,0.98242,42976.74486,2001-01-01 11:56:16.745 +0000,,,,-4.942475749,-47.10004302,-42.47327042,,,-4.942475749,-47.10004302,-42.47327042
0.031769,-0.692947,-0.758636,1.027966,42976.72527,2001-01-01 11:56:16.725 +0000,,,,1.770992553,-42.3839488,-47.56110524,,,1.435319138,-42.61975351,-47.3067135
0.000809,-0.687439,-0.818268,1.068707,42976.70568,2001-01-01 11:56:16.706 +0000,,,,0.043372292,-40.03410005,-49.96586816,,,0.043372292,-40.03410005,-49.96586816
-0.042938,-0.674179,-0.830414,1.07049,42976.68609,2001-01-01 11:56:16.686 +0000,,,,-2.298785456,-39.03430282,-50.87151484,,,-2.181677569,-39.08429268,-50.82623251
-0.020447,-0.671432,-0.828613,1.066696,42976.6665,2001-01-01 11:56:16.666 +0000,,,,-1.098344352,-39.00960844,-50.96887364,,,-1.098344352,-39.00960844,-50.96887364
0.052261,-0.65596,-0.839737,1.066852,42976.6469,2001-01-01 11:56:16.647 +0000,,,,2.807825205,-37.94143878,-51.9168791,,,2.612516727,-37.99484726,-51.86947883
0.094742,-0.620361,-0.877396,1.078725,42976.62731,2001-01-01 11:56:16.627 +0000,,,,5.038652186,-35.10574477,-54.42591351,,,5.038652186,-35.10574477,-54.42591351
0.080994,-0.603378,-0.908813,1.093877,42976.60772,2001-01-01 11:56:16.608 +0000,,,,4.246242245,-33.47657609,-56.18291535,,,4.285862742,-33.55803452,-56.09506526
-0.011398,-0.586609,-0.886627,1.063178,42976.58813,2001-01-01 11:56:16.588 +0000,,,,-0.61426197,-33.4871885,-56.50565818,,,-0.61426197,-33.4871885,-56.50565818
-0.004623,-0.574982,-0.927628,1.091384,42976.56853,2001-01-01 11:56:16.569 +0000,,,,-0.242700229,-31.79201972,-58.20683392,,,-0.261278316,-31.87677816,-58.12177513
0.02359,-0.507629,-0.898804,1.032517,42976.54894,2001-01-01 11:56:16.549 +0000,,,,1.309154682,-29.44856624,-60.51651901,,,1.309154682,-29.44856624,-60.51651901
0.059067,-0.465103,-0.900589,1.015318,42976.52932,2001-01-01 11:56:16.529 +0000,,,,3.335115099,-27.26367779,-62.49891367,,,3.233817078,-27.37292221,-62.39979394
0.093643,-0.45018,-0.87674,0.990002,42976.50973,2001-01-01 11:56:16.510 +0000,,,,5.427647115,-27.04732755,-62.32472388,,,5.427647115,-27.04732755,-62.32472388
0.118927,-0.444855,-0.892487,1.004277,42976.49013,2001-01-01 11:56:16.490 +0000,,,,6.800953713,-26.29291859,-62.70858459,,,6.732288383,-26.33063904,-62.68939155
0.21254,-0.424728,-0.97403,1.083652,42976.47054,2001-01-01 11:56:16.471 +0000,,,,11.31092297,-23.07534965,-64.006041,,,11.31092297,-23.07534965,-64.006041
0.230423,-0.416992,-0.946701,1.059821,42976.45095,2001-01-01 11:56:16.451 +0000,,,,12.55736455,-23.16966654,-63.28647184,,,12.49504247,-23.1649507,-63.3224503
0.179718,-0.421173,-0.837906,0.954867,42976.43136,2001-01-01 11:56:16.431 +0000,,,,10.84848765,-26.17281646,-61.34348099,,,10.84848765,-26.17281646,-61.34348099
0.131882,-0.433716,-0.767258,0.891171,42976.41177,2001-01-01 11:56:16.412 +0000,,,,8.510298211,-29.12263625,-59.42387205,,,8.627207683,-28.97514526,-59.5198525
0.277924,-0.439438,-0.820206,0.971125,42976.39217,2001-01-01 11:56:16.392 +0000,,,,16.62983991,-26.9044308,-57.62834726,,,16.62983991,-26.9044308,-57.62834726
0.292953,-0.379639,-0.971024,1.082975,42976.37258,2001-01-01 11:56:16.373 +0000,,,,15.69447633,-20.52107912,-63.71811055,,,15.74124451,-20.8402467,-63.41362239
0.406158,-0.375168,-1.003433,1.145685,42976.35299,2001-01-01 11:56:16.353 +0000,,,,20.76348966,-19.11479324,-61.14419716,,,20.76348966,-19.11479324,-61.14419716
0.374023,-0.402817,-0.995911,1.137538,42976.3334,2001-01-01 11:56:16.333 +0000,,,,19.19597801,-20.73908633,-61.10380962,,,19.27435359,-20.65787168,-61.105829
0.231262,-0.39415,-0.95137,1.055434,42976.31377,2001-01-01 11:56:16.314 +0000,,,,12.65708881,-21.92843623,-64.3429162,,,12.65708881,-21.92843623,-64.3429162
0.230469,-0.36853,-0.832657,0.93928,42976.29418,2001-01-01 11:56:16.294 +0000,,,,14.20355772,-23.1010195,-62.43467413,,,14.12623427,-23.04239034,-62.53008623
0.250275,-0.309753,-0.823212,0.914474,42976.27459,2001-01-01 11:56:16.275 +0000,,,,15.88348284,-19.79906918,-64.18474473,,,15.88348284,-19.79906918,-64.18474473
0.316391,-0.3909,-0.907257,1.037314,42976.255,2001-01-01 11:56:16.255 +0000,,,,17.75874897,-22.13798736,-61.00015026,,,17.66498566,-22.02104145,-61.15937998
0.350616,-0.324097,-0.961304,1.073348,42976.2354,2001-01-01 11:56:16.235 +0000,,,,19.0659593,-17.57473947,-63.58723218,,,19.0659593,-17.57473947,-63.58723218
0.312988,-0.297562,-0.913528,1.010465,42976.21581,2001-01-01 11:56:16.216 +0000,,,,18.04396806,-17.12638742,-64.69799602,,,18.09506762,-17.14880502,-64.64245783
0.2155,-0.295303,-0.778198,0.859789,42976.19622,2001-01-01 11:56:16.196 +0000,,,,14.5155675,-20.08782043,-64.83729534,,,14.5155675,-20.08782043,-64.83729534
0.258713,-0.298355,-0.839081,0.927364,42976.17663,2001-01-01 11:56:16.177 +0000,,,,16.19913382,-18.76718885,-64.79658391,,,16.1149555,-18.83322043,-64.79861948
0.383942,-0.29895,-0.893707,1.017593,42976.15704,2001-01-01 11:56:16.157 +0000,,,,22.16680022,-17.08449195,-61.43271665,,,22.16680022,-17.08449195,-61.43271665
0.462326,-0.175629,-1.002731,1.118061,42976.13744,2001-01-01 11:56:16.137 +0000,,,,24.42532858,-9.037656227,-63.74682564,,,24.31240216,-9.439998013,-63.63112019
0.572861,-0.200684,-1.169266,1.317431,42976.11785,2001-01-01 11:56:16.118 +0000,,,,25.77457855,-8.761960281,-62.56502733,,,25.77457855,-8.761960281,-62.56502733
0.565018,-0.198288,-1.191467,1.333476,42976.09826,2001-01-01 11:56:16.098 +0000,,,,25.06956336,-8.551605291,-63.31703574,,,25.10481412,-8.562123041,-63.27943532
0.393661,-0.247055,-1.096008,1.190479,42976.07867,2001-01-01 11:56:16.079 +0000,,,,19.30972891,-11.97739871,-67.02056835,,,19.30972891,-11.97739871,-67.02056835
0.322205,-0.227768,-0.910477,0.992301,42976.05907,2001-01-01 11:56:16.059 +0000,,,,18.94768377,-13.26969858,-66.56912729,,,18.96578603,-13.20508359,-66.59169934
0.376205,-0.243301,-0.977493,1.075276,42976.03948,2001-01-01 11:56:16.039 +0000,,,,20.47926418,-13.07747908,-65.37612353,,,20.47926418,-13.07747908,-65.37612353
0.472076,-0.282501,-1.154755,1.27911,42976.01989,2001-01-01 11:56:16.020 +0000,,,,21.65803143,-12.75940445,-64.52596177,,,21.59909307,-12.77530818,-64.56846986
0.407822,-0.340485,-0.960815,1.097914,42976.0003,2001-01-01 11:56:16.000 +0000,,,,21.80518268,-18.06646451,-61.06013585,,,21.80518268,-18.06646451,-61.06013585
0.278336,-0.355576,-0.727142,0.855944,42975.9807,2001-01-01 11:56:15.981 +0000,,,,18.97648235,-24.54573989,-58.15952237,,,19.11791737,-24.22177612,-58.30455304
0.228806,-0.408157,-0.574829,0.741197,42975.96111,2001-01-01 11:56:15.961 +0000,,,,17.98078611,-33.41319017,-50.85416812,,,17.98078611,-33.41319017,-50.85416812
0.233902,-0.466263,-0.714111,0.884345,42975.94154,2001-01-01 11:56:15.942 +0000,,,,15.33676016,-31.81923929,-53.85266621,,,15.46896146,-31.89893683,-53.70274131
0.310989,-0.563889,-0.807816,1.033078,42975.92195,2001-01-01 11:56:15.922 +0000,,,,17.51955438,-33.08164266,-51.4394729,,,17.51955438,-33.08164266,-51.4394729
0.314346,-0.415039,-0.913162,1.051159,42975.90236,2001-01-01 11:56:15.902 +0000,,,,17.40037311,-23.25595512,-60.3101251,,,17.40633217,-23.7472395,-59.86659249
0.349197,-0.497971,-0.829681,1.02873,42975.88277,2001-01-01 11:56:15.883 +0000,,,,19.84306096,-28.95117463,-53.75637889,,,19.84306096,-28.95117463,-53.75637889
0.332016,-0.499146,-0.544724,0.810003,42975.86317,2001-01-01 11:56:15.863 +0000,,,,24.1982112,-38.04113148,-42.25999384,,,23.98045369,-37.58663364,-42.83481309
0.296066,-0.611862,-0.54483,0.871132,42975.84358,2001-01-01 11:56:15.844 +0000,,,,19.86857469,-44.61796349,-38.71361178,,,19.86857469,-44.61796349,-38.71361178
0.295395,-0.713715,-0.688721,1.034883,42975.82399,2001-01-01 11:56:15.824 +0000,,,,16.58502707,-43.60298944,-41.72114198,,,16.74920445,-43.65373814,-41.57076547
0.299149,-0.686325,-0.897858,1.169051,42975.8044,2001-01-01 11:56:15.804 +0000,,,,14.82635096,-35.94996761,-50.17666091,,,14.82635096,-35.94996761,-50.17666091
0.320251,-0.538559,-0.784927,1.004349,42975.7848,2001-01-01 11:56:15.785 +0000,,,,18.59425451,-32.42715928,-51.40070519,,,18.40585933,-32.6032997,-51.33950298
0.2061,-0.396683,-0.596649,0.745537,42975.76521,2001-01-01 11:56:15.765 +0000,,,,16.04815896,-32.14591456,-53.15826799,,,16.04815896,-32.14591456,-53.15826799
0.112137,-0.489059,-0.626968,0.803021,42975.74562,2001-01-01 11:56:15.746 +0000,,,,8.027244844,-37.51897538,-51.33038961,,,8.42829055,-37.25032234,-51.42178353
0.117172,-0.505341,-0.742325,0.905618,42975.72603,2001-01-01 11:56:15.726 +0000,,,,7.433961352,-33.91803756,-55.05359969,,,7.433961352,-33.91803756,-55.05359969
0.158661,-0.535461,-0.851822,1.018574,42975.70644,2001-01-01 11:56:15.706 +0000,,,,8.961329303,-31.71516594,-56.75029454,,,8.884960905,-31.82530952,-56.6654598
0.1259,-0.537933,-0.809967,0.980444,42975.68684,2001-01-01 11:56:15.687 +0000,,,,7.377796489,-33.27533676,-55.70252909,,,7.377796489,-33.27533676,-55.70252909
0.116913,-0.616531,-0.716049,0.952106,42975.66725,2001-01-01 11:56:15.667 +0000,,,,7.053387892,-40.35673745,-48.76990346,,,7.069608322,-40.00266742,-49.11653474
0.126984,-0.65947,-0.618988,0.91333,42975.64766,2001-01-01 11:56:15.648 +0000,,,,7.991956508,-46.22399749,-42.66624136,,,7.991956508,-46.22399749,-42.66624136
0.100296,-0.68045,-0.685165,0.970837,42975.62807,2001-01-01 11:56:15.628 +0000,,,,5.929743842,-44.49851497,-44.88995837,,,6.032854475,-44.5847891,-44.77877252
0.03064,-0.691238,-0.764999,1.031491,42975.60847,2001-01-01 11:56:15.608 +0000,,,,1.702198243,-42.07750396,-47.87168228,,,1.702198243,-42.07750396,-47.87168228
-0.025589,-0.683426,-0.671677,0.95858,42975.58888,2001-01-01 11:56:15.589 +0000,,,,-1.529674829,-45.47598197,-44.48318409,,,-1.368081175,-45.30605807,-44.652609
-0.038101,-0.64595,-0.558701,0.854898,42975.56929,2001-01-01 11:56:15.569 +0000,,,,-2.554399363,-49.07673814,-40.80826134,,,-2.554399363,-49.07673814,-40.80826134
-0.048523,-0.647263,-0.577316,0.868676,42975.5497,2001-01-01 11:56:15.550 +0000,,,,-3.202127855,-48.16894224,-41.65112277,,,-3.16974143,-48.21433204,-41.6089797
-0.014771,-0.678497,-0.724762,0.992903,42975.53011,2001-01-01 11:56:15.530 +0000,,,,-0.852396674,-43.10572578,-46.88156789,,,-0.852396674,-43.10572578,-46.88156789
0.007126,-0.694489,-0.880478,1.121431,42975.51051,2001-01-01 11:56:15.511 +0000,,,,0.36408171,-38.26417938,-51.73344322,,,0.303257791,-38.5062567,-51.49084945
-0.002396,-0.651367,-0.957001,1.157642,42975.49092,2001-01-01 11:56:15.491 +0000,,,,-0.118586537,-34.2404344,-55.7593033,,,-0.118586537,-34.2404344,-55.7593033
-0.078079,-0.603363,-1.00351,1.173531,42975.47133,2001-01-01 11:56:15.471 +0000,,,,-3.814900056,-30.94019704,-58.77299258,,,-3.63008438,-31.10520891,-58.62230812
-0.078568,-0.544952,-1.224335,1.342439,42975.45174,2001-01-01 11:56:15.452 +0000,,,,-3.355228506,-23.95015888,-65.78642863,,,-3.355228506,-23.95015888,-65.78642863
-0.044815,-0.516968,-1.38826,1.482069,42975.43214,2001-01-01 11:56:15.432 +0000,,,,-1.732780944,-20.4148491,-69.50515461,,,-1.813903322,-20.59161459,-69.31921831
-0.008118,-0.496689,-1.441772,1.52495,42975.41255,2001-01-01 11:56:15.413 +0000,,,,-0.305012857,-19.00849864,-70.98886671,,,-0.305012857,-19.00849864,-70.98886671
0.060791,-0.479813,-1.41246,1.49297,42975.39296,2001-01-01 11:56:15.393 +0000,,,,2.333624296,-18.74649604,-71.09798438,,,2.201692438,-18.75959617,-71.0925285
0.066452,-0.438858,-1.260483,1.336349,42975.37337,2001-01-01 11:56:15.373 +0000,,,,2.850295134,-19.17173061,-70.60103475,,,2.850295134,-19.17173061,-70.60103475
0.06218,-0.438263,-1.156525,1.238342,42975.35377,2001-01-01 11:56:15.354 +0000,,,,2.878163246,-20.72672451,-69.05599639,,,2.87676984,-20.64897482,-69.13324831
0.058411,-0.421829,-1.167191,1.242451,42975.33418,2001-01-01 11:56:15.334 +0000,,,,2.694622017,-19.84722981,-69.95531839,,,2.694622017,-19.84722981,-69.95531839
0.059998,-0.353607,-1.149261,1.203927,42975.31459,2001-01-01 11:56:15.315 +0000,,,,2.856534306,-17.08028979,-72.66792214,,,2.848438692,-17.21863679,-72.53229195
0.051392,-0.323395,-1.017975,1.069345,42975.29503,2001-01-01 11:56:15.295 +0000,,,,2.754657893,-17.60322082,-72.16852589,,,2.754657893,-17.60322082,-72.16852589
0.038559,-0.263992,-0.825745,0.867775,42975.27544,2001-01-01 11:56:15.275 +0000,,,,2.546738214,-17.71107059,-72.09467582,,,2.557134198,-17.7056781,-72.09836832
0.005447,-0.296173,-0.674576,0.73675,42975.25584,2001-01-01 11:56:15.256 +0000,,,,0.423607552,-23.70321803,-66.2925296,,,0.423607552,-23.70321803,-66.2925296
-0.089554,-0.30217,-0.647873,0.720462,42975.23625,2001-01-01 11:56:15.236 +0000,,,,-7.140375689,-24.79742057,-64.05914922,,,-6.762176527,-24.74271044,-64.17081824
-0.018875,-0.194656,-0.610703,0.641253,42975.21666,2001-01-01 11:56:15.217 +0000,,,,-1.686719783,-17.67129315,-72.2430741,,,-1.686719783,-17.67129315,-72.2430741
-0.031174,-0.190918,-0.305313,0.361438,42975.19707,2001-01-01 11:56:15.197 +0000,,,,-4.947902385,-31.88510717,-57.64164583,,,-4.784843255,-31.17441647,-58.37171724
-0.070084,-0.258041,-0.012848,0.267698,42975.17747,2001-01-01 11:56:15.177 +0000,,,,-15.17706626,-74.56376646,-2.750936652,,,-15.17706626,-74.56376646,-2.750936652
-0.078262,-0.274261,0.074036,0.294662,42975.15788,2001-01-01 11:56:15.158 +0000,,,,-15.40259221,-68.55461636,14.55195786,,,-15.39131591,-68.85507387,13.68681313
-0.071609,-0.246719,0.095596,0.274111,42975.13829,2001-01-01 11:56:15.138 +0000,,,,-15.14371836,-64.16733232,20.41085044,,,-15.14371836,-64.16733232,20.41085044
-0.117828,-0.215424,0.31662,0.400673,42975.1187,2001-01-01 11:56:15.119 +0000,,,,-17.10207505,-32.52413901,52.20604787,,,-17.00415722,-34.10629868,50.616288
-0.243576,-0.263443,0.685608,0.773815,42975.09911,2001-01-01 11:56:15.099 +0000,,,,-18.34710299,-19.90410804,62.37608374,,,-18.34710299,-19.90410804,62.37608374
-0.282806,-0.345993,0.890381,0.996227,42975.07951,2001-01-01 11:56:15.080 +0000,,,,-16.49173343,-20.32246117,63.3486933,,,-16.58450191,-20.30154351,63.30006282
-0.312943,-0.350418,0.959259,1.068131,42975.05992,2001-01-01 11:56:15.060 +0000,,,,-17.03655943,-19.15146146,63.90583828,,,-17.03655943,-19.15146146,63.90583828
-0.383667,-0.342163,1.139862,1.250425,42975.04033,2001-01-01 11:56:15.040 +0000,,,,-17.86826023,-15.88083402,65.72462885,,,-17.82667519,-16.04436539,65.63368932
-0.485092,-0.384354,1.419388,1.548452,42975.02074,2001-01-01 11:56:15.021 +0000,,,,-18.25673234,-14.37209803,66.441073,,,-18.25673234,-14.37209803,66.441073
-0.529953,-0.467407,1.567719,1.719611,42975.00114,2001-01-01 11:56:15.001 +0000,,,,-17.94969715,-15.77198399,65.73725695,,,-17.96504891,-15.70198969,65.77244775
-0.517532,-0.523285,1.62793,1.786567,42974.98155,2001-01-01 11:56:14.982 +0000,,,,-16.83877222,-17.03163644,65.67248431,,,-16.83877222,-17.03163644,65.67248431
-0.466904,-0.553711,1.564087,1.723648,42974.96196,2001-01-01 11:56:14.962 +0000,,,,-15.71671342,-18.7381504,65.15232996,,,-15.77281636,-18.6528247,65.17833768
-0.381927,-0.547531,1.531952,1.671088,42974.94239,2001-01-01 11:56:14.942 +0000,,,,-13.2117131,-19.12616571,66.45394225,,,-13.2117131,-19.12616571,66.45394225
-0.450714,-0.574265,1.699829,1.849957,42974.9228,2001-01-01 11:56:14.923 +0000,,,,-14.10116995,-18.0845846,66.75820068,,,-14.05669711,-18.13666366,66.74298776
-0.574066,-0.603027,1.604218,1.807404,42974.90321,2001-01-01 11:56:14.903 +0000,,,,-18.51899979,-19.49001915,62.57088017,,,-18.51899979,-19.49001915,62.57088017
-0.522385,-0.544098,1.223831,1.437599,42974.88362,2001-01-01 11:56:14.884 +0000,,,,-21.30750261,-22.23936916,58.35357056,,,-21.16807747,-22.10190166,58.56443604
-0.457489,-0.528992,1.058746,1.268886,42974.86402,2001-01-01 11:56:14.864 +0000,,,,-21.1335968,-24.63869843,56.55238879,,,-21.1335968,-24.63869843,56.55238879
-0.500839,-0.557007,1.140137,1.364188,42974.84446,2001-01-01 11:56:14.844 +0000,,,,-21.53893634,-24.09850456,56.69530672,,,-21.51866936,-24.12551425,56.68816082
-0.555237,-0.590347,1.243103,1.483948,42974.82487,2001-01-01 11:56:14.825 +0000,,,,-21.97252536,-23.44207897,56.89799826,,,-21.97252536,-23.44207897,56.89799826
-0.524811,-0.565811,1.124283,1.363664,42974.80528,2001-01-01 11:56:14.805 +0000,,,,-22.63464308,-24.5142474,55.53349652,,,-22.60153719,-24.46063898,55.60172161
-0.497742,-0.500595,0.916245,1.156653,42974.78569,2001-01-01 11:56:14.786 +0000,,,,-25.48846623,-25.64513228,52.38704532,,,-25.48846623,-25.64513228,52.38704532
-0.591034,-0.532974,1.109894,1.36574,42974.76609,2001-01-01 11:56:14.766 +0000,,,,-25.64266511,-22.9697722,54.35745591,,,-25.63495517,-23.1035402,54.25893538
-0.772461,-0.656448,1.457047,1.774994,42974.7465,2001-01-01 11:56:14.747 +0000,,,,-25.79742391,-21.70519402,55.17238471,,,-25.79742391,-21.70519402,55.17238471
-0.821899,-0.67453,1.698059,2.003475,42974.72691,2001-01-01 11:56:14.727 +0000,,,,-24.21970292,-19.67472926,57.94691694,,,-24.29858897,-19.7762525,57.80819033
-0.786835,-0.636978,1.630539,1.919247,42974.70732,2001-01-01 11:56:14.707 +0000,,,,-24.20299811,-19.3835069,58.16519344,,,-24.20299811,-19.3835069,58.16519344
-0.70047,-0.492615,1.111176,1.402868,42974.68772,2001-01-01 11:56:14.688 +0000,,,,-29.95453815,-20.55757247,52.37978112,,,-29.66696115,-20.49886919,52.66905174
-0.864578,-0.50325,1.102859,1.488978,42974.66813,2001-01-01 11:56:14.668 +0000,,,,-35.49642886,-19.75407452,47.78955921,,,-35.49642886,-19.75407452,47.78955921
-0.906799,-0.571762,1.490189,1.835718,42974.64854,2001-01-01 11:56:14.649 +0000,,,,-29.60219644,-18.14754685,54.26967969,,,-29.89690806,-18.22787323,53.94567367
-0.677231,-0.460876,1.34993,1.579037,42974.62898,2001-01-01 11:56:14.629 +0000,,,,-25.39704115,-16.97003157,58.74944647,,,-25.39704115,-16.97003157,58.74944647
-0.367203,-0.365509,0.604828,0.796399,42974.60939,2001-01-01 11:56:14.609 +0000,,,,-27.45675787,-27.3195004,49.41602142,,,-27.35377203,-26.80202696,49.88269267
-0.440933,-0.317398,0.559769,0.780067,42974.58979,2001-01-01 11:56:14.590 +0000,,,,-34.4196588,-24.00933628,45.85592985,,,-34.4196588,-24.00933628,45.85592985
-0.797958,-0.353561,1.262756,1.535023,42974.5702,2001-01-01 11:56:14.570 +0000,,,,-31.32115907,-13.31647028,55.34895254,,,-31.47608406,-13.85111358,54.87430141
-0.997391,-0.022629,1.208191,1.566852,42974.55061,2001-01-01 11:56:14.551 +0000,,,,-39.535568,-0.827513372,50.45226248,,,-39.535568,-0.827513372,50.45226248
-0.505829,0.40094,-0.227478,0.68437,42974.53102,2001-01-01 11:56:14.531 +0000,,,,-47.65620338,35.86326021,-19.41393036,,,-47.25017161,34.02872153,-15.92062072
-0.104843,0.094147,-0.902756,0.913687,42974.51142,2001-01-01 11:56:14.511 +0000,,,,-6.589042002,5.914297367,-81.12834616,,,-6.589042002,5.914297367,-81.12834616
-0.210571,0.019989,-0.281174,0.35185,42974.49186,2001-01-01 11:56:14.492 +0000,,,,-36.7602448,3.256790819,-53.04710281,,,-35.25168466,3.389666146,-54.45116498
-0.434525,0.119675,0.296005,0.539215,42974.47227,2001-01-01 11:56:14.472 +0000,,,,-53.69214254,12.82317615,33.29536631,,,-53.69214254,12.82317615,33.29536631
-0.373993,0.343491,-0.109055,0.519374,42974.45268,2001-01-01 11:56:14.453 +0000,,,,-46.06137952,41.40331136,-12.12081393,,,-46.44291767,39.9743046,-9.850004918
0.120087,0.349197,-0.806671,0.887174,42974.43309,2001-01-01 11:56:14.433 +0000,,,,7.779381558,23.17906458,-65.40317428,,,7.779381558,23.17906458,-65.40317428
0.357391,0.237488,-1.258438,1.329585,42974.41349,2001-01-01 11:56:14.413 +0000,,,,15.59281323,10.28928442,-71.17164255,,,15.20214165,10.93377343,-70.88321914
0.365555,0.176331,-1.310654,1.372055,42974.3939,2001-01-01 11:56:14.394 +0000,,,,15.45186263,7.383841242,-72.79418803,,,15.45186263,7.383841242,-72.79418803
0.289368,0.207184,-1.126572,1.181449,42974.37431,2001-01-01 11:56:14.374 +0000,,,,14.17747273,10.09985361,-72.46831335,,,14.24119223,9.964052992,-72.48460708
0.272644,0.287628,-1.059662,1.131348,42974.35475,2001-01-01 11:56:14.355 +0000,,,,13.9450025,14.72824749,-69.49419499,,,13.9450025,14.72824749,-69.49419499
0.418686,0.343414,-1.27684,1.386922,42974.33516,2001-01-01 11:56:14.335 +0000,,,,17.57064693,14.33605881,-67.01818638,,,17.38936471,14.35566824,-67.14198681
0.524704,0.342789,-1.46402,1.592536,42974.31556,2001-01-01 11:56:14.316 +0000,,,,19.23702674,12.43002817,-66.82405379,,,19.23702674,12.43002817,-66.82405379
0.490738,0.314316,-1.355057,1.475058,42974.29597,2001-01-01 11:56:14.296 +0000,,,,19.43216083,12.30332784,-66.72896665,,,19.42240413,12.30966286,-66.73372101
0.449326,0.295486,-1.261505,1.37135,42974.27638,2001-01-01 11:56:14.276 +0000,,,,19.12634326,12.44315527,-66.91148706,,,19.12634326,12.44315527,-66.91148706
0.445084,0.321716,-1.220795,1.338634,42974.25679,2001-01-01 11:56:14.257 +0000,,,,19.42004808,13.90610889,-65.7791127,,,19.40536284,13.83296121,-65.83573142
0.54158,0.384644,-1.391113,1.541576,42974.23719,2001-01-01 11:56:14.237 +0000,,,,20.56782238,14.44872883,-64.47493848,,,20.56782238,14.44872883,-64.47493848
0.634842,0.420822,-1.608215,1.779458,42974.21763,2001-01-01 11:56:14.218 +0000,,,,20.90143725,13.67940216,-64.65769249,,,20.88475651,13.71786849,-64.64855479
0.624786,0.432251,-1.595276,1.766948,42974.19804,2001-01-01 11:56:14.198 +0000,,,,20.70743449,14.16005603,-64.53429772,,,20.70743449,14.16005603,-64.53429772
0.56012,0.356781,-1.527924,1.666006,42974.17845,2001-01-01 11:56:14.178 +0000,,,,19.64583639,12.36586295,-66.50825019,,,19.6989163,12.4555726,-66.40955257
0.482986,0.281296,-1.591156,1.68647,42974.15886,2001-01-01 11:56:14.159 +0000,,,,16.64187997,9.601569576,-70.64500268,,,16.64187997,9.601569576,-70.64500268
0.303574,0.27475,-1.58371,1.635781,42974.13926,2001-01-01 11:56:14.139 +0000,,,,10.69514981,9.669375718,-75.50443788,,,10.99248632,9.665985411,-75.26146612
0.194717,0.228699,-1.520828,1.550205,42974.11967,2001-01-01 11:56:14.120 +0000,,,,7.215825341,8.483710715,-78.82788365,,,7.215825341,8.483710715,-78.82788365
0.267563,0.143585,-1.474533,1.505475,42974.10008,2001-01-01 11:56:14.100 +0000,,,,10.2373724,5.472917099,-78.36356819,,,10.08629505,5.62345678,-78.38678396
0.311081,0.056076,-1.378769,1.414539,42974.08049,2001-01-01 11:56:14.080 +0000,,,,12.7041534,2.271949305,-77.0875833,,,12.7041534,2.271949305,-77.0875833
0.255325,0.007233,-1.18924,1.216361,42974.06089,2001-01-01 11:56:14.061 +0000,,,,12.11701023,0.340706995,-77.87805643,,,12.14636739,0.437269111,-77.83853277
0.263702,-0.012955,-0.994019,1.028484,42974.0413,2001-01-01 11:56:14.041 +0000,,,,14.85647577,-0.7217284,-75.12519506,,,14.85647577,-0.7217284,-75.12519506
0.329147,-0.076965,-0.946213,1.004779,42974.02171,2001-01-01 11:56:14.022 +0000,,,,19.12205187,-4.393099819,-70.34121174,,,18.90877307,-4.209531248,-70.58041091
0.301315,-0.080154,-0.777313,0.837515,42974.00212,2001-01-01 11:56:14.002 +0000,,,,21.08624296,-5.491874578,-68.14341742,,,21.08624296,-5.491874578,-68.14341742
0.192245,-0.119354,-0.545944,0.590981,42973.98252,2001-01-01 11:56:13.983 +0000,,,,18.98364186,-11.65154934,-67.48705527,,,19.08877192,-11.3435656,-67.51987338
0.134521,-0.138092,-0.377686,0.424042,42973.96293,2001-01-01 11:56:13.963 +0000,,,,18.49577587,-19.00532733,-62.95877803,,,18.49577587,-19.00532733,-62.95877803
0.199905,-0.207993,-0.336044,0.442887,42973.94337,2001-01-01 11:56:13.943 +0000,,,,26.83150181,-28.01029669,-49.35485671,,,26.41471551,-27.56004822,-50.03505278
0.118729,-0.288208,-0.252655,0.401242,42973.92378,2001-01-01 11:56:13.924 +0000,,,,17.21174571,-45.91348713,-39.0267145,,,17.21174571,-45.91348713,-39.0267145
0.086548,-0.279312,-0.356888,0.461383,42973.90418,2001-01-01 11:56:13.904 +0000,,,,10.81180076,-37.25613228,-50.67076624,,,11.13179801,-37.68900002,-50.08856365
0.101395,-0.243439,-0.331024,0.423226,42973.88459,2001-01-01 11:56:13.885 +0000,,,,13.86154082,-35.11352652,-51.45734355,,,13.86154082,-35.11352652,-51.45734355
0.092697,-0.284485,0.007721,0.299306,42973.865,2001-01-01 11:56:13.865 +0000,,,,18.04154322,-71.89382099,1.47818569,,,17.8325431,-70.05480627,-1.168590772
0.099823,-0.374557,0.195679,0.434221,42973.84544,2001-01-01 11:56:13.845 +0000,,,,13.29058801,-59.60925389,26.7849994,,,13.29058801,-59.60925389,26.7849994
0.008804,-0.394226,0.191345,0.438298,42973.82585,2001-01-01 11:56:13.826 +0000,,,,1.150967466,-64.08570485,25.88487913,,,1.757948493,-63.8618823,25.92988514
-0.078217,-0.380875,0.176682,0.427083,42973.80625,2001-01-01 11:56:13.806 +0000,,,,-10.55283999,-63.10092543,24.43712494,,,-10.55283999,-63.10092543,24.43712494
-0.139923,-0.364304,0.434189,0.583794,42973.78666,2001-01-01 11:56:13.787 +0000,,,,-13.86756886,-38.61087244,48.05065582,,,-13.70183242,-39.83537509,46.86997928
-0.246262,-0.4655,0.771622,0.934203,42973.76707,2001-01-01 11:56:13.767 +0000,,,,-15.28416419,-29.88663908,55.68675574,,,-15.28416419,-29.88663908,55.68675574
-0.422714,-0.556595,0.933716,1.166323,42973.74748,2001-01-01 11:56:13.747 +0000,,,,-21.24968255,-28.50410845,53.18394026,,,-20.95140663,-28.57323498,53.30908103
-0.508087,-0.570602,0.951614,1.220373,42973.72788,2001-01-01 11:56:13.728 +0000,,,,-24.60358938,-27.87628172,51.23985163,,,-24.60358938,-27.87628172,51.23985163
-0.53891,-0.598083,1.058029,1.329494,42973.70829,2001-01-01 11:56:13.708 +0000,,,,-23.91305567,-26.73456312,52.7321774,,,-23.94758236,-26.79164905,52.65756111
-0.576233,-0.674744,1.300385,1.574269,42973.6887,2001-01-01 11:56:13.689 +0000,,,,-21.47110454,-25.3792295,55.69247671,,,-21.47110454,-25.3792295,55.69247671
-0.645248,-0.761322,1.52417,1.821826,42973.66911,2001-01-01 11:56:13.669 +0000,,,,-20.74298298,-24.70141475,56.78454993,,,-20.77938906,-24.73530549,56.72994627
-0.659119,-0.766464,1.460526,1.776243,42973.64952,2001-01-01 11:56:13.650 +0000,,,,-21.7819111,-25.56332528,55.31121927,,,-21.7819111,-25.56332528,55.31121927
-0.651337,-0.743896,1.334274,1.660695,42973.62992,2001-01-01 11:56:13.630 +0000,,,,-23.09192388,-26.61175686,53.46016284,,,-23.02642324,-26.55933528,53.55271566
-0.626953,-0.71347,1.267975,1.584257,42973.61033,2001-01-01 11:56:13.610 +0000,,,,-23.31210096,-26.76613738,53.16444032,,,-23.31210096,-26.76613738,53.16444032
-0.551804,-0.722336,1.382477,1.654539,42973.59074,2001-01-01 11:56:13.591 +0000,,,,-19.48190865,-25.88577183,56.67484555,,,-19.67341827,-25.92979011,56.49932529
-0.500092,-0.695908,1.354568,1.602883,42973.57115,2001-01-01 11:56:13.571 +0000,,,,-18.17951761,-25.73186569,57.68074325,,,-18.17951761,-25.73186569,57.68074325
-0.601074,-0.685089,1.212448,1.516795,42973.55155,2001-01-01 11:56:13.552 +0000,,,,-23.34576623,-26.85080452,53.06794708,,,-23.0874538,-26.79485758,53.29858689
-0.615738,-0.705688,1.383102,1.67036,42973.53196,2001-01-01 11:56:13.532 +0000,,,,-21.6309102,-24.99105674,55.89656088,,,-21.6309102,-24.99105674,55.89656088
-0.677383,-0.798798,1.803757,2.085777,42973.51237,2001-01-01 11:56:13.512 +0000,,,,-18.95121259,-22.51801192,59.85862583,,,-19.08519747,-22.64166416,59.66052258
-0.725372,-0.816971,2.179031,2.437577,42973.49278,2001-01-01 11:56:13.493 +0000,,,,-17.31225624,-19.58208472,63.37172449,,,-17.31225624,-19.58208472,63.37172449
-0.614029,-0.679749,1.727982,1.955763,42973.47318,2001-01-01 11:56:13.473 +0000,,,,-18.2979612,-20.33826306,62.07153794,,,-18.24867595,-20.30045414,62.13654727
-0.584137,-0.571945,1.185257,1.439851,42973.45359,2001-01-01 11:56:13.454 +0000,,,,-23.93453897,-23.40482032,55.40442799,,,-23.93453897,-23.40482032,55.40442799
-0.538803,-0.600677,1.48703,1.691857,42973.434,2001-01-01 11:56:13.434 +0000,,,,-18.57032728,-20.7959009,61.51400079,,,-18.83853786,-20.92634687,61.20852215
-0.745377,-0.595505,1.971176,2.18992,42973.41441,2001-01-01 11:56:13.414 +0000,,,,-19.89925319,-15.77915006,64.17297909,,,-19.89925319,-15.77915006,64.17297909
-0.469818,-0.341354,1.366882,1.485133,42973.39482,2001-01-01 11:56:13.395 +0000,,,,-18.44218527,-13.28809608,66.98129989,,,-18.51503867,-13.41264878,66.84088385
-0.161835,-0.161469,0.196838,0.301675,42973.37522,2001-01-01 11:56:13.375 +0000,,,,-32.44258682,-32.36025653,40.72906703,,,-32.44258682,-32.36025653,40.72906703
-0.49115,-0.291061,0.350708,0.670031,42973.35563,2001-01-01 11:56:13.356 +0000,,,,-47.14070259,-25.74709607,31.56200125,,,-46.4057968,-26.07775409,32.02035454
-0.693161,-0.236115,1.266205,1.462702,42973.33604,2001-01-01 11:56:13.336 +0000,,,,-28.28715115,-9.289550919,59.95833217,,,-28.28715115,-9.289550919,59.95833217
-0.341125,0.170517,1.046371,1.113704,42973.31645,2001-01-01 11:56:13.316 +0000,,,,-17.8362704,8.807090693,69.97480932,,,-18.35881444,7.902258612,69.47398546
0.163757,0.274368,-0.162262,0.358362,42973.29685,2001-01-01 11:56:13.297 +0000,,,,27.19112202,49.96196167,-26.92272242,,,27.19112202,49.96196167,-26.92272242
0.115799,-0.014877,-0.999588,1.006383,42973.27726,2001-01-01 11:56:13.277 +0000,,,,6.607347391,-0.847013818,-83.33810444,,,7.636536122,1.693434956,-80.51733534
-0.106537,-0.069733,-0.662262,0.674391,42973.25767,2001-01-01 11:56:13.258 +0000,,,,-9.089379031,-5.935070879,-79.11685125,,,-9.089379031,-5.935070879,-79.11685125
-0.136124,0.020004,-0.307632,0.336998,42973.23808,2001-01-01 11:56:13.238 +0000,,,,-23.8242007,3.403048285,-65.90379702,,,-23.08745962,2.936142327,-66.56444973
0.120605,0.097626,-0.749817,0.765703,42973.21849,2001-01-01 11:56:13.218 +0000,,,,9.06232403,7.325059991,-78.30834799,,,9.06232403,7.325059991,-78.30834799
0.311676,0.107742,-1.259491,1.301948,42973.19889,2001-01-01 11:56:13.199 +0000,,,,13.85066477,4.746910856,-75.3275944,,,13.61124773,4.875818313,-75.47663208
0.254166,0.11821,-1.446793,1.473697,42973.1793,2001-01-01 11:56:13.179 +0000,,,,9.931359345,4.600821358,-79.03502122,,,9.931359345,4.600821358,-79.03502122
0.197708,0.189148,-1.170975,1.202517,42973.15971,2001-01-01 11:56:13.160 +0000,,,,9.463064933,9.049828677,-76.84797767,,,9.486479654,8.827378311,-76.95732985
0.162933,0.235962,-0.712036,0.767607,42973.14012,2001-01-01 11:56:13.140 +0000,,,,12.25488372,17.90258185,-68.06448827,,,12.25488372,17.90258185,-68.06448827
0.219498,0.272964,-0.652191,0.740299,42973.12055,2001-01-01 11:56:13.121 +0000,,,,17.24746594,21.63679412,-61.76127567,,,16.99783683,21.45008351,-62.0764363
0.455231,0.264099,-1.165237,1.278578,42973.10096,2001-01-01 11:56:13.101 +0000,,,,20.85749533,11.92065224,-65.69315672,,,20.85749533,11.92065224,-65.69315672
0.539154,0.199402,-1.487473,1.594686,42973.08137,2001-01-01 11:56:13.081 +0000,,,,19.76079915,7.18315407,-68.8705646,,,19.81563396,7.420028979,-68.71169421
0.544052,0.17894,-1.53923,1.642328,42973.06178,2001-01-01 11:56:13.062 +0000,,,,19.34580457,6.255085073,-69.5905544,,,19.34580457,6.255085073,-69.5905544
0.529785,0.167648,-1.362793,1.471728,42973.04219,2001-01-01 11:56:13.042 +0000,,,,21.09865188,6.540896184,-67.81685434,,,21.01100951,6.526605628,-67.90553934
0.495407,0.188248,-1.20755,1.318728,42973.02259,2001-01-01 11:56:13.023 +0000,,,,22.0657581,8.206992601,-66.30437842,,,22.0657581,8.206992601,-66.30437842
0.427856,0.211426,-1.094009,1.193574,42973.003,2001-01-01 11:56:13.003 +0000,,,,21.00604511,10.20304219,-66.43153711,,,21.05903076,10.10323971,-66.42517918
0.431244,0.257416,-1.142441,1.24796,42972.98341,2001-01-01 11:56:12.983 +0000,,,,20.21592134,11.90381423,-66.26919137,,,20.21592134,11.90381423,-66.26919137
0.548798,0.330429,-1.501663,1.632591,42972.96382,2001-01-01 11:56:12.964 +0000,,,,19.64257515,11.67707191,-66.89735631,,,19.67124246,11.68840903,-66.86594806
0.599152,0.384537,-1.656601,1.803102,42972.94428,2001-01-01 11:56:12.944 +0000,,,,19.40779703,12.3137048,-66.74406541,,,19.40779703,12.3137048,-66.74406541
0.517166,0.434433,-1.478165,1.625166,42972.92468,2001-01-01 11:56:12.925 +0000,,,,18.55552372,15.50462046,-65.44283953,,,18.59813739,15.34507468,-65.50790082
0.463882,0.470398,-1.281448,1.441725,42972.90509,2001-01-01 11:56:12.905 +0000,,,,18.76908954,19.04280981,-62.72658744,,,18.76908954,19.04280981,-62.72658744
0.489029,0.432343,-1.351257,1.500655,42972.8855,2001-01-01 11:56:12.885 +0000,,,,19.01871911,16.74441189,-64.21660087,,,19.00623763,16.85933179,-64.1421002
0.562897,0.361893,-1.587784,1.723043,42972.86591,2001-01-01 11:56:12.866 +0000,,,,19.06785567,12.12418715,-67.14634696,,,19.06785567,12.12418715,-67.14634696
0.505386,0.304184,-1.439255,1.555441,42972.84632,2001-01-01 11:56:12.846 +0000,,,,18.96041657,11.27751007,-67.71413213,,,18.96578853,11.31984392,-67.68574287
0.359314,0.22728,-0.998459,1.085211,42972.82672,2001-01-01 11:56:12.827 +0000,,,,19.33558885,12.08918004,-66.93481294,,,19.33558885,12.08918004,-66.93481294
0.322708,0.155823,-0.82486,0.899341,42972.80713,2001-01-01 11:56:12.807 +0000,,,,21.02817306,9.97761599,-66.51754097,,,20.94354385,10.08319419,-66.53840457
0.219543,0.048264,-0.67717,0.713504,42972.78754,2001-01-01 11:56:12.788 +0000,,,,17.92049636,3.878657064,-71.636494,,,17.92049636,3.878657064,-71.636494
0.18399,-0.051651,-0.807129,0.829444,42972.76795,2001-01-01 11:56:12.768 +0000,,,,12.81614644,-3.570223309,-76.6794818,,,13.07136394,-3.19777929,-76.42733241
0.214172,-0.111618,-0.920792,0.951938,42972.74835,2001-01-01 11:56:12.748 +0000,,,,13.00200921,-6.733616302,-75.30308057,,,13.00200921,-6.733616302,-75.30308057
0.100525,-0.186798,-0.360794,0.418535,42972.72876,2001-01-01 11:56:12.729 +0000,,,,13.89736171,-26.50747278,-59.54656636,,,13.85259409,-25.51877996,-60.33439207
0.028214,-0.427826,0.033478,0.43006,42972.70917,2001-01-01 11:56:12.709 +0000,,,,3.761576837,-84.15700826,4.464700776,,,3.761576837,-84.15700826,4.464700776
0.051315,-0.5242,0.02919,0.527514,42972.68958,2001-01-01 11:56:12.690 +0000,,,,5.582392751,-83.57432796,3.172084154,,,5.491351955,-83.60346198,3.236714985
0.060364,-0.569778,-0.079483,0.578454,42972.66998,2001-01-01 11:56:12.670 +0000,,,,5.989956547,-80.0644419,-7.897773748,,,5.989956547,-80.0644419,-7.897773748
0.058426,-0.592072,0.06044,0.598009,42972.65039,2001-01-01 11:56:12.650 +0000,,,,5.606783292,-81.91909621,5.800706344,,,5.625941955,-81.82636349,5.115782339
-0.080643,-0.713028,0.352448,0.799457,42972.6308,2001-01-01 11:56:12.631 +0000,,,,-5.789397456,-63.11173243,26.15870985,,,-5.789397456,-63.11173243,26.15870985
-0.13147,-0.762161,0.305939,0.831729,42972.61121,2001-01-01 11:56:12.611 +0000,,,,-9.094796796,-66.39930129,21.58216717,,,-8.929526829,-66.23492285,21.8109943
-0.071686,-0.69838,0.058838,0.70451,42972.59162,2001-01-01 11:56:12.592 +0000,,,,-5.840118213,-82.4357392,4.790701016,,,-5.840118213,-82.4357392,4.790701016
0.010254,-0.641098,0.077377,0.645832,42972.57202,2001-01-01 11:56:12.572 +0000,,,,0.909734431,-83.05842267,6.88112545,,,0.572241799,-83.0272885,6.776604228
-0.10173,-0.667587,0.391724,0.780685,42972.55243,2001-01-01 11:56:12.552 +0000,,,,-7.487427767,-58.77407594,30.11714501,,,-7.487427767,-58.77407594,30.11714501
-0.122559,-0.627853,0.564117,0.852906,42972.53284,2001-01-01 11:56:12.533 +0000,,,,-8.261765796,-47.40313888,41.40719768,,,-8.223048895,-47.97168573,40.84269505
-0.168625,-0.737808,0.77449,1.082881,42972.51325,2001-01-01 11:56:12.513 +0000,,,,-8.958496215,-42.94832363,45.66065235,,,-8.958496215,-42.94832363,45.66065235
-0.136917,-0.740616,0.805435,1.102717,42972.49365,2001-01-01 11:56:12.494 +0000,,,,-7.132443779,-42.19288676,46.9207609,,,-7.223746401,-42.2306586,46.85775547
-0.18985,-0.723175,0.862381,1.14137,42972.47406,2001-01-01 11:56:12.474 +0000,,,,-9.574805247,-39.31640842,49.07488406,,,-9.574805247,-39.31640842,49.07488406
-0.30043,-0.777084,1.025208,1.321048,42972.45447,2001-01-01 11:56:12.454 +0000,,,,-13.14509697,-36.03169948,50.90089823,,,-12.96658238,-36.19593493,50.80959752
-0.253876,-0.815506,1.110641,1.401081,42972.43488,2001-01-01 11:56:12.435 +0000,,,,-10.43967347,-35.59521649,52.43885485,,,-10.43967347,-35.59521649,52.43885485
-0.200668,-0.832581,1.104553,1.397675,42972.41528,2001-01-01 11:56:12.415 +0000,,,,-8.254635904,-36.56182832,52.21156646,,,-8.363887782,-36.51349773,52.22293088
-0.223648,-0.826691,1.104202,1.39739,42972.39569,2001-01-01 11:56:12.396 +0000,,,,-9.20962198,-36.27038507,52.20317042,,,-9.20962198,-36.27038507,52.20317042
-0.312973,-0.828079,1.147507,1.449289,42972.3761,2001-01-01 11:56:12.376 +0000,,,,-12.47122711,-34.84574941,52.35144255,,,-12.30814685,-34.91698119,52.34402894
-0.39653,-0.833176,1.12207,1.452742,42972.35651,2001-01-01 11:56:12.357 +0000,,,,-15.84005169,-34.99602423,50.56816487,,,-15.84005169,-34.99602423,50.56816487
-0.381668,-0.839813,1.089127,1.427289,42972.33692,2001-01-01 11:56:12.337 +0000,,,,-15.51006508,-36.04335825,49.73594139,,,-15.52656441,-35.99099155,49.77755256
-0.265137,-0.837708,1.029907,1.353795,42972.31732,2001-01-01 11:56:12.317 +0000,,,,-11.29422129,-38.22746333,49.53085057,,,-11.29422129,-38.22746333,49.53085057
-0.319412,-0.836426,0.950775,1.305988,42972.29773,2001-01-01 11:56:12.298 +0000,,,,-14.15671459,-39.82571271,46.71997931,,,-14.01358993,-39.74580024,46.86052287
-0.450592,-0.860687,1.062531,1.439718,42972.27814,2001-01-01 11:56:12.278 +0000,,,,-18.23845557,-36.71367289,47.56246002,,,-18.23845557,-36.71367289,47.56246002
-0.49704,-0.9366,1.560699,1.88681,42972.25855,2001-01-01 11:56:12.259 +0000,,,,-15.27361504,-29.76168469,55.80840828,,,-15.42185707,-30.1092841,55.39611087
-0.34111,-0.925217,1.542404,1.830681,42972.23895,2001-01-01 11:56:12.239 +0000,,,,-10.73865965,-30.35757798,57.40827816,,,-10.73865965,-30.35757798,57.40827816
-0.18988,-0.906006,0.797302,1.221717,42972.21936,2001-01-01 11:56:12.219 +0000,,,,-8.941193148,-47.86655371,40.73851755,,,-9.031066473,-46.99110492,41.57200558
-0.505035,-0.820984,0.926666,1.337081,42972.19977,2001-01-01 11:56:12.200 +0000,,,,-22.19219528,-37.88018617,43.87216073,,,-22.19219528,-37.88018617,43.87216073
-0.717285,-0.892075,1.623215,1.986233,42972.18018,2001-01-01 11:56:12.180 +0000,,,,-21.16950421,-26.68781722,54.80874115,,,-21.22063876,-27.24743567,54.26191213
-0.728302,-1.005585,1.932037,2.296605,42972.16059,2001-01-01 11:56:12.161 +0000,,,,-18.48891775,-25.96724805,57.27320813,,,-18.48891775,-25.96724805,57.27320813
0.152695,-0.61235,0.668655,0.91945,42972.14099,2001-01-01 11:56:12.141 +0000,,,,9.559524138,-41.75879546,46.65500063,,,8.157102044,-40.96921809,47.18591101
0.043289,-0.750244,0.380463,0.842314,42972.1214,2001-01-01 11:56:12.121 +0000,,,,2.945898495,-62.96064371,26.85204282,,,2.945898495,-62.96064371,26.85204282
-0.314575,-0.644424,0.602524,0.93663,42972.10181,2001-01-01 11:56:12.102 +0000,,,,-19.62475219,-43.47392848,40.03755374,,,-18.49621966,-44.44826424,39.37827819
-0.670288,-0.491074,1.118988,1.393762,42972.08222,2001-01-01 11:56:12.082 +0000,,,,-28.74549484,-20.63031979,53.40352662,,,-28.74549484,-20.63031979,53.40352662
-0.736572,-0.224777,1.002701,1.264307,42972.06262,2001-01-01 11:56:12.063 +0000,,,,-35.63288121,-10.24086901,52.47460699,,,-35.28851189,-10.76034155,52.52105297
-0.24614,0.069473,0.200348,0.324885,42972.04303,2001-01-01 11:56:12.043 +0000,,,,-49.25485587,12.34738099,38.07353124,,,-49.25485587,12.34738099,38.07353124
0.173676,-0.040009,-0.261368,0.316349,42972.02344,2001-01-01 11:56:12.023 +0000,,,,33.29840726,-7.26569448,-55.71023171,,,29.1707441,-6.285040707,-51.02104356
0.278076,-0.149872,-0.261169,0.409875,42972.00385,2001-01-01 11:56:12.004 +0000,,,,42.72199844,-21.447798,-39.58279417,,,42.72199844,-21.447798,-39.58279417
0.197876,-0.132889,-0.509857,0.562822,42971.98425,2001-01-01 11:56:11.984 +0000,,,,20.5838831,-13.65717872,-64.94395266,,,21.69078887,-14.04670968,-63.67589474
0.145248,-0.048904,-0.502228,0.525092,42971.96466,2001-01-01 11:56:11.965 +0000,,,,16.05824614,-5.343939332,-73.0299131,,,16.05824614,-5.343939332,-73.0299131
0.140915,0.068497,-0.3293,0.364674,42971.9451,2001-01-01 11:56:11.945 +0000,,,,22.73150625,10.82620799,-64.55491446,,,22.39784324,10.01770062,-64.97866439
0.254105,0.141586,-0.690918,0.749656,42971.92551,2001-01-01 11:56:11.926 +0000,,,,19.81366381,10.88673204,-67.16808258,,,19.81366381,10.88673204,-67.16808258
0.367569,0.112289,-1.168854,1.230421,42971.90591,2001-01-01 11:56:11.906 +0000,,,,17.38160276,5.236135296,-71.79829914,,,17.50320581,5.518665133,-71.56678831
0.366623,0.215027,-1.368423,1.43291,42971.88632,2001-01-01 11:56:11.886 +0000,,,,14.82449641,8.630587946,-72.74535618,,,14.82449641,8.630587946,-72.74535618
0.266464,0.390289,-1.303604,1.386619,42971.86673,2001-01-01 11:56:11.867 +0000,,,,11.07934278,16.34784597,-70.0736409,,,11.26660046,15.96198307,-70.20722666
0.194534,0.48233,-1.28511,1.38636,42971.84714,2001-01-01 11:56:11.847 +0000,,,,8.066363687,20.35960418,-67.9668837,,,8.066363687,20.35960418,-67.9668837
0.158646,0.42923,-1.335587,1.411807,42971.82754,2001-01-01 11:56:11.828 +0000,,,,6.452003916,17.69974191,-71.08708503,,,6.532721905,17.83273502,-70.93107496
0.172104,0.376373,-1.481552,1.53827,42971.80795,2001-01-01 11:56:11.808 +0000,,,,6.423791495,14.16251053,-74.39286914,,,6.423791495,14.16251053,-74.39286914
0.165726,0.359207,-1.425568,1.479438,42971.78836,2001-01-01 11:56:11.788 +0000,,,,6.431744732,14.05182929,-74.49070085,,,6.43134707,14.05736335,-74.48580926
0.232391,0.268967,-1.426849,1.470458,42971.76877,2001-01-01 11:56:11.769 +0000,,,,9.093141697,10.53952401,-76.01125324,,,9.093141697,10.53952401,-76.01125324
0.259735,0.147522,-1.291199,1.3253,42971.74918,2001-01-01 11:56:11.749 +0000,,,,11.30209836,6.390961632,-76.97435685,,,11.19165053,6.598389751,-76.92620167
0.227448,0.061539,-1.112488,1.137167,42971.72958,2001-01-01 11:56:11.730 +0000,,,,11.53770818,3.102136913,-78.04142728,,,11.53770818,3.102136913,-78.04142728
0.246277,0.02243,-1.076904,1.104934,42971.70999,2001-01-01 11:56:11.710 +0000,,,,12.87874903,1.163176626,-77.06702678,,,12.81169699,1.26012464,-77.11574681
0.268387,-0.037247,-0.995895,1.032098,42971.6904,2001-01-01 11:56:11.690 +0000,,,,15.07245314,-2.068175654,-74.77961304,,,15.07245314,-2.068175654,-74.77961304
0.349686,-0.072098,-1.019302,1.080026,42971.67081,2001-01-01 11:56:11.671 +0000,,,,18.89141806,-3.827674107,-70.69565929,,,18.70046981,-3.739699184,-70.89985698
0.388565,-0.018311,-1.036148,1.106761,42971.65121,2001-01-01 11:56:11.651 +0000,,,,20.55356525,-0.947982947,-69.42259353,,,20.55356525,-0.947982947,-69.42259353
0.371185,0.08429,-1.050232,1.117081,42971.63162,2001-01-01 11:56:11.632 +0000,,,,19.40728992,4.327398937,-70.07798699,,,19.46460369,4.063629843,-70.04521732
0.38765,0.198883,-1.177841,1.255841,42971.61203,2001-01-01 11:56:11.612 +0000,,,,17.97955691,9.112088918,-69.70022564,,,17.97955691,9.112088918,-69.70022564
0.461563,0.268356,-1.385101,1.48444,42971.59244,2001-01-01 11:56:11.592 +0000,,,,18.11554084,10.41515909,-68.92017559,,,18.10874164,10.35000558,-68.95917809
0.524399,0.306366,-1.488647,1.60777,42971.57284,2001-01-01 11:56:11.573 +0000,,,,19.03619791,10.98508058,-67.80566679,,,19.03619791,10.98508058,-67.80566679
0.500671,0.337143,-1.320938,1.452314,42971.55325,2001-01-01 11:56:11.553 +0000,,,,20.16594646,13.4232164,-65.44194859,,,20.10945903,13.30130961,-65.5601345
0.497513,0.355438,-1.183731,1.332319,42971.53366,2001-01-01 11:56:11.534 +0000,,,,21.92661744,15.47283194,-62.68211679,,,21.92661744,15.47283194,-62.68211679
0.517471,0.321259,-1.303711,1.438974,42971.5141,2001-01-01 11:56:11.514 +0000,,,,21.07631482,12.90032311,-64.95836474,,,21.11882995,13.02894855,-64.84455234
0.555527,0.201859,-1.458633,1.573839,42971.49451,2001-01-01 11:56:11.495 +0000,,,,20.66944124,7.369000169,-67.9413172,,,20.66944124,7.369000169,-67.9413172
0.530273,0.102661,-1.394424,1.495376,42971.47491,2001-01-01 11:56:11.475 +0000,,,,20.7694623,3.936585535,-68.82651563,,,20.76446125,4.108206267,-68.78225571
0.34996,0.033798,-0.993927,1.05428,42971.45532,2001-01-01 11:56:11.455 +0000,,,,19.38671087,1.837097942,-70.5194552,,,19.38671087,1.837097942,-70.5194552
0.166595,-0.05777,-0.600159,0.625525,42971.43573,2001-01-01 11:56:11.436 +0000,,,,15.44588341,-5.299066071,-73.6271741,,,15.64292478,-4.94225787,-73.47178816
0.134674,-0.12381,-0.653,0.678141,42971.41614,2001-01-01 11:56:11.416 +0000,,,,11.45469165,-10.51964809,-74.34985031,,,11.45469165,-10.51964809,-74.34985031
0.150513,-0.165115,-0.783295,0.814535,42971.39654,2001-01-01 11:56:11.397 +0000,,,,10.64852959,-11.6955132,-74.08011475,,,10.68883769,-11.63671994,-74.09360153
0.058762,-0.183884,-0.701675,0.727746,42971.37695,2001-01-01 11:56:11.377 +0000,,,,4.631402098,-14.63592715,-74.61735945,,,4.631402098,-14.63592715,-74.61735945
0.018707,-0.234863,-0.424286,0.485314,42971.35736,2001-01-01 11:56:11.357 +0000,,,,2.209082939,-28.94310001,-60.95650251,,,2.330198897,-28.22774137,-61.63954536
0.05307,-0.375214,-0.317322,0.494262,42971.33777,2001-01-01 11:56:11.338 +0000,,,,6.16385298,-49.38839112,-39.94196442,,,6.16385298,-49.38839112,-39.94196442
0.042191,-0.442429,-0.400116,0.59801,42971.31818,2001-01-01 11:56:11.318 +0000,,,,4.045710006,-47.71737033,-41.99600518,,,4.151617155,-47.80092137,-41.89330314
0.055649,-0.465836,-0.371124,0.598191,42971.29858,2001-01-01 11:56:11.299 +0000,,,,5.337872811,-51.14541551,-38.34608671,,,5.337872811,-51.14541551,-38.34608671
0.151154,-0.394043,-0.14534,0.446364,42971.27899,2001-01-01 11:56:11.279 +0000,,,,19.79365231,-61.97995845,-19.00244157,,,19.07086334,-61.4382313,-19.96962383
0.086502,-0.483368,0.069839,0.495989,42971.2594,2001-01-01 11:56:11.259 +0000,,,,10.04392991,-77.04709435,8.094585323,,,10.04392991,-77.04709435,8.094585323
0.007309,-0.557175,0.182358,0.586303,42971.23981,2001-01-01 11:56:11.240 +0000,,,,0.714281388,-71.86363057,18.12131533,,,1.180763814,-72.12280376,17.61997883
-0.040161,-0.563385,0.235504,0.611946,42971.22024,2001-01-01 11:56:11.220 +0000,,,,-3.76293251,-67.02059218,22.6340887,,,-3.76293251,-67.02059218,22.6340887
-0.000092,-0.510376,0.266342,0.575692,42971.20065,2001-01-01 11:56:11.201 +0000,,,,-0.009156299,-62.44199359,27.55800616,,,-0.19684511,-62.67092352,27.31181029
-0.153885,-0.477829,0.642487,0.815347,42971.18106,2001-01-01 11:56:11.181 +0000,,,,-10.87900459,-35.87676109,51.99826768,,,-10.87900459,-35.87676109,51.99826768
-0.278198,-0.661728,0.968552,1.205558,42971.16147,2001-01-01 11:56:11.161 +0000,,,,-13.34198382,-33.2914108,53.45652654,,,-13.21883486,-33.42067831,53.3836136
-0.313599,-0.659134,1.039093,1.269849,42971.14188,2001-01-01 11:56:11.142 +0000,,,,-14.29755923,-31.2695487,54.91306678,,,-14.29755923,-31.2695487,54.91306678
-0.268509,-0.643661,0.972778,1.196952,42971.12228,2001-01-01 11:56:11.122 +0000,,,,-12.9633261,-32.53061284,54.36182961,,,-13.03003776,-32.46755963,54.38939147
-0.218674,-0.642029,1.042419,1.243647,42971.10269,2001-01-01 11:56:11.103 +0000,,,,-10.1271319,-31.08085187,56.95005719,,,-10.1271319,-31.08085187,56.95005719
-0.285767,-0.719299,1.229645,1.452956,42971.0831,2001-01-01 11:56:11.083 +0000,,,,-11.34286723,-29.6736477,57.81211735,,,-11.28208046,-29.74400791,57.76901434
-0.388702,-0.735092,1.328995,1.567698,42971.06351,2001-01-01 11:56:11.064 +0000,,,,-14.3559076,-27.96285028,57.96633579,,,-14.3559076,-27.96285028,57.96633579
-0.425613,-0.714966,1.176575,1.441059,42971.04391,2001-01-01 11:56:11.044 +0000,,,,-17.17836713,-29.7449016,54.73252021,,,-17.03724415,-29.65579903,54.89421099
-0.336166,-0.705383,1.085266,1.337302,42971.02432,2001-01-01 11:56:11.024 +0000,,,,-14.55897508,-31.83450226,54.24611259,,,-14.55897508,-31.83450226,54.24611259
-0.315659,-0.751129,1.225479,1.471609,42971.00473,2001-01-01 11:56:11.005 +0000,,,,-12.38614699,-30.69136396,56.38201476,,,-12.49478839,-30.74852088,56.27521965
-0.337753,-0.782135,1.36113,1.605767,42970.98514,2001-01-01 11:56:10.985 +0000,,,,-12.14213222,-29.14876095,57.95710124,,,-12.14213222,-29.14876095,57.95710124
-0.340027,-0.767227,1.332031,1.574345,42970.96554,2001-01-01 11:56:10.966 +0000,,,,-12.47302698,-29.16530152,57.78846147,,,-12.45648224,-29.16447449,57.79689346
-0.307312,-0.724579,1.160736,1.402413,42970.94599,2001-01-01 11:56:10.946 +0000,,,,-12.65798694,-31.10886211,55.86016443,,,-12.65798694,-31.10886211,55.86016443
-0.305023,-0.729538,1.163177,1.406502,42970.92639,2001-01-01 11:56:10.926 +0000,,,,-12.5250549,-31.24441714,55.79182887,,,-12.5317015,-31.23763939,55.79524565
-0.230362,-0.777191,1.393951,1.612511,42970.9068,2001-01-01 11:56:10.907 +0000,,,,-8.213328535,-28.81451248,59.82108095,,,-8.213328535,-28.81451248,59.82108095
-0.157516,-0.75885,1.407928,1.607149,42970.88721,2001-01-01 11:56:10.887 +0000,,,,-5.62456711,-28.17536034,61.16842941,,,-5.754005181,-28.20731795,61.10106199
-0.275314,-0.694397,1.02182,1.265741,42970.86762,2001-01-01 11:56:10.868 +0000,,,,-12.56294627,-33.27163286,53.8319726,,,-12.56294627,-33.27163286,53.8319726
-0.348618,-0.689621,0.805145,1.115962,42970.84803,2001-01-01 11:56:10.848 +0000,,,,-18.20347284,-38.16740892,46.17688883,,,-17.92144651,-37.92262012,46.55964302
-0.407883,-0.779282,1.200577,1.488299,42970.82843,2001-01-01 11:56:10.828 +0000,,,,-15.90599472,-31.57443322,53.77254965,,,-15.90599472,-31.57443322,53.77254965
-0.306519,-0.762756,1.6315,1.826895,42970.80884,2001-01-01 11:56:10.809 +0000,,,,-9.658853703,-24.67780609,63.25849193,,,-9.971210754,-25.02263745,62.78419482
-0.002426,-0.683334,1.164932,1.350562,42970.78922,2001-01-01 11:56:10.789 +0000,,,,-0.102919847,-30.39527929,59.60451044,,,-0.102919847,-30.39527929,59.60451044
-0.468353,-0.669189,0.71991,1.088779,42970.76963,2001-01-01 11:56:10.770 +0000,,,,-25.47794781,-37.92457427,41.39212893,,,-24.20919641,-37.54810952,42.30274801
-0.581741,-0.682617,0.982681,1.330433,42970.75003,2001-01-01 11:56:10.750 +0000,,,,-25.9290026,-30.86914185,47.61380112,,,-25.9290026,-30.86914185,47.61380112
-0.336182,-0.608109,1.337173,1.506933,42970.73044,2001-01-01 11:56:10.730 +0000,,,,-12.89060282,-23.799724,62.54179962,,,-13.54252281,-24.15319489,61.7953997
-0.291977,-0.442703,0.778793,0.942208,42970.71085,2001-01-01 11:56:10.711 +0000,,,,-18.05236548,-28.02502814,55.74718148,,,-18.05236548,-28.02502814,55.74718148
-0.218201,-0.423172,0.387115,0.613632,42970.69126,2001-01-01 11:56:10.691 +0000,,,,-20.82956827,-43.59992011,39.11349405,,,-20.69070813,-42.82117551,39.94517842
-0.131302,-0.45816,0.770828,0.906271,42970.67166,2001-01-01 11:56:10.672 +0000,,,,-8.330426241,-30.36749187,58.27147511,,,-8.330426241,-30.36749187,58.27147511
-0.121155,-0.297073,0.637604,0.713771,42970.6521,2001-01-01 11:56:10.652 +0000,,,,-9.772655758,-24.59502409,63.28945522,,,-9.700544282,-24.88364748,63.03855621
-0.026581,-0.006287,0.02179,0.034941,42970.63251,2001-01-01 11:56:10.633 +0000,,,,-49.5292576,-10.3657644,38.58104502,,,-49.5292576,-10.3657644,38.58104502
0.106201,0.019485,-0.253464,0.275504,42970.61292,2001-01-01 11:56:10.613 +0000,,,,22.67350094,4.055629356,-66.92637435,,,19.06336301,3.334559668,-61.65100338
-0.023926,0.023529,-0.296722,0.298614,42970.59333,2001-01-01 11:56:10.593 +0000,,,,-4.59567282,4.519257732,-83.5477137,,,-4.59567282,4.519257732,-83.5477137
-0.184036,0.060226,-0.6548,0.682832,42970.57373,2001-01-01 11:56:10.574 +0000,,,,-15.63563097,5.060081696,-73.52580049,,,-15.08363306,5.033040498,-74.02689615
-0.098465,0.093582,-1.105545,1.113859,42970.55414,2001-01-01 11:56:10.554 +0000,,,,-5.071558336,4.819443048,-82.99500986,,,-5.071558336,4.819443048,-82.99500986
0.154358,0.108093,-1.350082,1.36317,42970.53455,2001-01-01 11:56:10.535 +0000,,,,6.50181061,4.548062566,-82.0540846,,,5.923142163,4.56163159,-82.10113086
0.261017,0.072937,-1.36702,1.393626,42970.51496,2001-01-01 11:56:10.515 +0000,,,,10.79487447,3.000010422,-78.786339,,,10.79487447,3.000010422,-78.786339
0.362793,-0.000443,-1.462646,1.506968,42970.49536,2001-01-01 11:56:10.495 +0000,,,,13.93043734,-0.016843113,-76.0695536,,,13.7736592,0.133999564,-76.20539287
0.431885,-0.033783,-1.586868,1.644937,42970.47577,2001-01-01 11:56:10.476 +0000,,,,15.22167448,-1.176798912,-74.73069842,,,15.22167448,-1.176798912,-74.73069842
0.452271,-0.019196,-1.48024,1.547911,42970.45618,2001-01-01 11:56:10.456 +0000,,,,16.98860808,-0.710556422,-72.99563297,,,16.9002614,-0.733868547,-73.08238624
0.440643,-0.008942,-1.330612,1.401704,42970.43659,2001-01-01 11:56:10.437 +0000,,,,18.32232368,-0.365513897,-71.67377148,,,18.32232368,-0.365513897,-71.67377148
0.404083,-0.068604,-1.252899,1.318236,42970.41699,2001-01-01 11:56:10.417 +0000,,,,17.850428,-2.983150948,-71.88534319,,,17.87402278,-2.852269095,-71.8747646
0.356873,-0.17482,-1.171219,1.2368,42970.3974,2001-01-01 11:56:10.397 +0000,,,,16.77089351,-8.125893774,-71.25804283,,,16.77089351,-8.125893774,-71.25804283
0.364746,-0.271225,-1.101547,1.191641,42970.37781,2001-01-01 11:56:10.378 +0000,,,,17.82358076,-13.15618496,-67.57729758,,,17.7709464,-12.9046704,-67.76133484
0.339386,-0.324692,-1.024002,1.126582,42970.35822,2001-01-01 11:56:10.358 +0000,,,,17.53285997,-16.75080566,-65.36003532,,,17.53285997,-16.75080566,-65.36003532
0.303207,-0.364075,-0.860977,0.982734,42970.33863,2001-01-01 11:56:10.339 +0000,,,,17.97091054,-21.74469866,-61.17586245,,,17.94900801,-21.49500401,-61.38507109
0.285599,-0.406723,-0.742767,0.893697,42970.31903,2001-01-01 11:56:10.319 +0000,,,,18.63695312,-27.07149732,-56.21374024,,,18.63695312,-27.07149732,-56.21374024
0.275497,-0.474365,-0.733261,0.915747,42970.29944,2001-01-01 11:56:10.299 +0000,,,,17.50830502,-31.19878303,-53.19934323,,,17.56473743,-30.99241874,-53.35006308
0.210922,-0.496506,-0.695831,0.880447,42970.27985,2001-01-01 11:56:10.280 +0000,,,,13.86071333,-34.32766536,-52.21500801,,,13.86071333,-34.32766536,-52.21500801
0.174683,-0.469513,-0.775696,0.923396,42970.26026,2001-01-01 11:56:10.260 +0000,,,,10.9046099,-30.56151292,-57.14504206,,,11.05241507,-30.74982054,-56.89854036
0.203094,-0.388596,-0.960159,1.055538,42970.24066,2001-01-01 11:56:10.241 +0000,,,,11.09335419,-21.60156176,-65.45563821,,,11.09335419,-21.60156176,-65.45563821
0.258484,-0.227127,-1.168961,1.218552,42970.22107,2001-01-01 11:56:10.221 +0000,,,,12.24684114,-10.74223023,-73.59774472,,,12.18916679,-11.28519681,-73.19063939
0.310806,-0.075974,-1.489578,1.523554,42970.20148,2001-01-01 11:56:10.201 +0000,,,,11.77100878,-2.858315068,-77.87723822,,,11.77100878,-2.858315068,-77.87723822
0.334,0.03154,-1.8078,1.838666,42970.18189,2001-01-01 11:56:10.182 +0000,,,,10.46608453,0.982885327,-79.48682782,,,10.53133074,0.790825307,-79.40634834
0.377472,0.151932,-1.944305,1.986427,42970.1623,2001-01-01 11:56:10.162 +0000,,,,10.95428149,4.386556553,-78.17982674,,,10.95428149,4.386556553,-78.17982674
0.388565,0.246033,-1.907516,1.962176,42970.1427,2001-01-01 11:56:10.143 +0000,,,,11.42164573,7.203155642,-76.44453432,,,11.39827752,7.062325688,-76.53129894
0.334198,0.263107,-1.75972,1.810394,42970.12311,2001-01-01 11:56:10.123 +0000,,,,10.63778633,8.356465307,-76.41174217,,,10.63778633,8.356465307,-76.41174217
0.199585,0.20813,-1.472885,1.500847,42970.10352,2001-01-01 11:56:10.104 +0000,,,,7.641919193,7.97118185,-78.92274782,,,7.79171255,7.990446023,-78.79719754
0.100235,0.048477,-1.201248,1.206397,42970.08393,2001-01-01 11:56:10.084 +0000,,,,4.765985518,2.302952897,-84.70445883,,,4.765985518,2.302952897,-84.70445883
0.045639,-0.099564,-0.921661,0.928146,42970.06433,2001-01-01 11:56:10.064 +0000,,,,2.818497504,-6.158077663,-83.22302378,,,2.915871905,-5.735026135,-83.29709553
0.046646,-0.262787,-0.652603,0.70507,42970.04474,2001-01-01 11:56:10.045 +0000,,,,3.793343799,-21.88288331,-67.75692774,,,3.793343799,-21.88288331,-67.75692774
0.09552,-0.422546,-0.538879,0.691419,42970.02515,2001-01-01 11:56:10.025 +0000,,,,7.940851769,-37.67118283,-51.20399299,,,7.733476371,-36.88176785,-52.03163973
0.131363,-0.529999,-0.508759,0.746318,42970.00556,2001-01-01 11:56:10.006 +0000,,,,10.13771458,-45.24724288,-42.97598715,,,10.13771458,-45.24724288,-42.97598715
0.200531,-0.577988,-0.456802,0.763512,42969.98596,2001-01-01 11:56:09.986 +0000,,,,15.2269362,-49.20149854,-36.74755332,,,14.97247512,-49.00378576,-37.05897501
0.194168,-0.587936,-0.370987,0.721805,42969.96637,2001-01-01 11:56:09.966 +0000,,,,15.60498998,-54.54157671,-30.92875346,,,15.60498998,-54.54157671,-30.92875346
0.171066,-0.664444,-0.268417,0.736748,42969.94682,2001-01-01 11:56:09.947 +0000,,,,13.42608593,-64.40378293,-21.36616644,,,13.53503113,-63.91067262,-21.84429579
0.201508,-0.71579,-0.232681,0.779167,42969.92722,2001-01-01 11:56:09.927 +0000,,,,14.98818052,-66.73104287,-17.37520969,,,14.98818052,-66.73104287,-17.37520969
0.283554,-0.709976,-0.232895,0.799193,42969.90763,2001-01-01 11:56:09.908 +0000,,,,20.78122236,-62.66870063,-16.9425602,,,20.49157027,-62.87181774,-16.96419267
0.278564,-0.683868,-0.185242,0.761307,42969.88804,2001-01-01 11:56:09.888 +0000,,,,21.46313203,-63.93313268,-14.08263852,,,21.46313203,-63.93313268,-14.08263852
0.262085,-0.677078,0.025116,0.726467,42969.86845,2001-01-01 11:56:09.868 +0000,,,,21.14728766,-68.75114291,1.98127113,,,21.16307988,-68.5102424,1.178075648
0.158005,-0.711838,0.273743,0.778854,42969.84885,2001-01-01 11:56:09.849 +0000,,,,11.70475013,-66.05778351,20.577179,,,11.70475013,-66.05778351,20.577179
0.124069,-0.709824,0.304535,0.782294,42969.82926,2001-01-01 11:56:09.829 +0000,,,,9.125428199,-65.14324512,22.90997466,,,9.254394296,-65.18897204,22.79333488
0.083176,-0.694199,0.203476,0.728171,42969.8097,2001-01-01 11:56:09.810 +0000,,,,6.558979397,-72.42948638,16.22644933,,,6.558979397,-72.42948638,16.22644933
0.055557,-0.664444,0.227203,0.70441,42969.79011,2001-01-01 11:56:09.790 +0000,,,,4.523630546,-70.60696117,18.81682345,,,4.625397989,-70.69808743,18.68730474
0.008499,-0.725052,0.545624,0.907457,42969.77052,2001-01-01 11:56:09.771 +0000,,,,0.536624836,-53.03407212,36.96069914,,,0.536624836,-53.03407212,36.96069914
-0.053146,-0.835632,0.811432,1.165988,42969.75092,2001-01-01 11:56:09.751 +0000,,,,-2.612460674,-45.78048544,44.10042948,,,-2.455006399,-46.14316477,43.74344296
-0.077728,-0.868423,0.778992,1.1692,42969.73133,2001-01-01 11:56:09.731 +0000,,,,-3.811814309,-47.96618108,41.77911487,,,-3.811814309,-47.96618108,41.77911487
-0.062683,-0.885254,0.732742,1.150876,42969.71174,2001-01-01 11:56:09.712 +0000,,,,-3.122187547,-50.28214286,39.54486224,,,-3.156668885,-50.16634477,39.65657487
-0.028702,-0.90358,0.79068,1.201022,42969.69215,2001-01-01 11:56:09.692 +0000,,,,-1.369383017,-48.79367327,41.17331434,,,-1.369383017,-48.79367327,41.17331434
-0.061722,-0.937225,0.861115,1.274252,42969.67255,2001-01-01 11:56:09.673 +0000,,,,-2.776368565,-47.35030017,42.51479248,,,-2.706019288,-47.42246883,42.44771857
-0.047409,-0.979126,0.816269,1.275629,42969.65296,2001-01-01 11:56:09.653 +0000,,,,-2.129898642,-50.13555466,39.7839976,,,-2.129898642,-50.13555466,39.7839976
-0.045471,-1.018219,0.812698,1.303578,42969.63337,2001-01-01 11:56:09.633 +0000,,,,-1.998979013,-51.3609957,38.56751747,,,-2.005524994,-51.29972365,38.62834148
-0.000534,-1.018692,0.796738,1.293261,42969.61378,2001-01-01 11:56:09.614 +0000,,,,-0.023657976,-51.97036935,38.02962212,,,-0.023657976,-51.97036935,38.02962212
-0.014023,-1.004272,0.770981,1.266164,42969.59419,2001-01-01 11:56:09.594 +0000,,,,-0.634574452,-52.4819247,37.51080201,,,-0.604028628,-52.45634693,37.53674302
-0.086334,-1.044449,0.851074,1.350057,42969.57459,2001-01-01 11:56:09.575 +0000,,,,-3.666475646,-50.6812778,39.07953085,,,-3.666475646,-50.6812778,39.07953085
-0.087036,-1.089279,1.048416,1.514358,42969.555,2001-01-01 11:56:09.555 +0000,,,,-3.294825342,-45.99678891,43.81381285,,,-3.313407857,-46.23101335,43.57709875
-0.013535,-1.064972,1.16272,1.57679,42969.53541,2001-01-01 11:56:09.535 +0000,,,,-0.491827046,-42.48562048,47.51014303,,,-0.491827046,-42.48562048,47.51014303
-0.007584,-0.984192,1.000443,1.403416,42969.51582,2001-01-01 11:56:09.516 +0000,,,,-0.309625363,-44.53002705,45.46830107,,,-0.318735447,-44.42780672,45.57039317
-0.198166,-0.912018,0.826172,1.246437,42969.49622,2001-01-01 11:56:09.496 +0000,,,,-9.148038896,-47.02907382,41.51580296,,,-9.148038896,-47.02907382,41.51580296
-0.392349,-0.905792,1.001572,1.406252,42969.47663,2001-01-01 11:56:09.477 +0000,,,,-16.20073561,-40.09958321,45.41649935,,,-15.84810077,-40.44605774,45.22146453
-0.334351,-0.852127,1.314056,1.601454,42969.45704,2001-01-01 11:56:09.457 +0000,,,,-12.05084794,-32.14717714,55.13883235,,,-12.05084794,-32.14717714,55.13883235
-0.226639,-0.723297,1.144897,1.373067,42969.43745,2001-01-01 11:56:09.437 +0000,,,,-9.500744054,-31.78779541,56.49364431,,,-9.628249248,-31.8057645,56.42590371
-0.184586,-0.583572,0.71489,0.941114,42969.41785,2001-01-01 11:56:09.418 +0000,,,,-11.31106982,-38.32243461,49.43078633,,,-11.31106982,-38.32243461,49.43078633
-0.424393,-0.539139,0.671707,0.960193,42969.39826,2001-01-01 11:56:09.398 +0000,,,,-26.23074098,-34.15892177,44.39124598,,,-25.48475742,-34.36709741,44.643223
-0.514832,-0.473328,0.559204,0.895433,42969.37867,2001-01-01 11:56:09.379 +0000,,,,-35.09634403,-31.91106591,38.64599105,,,-35.09634403,-31.91106591,38.64599105
-0.386322,-0.336456,0.246536,0.568531,42969.35908,2001-01-01 11:56:09.359 +0000,,,,-42.80531069,-36.28477698,25.69859483,,,-42.41986236,-36.06609143,26.34596464
-0.114471,-0.287048,0.069,0.316641,42969.33949,2001-01-01 11:56:09.339 +0000,,,,-21.19340929,-65.03183653,12.58647078,,,-21.19340929,-65.03183653,12.58647078
0.014435,-0.295258,0.145309,0.329394,42969.31989,2001-01-01 11:56:09.320 +0000,,,,2.511672095,-63.68462037,26.17667204,,,1.326418026,-63.75198118,25.49716198
0.016891,-0.271454,-0.10347,0.290996,42969.3003,2001-01-01 11:56:09.300 +0000,,,,3.327631999,-68.88268927,-20.82850568,,,3.327631999,-68.88268927,-20.82850568
0.016006,-0.133881,-0.319901,0.347155,42969.28071,2001-01-01 11:56:09.281 +0000,,,,2.642623848,-22.68418322,-67.14516755,,,2.676874256,-24.99410852,-64.82933446
0.121231,0.03952,-0.594528,0.608048,42969.26112,2001-01-01 11:56:09.261 +0000,,,,11.50055148,3.726558799,-77.89500902,,,11.50055148,3.726558799,-77.89500902
0.357361,0.054153,-0.869171,0.941328,42969.24152,2001-01-01 11:56:09.242 +0000,,,,22.31108218,3.297951067,-67.42024163,,,21.77055565,3.319381454,-67.94398
0.47438,0.060791,-1.21463,1.305396,42969.22193,2001-01-01 11:56:09.222 +0000,,,,21.30911167,2.669173744,-68.50801389,,,21.30911167,2.669173744,-68.50801389
0.524338,0.055115,-1.570129,1.656283,42969.20234,2001-01-01 11:56:09.202 +0000,,,,18.4559303,1.906944763,-71.4386915,,,18.59858937,1.945056212,-71.29215762
0.457397,0.090134,-1.647324,1.71202,42969.18275,2001-01-01 11:56:09.183 +0000,,,,15.49581719,3.017889131,-74.19846998,,,15.49581719,3.017889131,-74.19846998
0.380005,0.229523,-1.617401,1.677221,42969.16316,2001-01-01 11:56:09.163 +0000,,,,13.09511258,7.865447873,-74.6515221,,,13.21514781,7.623069936,-74.62886949
0.332458,0.28804,-1.730988,1.786005,42969.14356,2001-01-01 11:56:09.144 +0000,,,,10.7279628,9.280974702,-75.74172642,,,10.7279628,9.280974702,-75.74172642
0.197815,0.175415,-1.787399,1.806847,42969.12397,2001-01-01 11:56:09.124 +0000,,,,6.2853849,5.571248851,-81.58594055,,,6.507513795,5.756735144,-81.29372984
0.026733,0.087158,-1.681702,1.684171,42969.10438,2001-01-01 11:56:09.104 +0000,,,,0.909499215,2.966454505,-86.89701565,,,0.909499215,2.966454505,-86.89701565
-0.023743,0.113342,-1.442459,1.4471,42969.08482,2001-01-01 11:56:09.085 +0000,,,,-0.940111159,4.492209867,-85.41007874,,,-0.84763064,4.415922099,-85.48442559
0.066101,0.136932,-1.230423,1.239782,42969.06522,2001-01-01 11:56:09.065 +0000,,,,3.05626611,6.341165272,-82.95529032,,,3.05626611,6.341165272,-82.95529032
0.174637,0.021927,-1.139618,1.15313,42969.04563,2001-01-01 11:56:09.046 +0000,,,,8.710739972,1.089556814,-81.22033071,,,8.428016279,1.352137237,-81.30707869
0.244308,-0.073059,-1.130173,1.158583,42969.02604,2001-01-01 11:56:09.026 +0000,,,,12.17321815,-3.615408555,-77.28540355,,,12.17321815,-3.615408555,-77.28540355
0.275894,-0.139557,-1.223175,1.261646,42969.00645,2001-01-01 11:56:09.006 +0000,,,,12.6313868,-6.350769988,-75.81446913,,,12.60847837,-6.214001916,-75.88801585
0.225235,-0.140228,-1.249359,1.277221,42968.98686,2001-01-01 11:56:08.987 +0000,,,,10.15709904,-6.303297981,-78.01050884,,,10.15709904,-6.303297981,-78.01050884
0.220245,-0.141647,-1.202698,1.230875,42968.96726,2001-01-01 11:56:08.967 +0000,,,,10.30765308,-6.608139214,-77.71676185,,,10.30012538,-6.592897152,-77.7314492
0.338226,-0.190506,-1.010742,1.082723,42968.94767,2001-01-01 11:56:08.948 +0000,,,,18.20300001,-10.13399638,-68.99013156,,,18.20300001,-10.13399638,-68.99013156
0.354141,-0.274979,-1.013947,1.108655,42968.92809,2001-01-01 11:56:08.928 +0000,,,,18.62862433,-14.36091984,-66.14519737,,,18.60734311,-14.14957367,-66.28744408
0.330338,-0.27771,-0.959579,1.052159,42968.9085,2001-01-01 11:56:08.909 +0000,,,,18.29817128,-15.30415996,-65.78458255,,,18.29817128,-15.30415996,-65.78458255
0.252548,-0.23645,-0.875854,0.941706,42968.88891,2001-01-01 11:56:08.889 +0000,,,,15.55608411,-14.54184362,-68.44604986,,,15.69318847,-14.57995944,-68.31297649
0.296722,-0.221466,-0.811111,0.891624,42968.86932,2001-01-01 11:56:08.869 +0000,,,,19.4381144,-14.3819746,-65.46412014,,,19.4381144,-14.3819746,-65.46412014
0.453583,-0.285919,-0.648392,0.841367,42968.84972,2001-01-01 11:56:08.850 +0000,,,,32.62253416,-19.86630431,-50.41144847,,,31.96331317,-19.59208782,-51.16408205
0.388519,-0.33905,-0.67601,0.850231,42968.83013,2001-01-01 11:56:08.830 +0000,,,,27.19094866,-23.50157951,-52.66380812,,,27.19094866,-23.50157951,-52.66380812
0.283554,-0.340179,-0.617706,0.760057,42968.81054,2001-01-01 11:56:08.811 +0000,,,,21.90506606,-26.58794172,-54.36165899,,,22.16936019,-26.43362361,-54.27676645
0.298218,-0.428818,-0.54628,0.755804,42968.79095,2001-01-01 11:56:08.791 +0000,,,,23.23917182,-34.56676503,-46.28442838,,,23.23917182,-34.56676503,-46.28442838
0.26767,-0.436218,-0.430603,0.668844,42968.77135,2001-01-01 11:56:08.771 +0000,,,,23.59055394,-40.70744572,-40.07590074,,,23.57298483,-40.40041169,-40.38632712
0.226608,-0.458435,-0.397141,0.647483,42968.75176,2001-01-01 11:56:08.752 +0000,,,,20.48625699,-45.07451811,-37.83291427,,,20.48625699,-45.07451811,-37.83291427
0.222382,-0.526108,-0.429092,0.714397,42968.73217,2001-01-01 11:56:08.732 +0000,,,,18.13676177,-47.42872052,-36.91539554,,,18.25423653,-47.3110104,-36.96127148
0.241638,-0.54129,-0.471573,0.757473,42968.71261,2001-01-01 11:56:08.713 +0000,,,,18.60279629,-45.6104295,-38.50339916,,,18.60279629,-45.6104295,-38.50339916
0.24118,-0.596344,-0.417282,0.766758,42968.69302,2001-01-01 11:56:08.693 +0000,,,,18.33335023,-51.05476181,-32.97109466,,,18.34682253,-50.78254519,-33.24770989
0.184586,-0.624985,-0.436722,0.784477,42968.67342,2001-01-01 11:56:08.673 +0000,,,,13.6091975,-52.81516499,-33.82820269,,,13.6091975,-52.81516499,-33.82820269
0.123672,-0.672394,-0.548462,0.876481,42968.65383,2001-01-01 11:56:08.654 +0000,,,,8.111538282,-50.09880719,-38.73759143,,,8.386421243,-50.23462508,-38.49212199
0.032913,-0.657349,-0.631973,0.912459,42968.63424,2001-01-01 11:56:08.634 +0000,,,,2.067145865,-46.08876215,-43.83663456,,,2.067145865,-46.08876215,-43.83663456
-0.047714,-0.655838,-0.684738,0.949351,42968.61465,2001-01-01 11:56:08.615 +0000,,,,-2.880878384,-43.69570063,-46.15943597,,,-2.633477172,-43.81535371,-46.0432959
-0.089096,-0.726547,-0.707031,1.017695,42968.59505,2001-01-01 11:56:08.595 +0000,,,,-5.022499326,-45.5543385,-44.00635693,,,-5.022499326,-45.5543385,-44.00635693
-0.14035,-0.780273,-0.760681,1.098709,42968.57546,2001-01-01 11:56:08.575 +0000,,,,-7.339068621,-45.24900226,-43.81572725,,,-7.223240156,-45.26426907,-43.82525873
-0.183502,-0.818695,-0.80687,1.164033,42968.55587,2001-01-01 11:56:08.556 +0000,,,,-9.070128391,-44.69446769,-43.88136383,,,-9.070128391,-44.69446769,-43.88136383
-0.240692,-0.867035,-0.844406,1.233979,42968.53628,2001-01-01 11:56:08.536 +0000,,,,-11.24785408,-44.63868212,-43.18021666,,,-11.1389678,-44.6414714,-43.21527402
-0.311218,-0.92569,-0.891678,1.32244,42968.51669,2001-01-01 11:56:08.517 +0000,,,,-13.61143861,-44.42590115,-42.39726476,,,-13.61143861,-44.42590115,-42.39726476
-0.38446,-0.972122,-0.917862,1.391151,42968.49709,2001-01-01 11:56:08.497 +0000,,,,-16.04314172,-44.32998008,-41.28355435,,,-15.92155656,-44.33477613,-41.33923987
-0.411499,-1.008682,-0.940231,1.43903,42968.47753,2001-01-01 11:56:08.478 +0000,,,,-16.61600023,-44.50296379,-40.79682647,,,-16.61600023,-44.50296379,-40.79682647
-0.344101,-1.037445,-0.939987,1.441622,42968.45794,2001-01-01 11:56:08.458 +0000,,,,-13.80924898,-46.02455773,-40.69516622,,,-13.94958654,-45.94847803,-40.70024923
-0.26712,-1.006424,-0.898224,1.375154,42968.43835,2001-01-01 11:56:08.438 +0000,,,,-11.20075798,-47.0427815,-40.78183982,,,-11.20075798,-47.0427815,-40.78183982
-0.234634,-0.949783,-0.898331,1.328209,42968.41875,2001-01-01 11:56:08.419 +0000,,,,-10.17494924,-45.65020264,-42.55888477,,,-10.22623968,-45.71983158,-42.47003252
-0.178497,-0.910706,-0.880432,1.279221,42968.39916,2001-01-01 11:56:08.399 +0000,,,,-8.020978529,-45.39152541,-43.49223182,,,-8.020978529,-45.39152541,-43.49223182
-0.108734,-0.911362,-0.813217,1.226265,42968.37957,2001-01-01 11:56:08.380 +0000,,,,-5.08714896,-48.00485869,-41.54176716,,,-5.233840438,-47.87419203,-41.63929039
-0.067398,-0.875717,-0.730316,1.142272,42968.35998,2001-01-01 11:56:08.360 +0000,,,,-3.382615366,-50.05358204,-39.74367542,,,-3.382615366,-50.05358204,-39.74367542
-0.070038,-0.847076,-0.699844,1.101011,42968.34039,2001-01-01 11:56:08.340 +0000,,,,-3.647187967,-50.29664534,-39.46730174,,,-3.633959337,-50.28449218,-39.48112042
-0.081039,-0.824829,-0.70256,1.086509,42968.32079,2001-01-01 11:56:08.321 +0000,,,,-4.277471043,-49.38981285,-40.28737601,,,-4.277471043,-49.38981285,-40.28737601
-0.06723,-0.784225,-0.704926,1.056622,42968.3012,2001-01-01 11:56:08.301 +0000,,,,-3.64804093,-47.91919244,-41.84754166,,,-3.679512436,-47.99272346,-41.76953338
-0.043655,-0.781677,-0.737625,1.075647,42968.28158,2001-01-01 11:56:08.282 +0000,,,,-2.325982115,-46.61081805,-43.29465134,,,-2.325982115,-46.61081805,-43.29465134
-0.05043,-0.780075,-0.694626,1.045737,42968.26202,2001-01-01 11:56:08.262 +0000,,,,-2.764125065,-48.24139015,-41.62447124,,,-2.742217918,-48.15986155,-41.70798025
-0.058289,-0.797943,-0.653061,1.032763,42968.24242,2001-01-01 11:56:08.242 +0000,,,,-3.235485341,-50.59059675,-39.22323926,,,-3.235485341,-50.59059675,-39.22323926
-0.05127,-0.79126,-0.645508,1.022448,42968.2228,2001-01-01 11:56:08.223 +0000,,,,-2.874263314,-50.70424736,-39.14870596,,,-2.892324415,-50.69856483,-39.15243263
-0.029922,-0.759827,-0.67688,1.018036,42968.20321,2001-01-01 11:56:08.203 +0000,,,,-1.684272392,-48.27647407,-41.67370019,,,-1.684272392,-48.27647407,-41.67370019
-0.014511,-0.740982,-0.699234,1.018918,42968.18362,2001-01-01 11:56:08.184 +0000,,,,-0.816010222,-46.65422954,-43.33413157,,,-0.859423331,-46.73534177,-43.25111
-0.01442,-0.752213,-0.676666,1.011884,42968.16402,2001-01-01 11:56:08.164 +0000,,,,-0.816529493,-48.0200303,-41.96827035,,,-0.816529493,-48.0200303,-41.96827035
-0.027023,-0.757156,-0.641159,0.992523,42968.14443,2001-01-01 11:56:08.144 +0000,,,,-1.56016181,-49.71702895,-40.23991222,,,-1.522980194,-49.63217902,-40.32633013
-0.022186,-0.763763,-0.628662,0.989466,42968.12484,2001-01-01 11:56:08.125 +0000,,,,-1.28480546,-50.52431976,-39.44632908,,,-1.28480546,-50.52431976,-39.44632908
-0.006088,-0.759232,-0.629105,0.986023,42968.10525,2001-01-01 11:56:08.105 +0000,,,,-0.353763109,-50.35329722,-39.64448138,,,-0.400315227,-50.36184835,-39.63457377
-0.029236,-0.746506,-0.685577,1.013973,42968.08566,2001-01-01 11:56:08.086 +0000,,,,-1.652244381,-47.41028966,-42.54190667,,,-1.652244381,-47.41028966,-42.54190667
-0.068787,-0.737564,-0.726746,1.037734,42968.06606,2001-01-01 11:56:08.066 +0000,,,,-3.800681442,-45.2955386,-44.45268852,,,-3.693259589,-45.40127615,-44.35714943
-0.091934,-0.767746,-0.690933,1.036954,42968.04647,2001-01-01 11:56:08.046 +0000,,,,-5.086391347,-47.76427221,-41.78290361,,,-5.086391347,-47.76427221,-41.78290361
-0.045517,-0.804138,-0.613068,1.012206,42968.02688,2001-01-01 11:56:08.027 +0000,,,,-2.577351213,-52.60245391,-37.27741642,,,-2.70280322,-52.36054483,-37.50269078
