x_rad_per_sec,y_rad_per_sec,z_rad_per_sec,rms_rad_per_sec,TimeInterval,Date,,,,X_gyro,Y_gyro,Z_gyro
-0.040641,-0.076519,0.084346,0.120918,42978.89917,2001-01-01 11:56:18.899 +0000,,,,-0.040641,-0.076519,0.084346
0.054481,-0.269435,0.016059,0.275356,42978.87918,2001-01-01 11:56:18.879 +0000,,,,0.01384,-0.345954,0.100405
-0.127113,-0.15139,-0.011131,0.197991,42978.85922,2001-01-01 11:56:18.859 +0000,,,,-0.127113,-0.15139,-0.011131
-0.346146,0.109591,0.048655,0.366326,42978.83923,2001-01-01 11:56:18.839 +0000,,,,-0.473259,-0.041799,0.037524
-0.120696,-0.060581,0.091242,0.162981,42978.81927,2001-01-01 11:56:18.819 +0000,,,,-0.120696,-0.060581,0.091242
-0.0471,-0.081813,0.099276,0.136994,42978.79928,2001-01-01 11:56:18.799 +0000,,,,-0.167796,-0.142394,0.190518
-0.004471,-0.125369,0.134943,0.184247,42978.77932,2001-01-01 11:56:18.779 +0000,,,,-0.004471,-0.125369,0.134943
0.048177,-0.179727,0.107665,0.214976,42978.75934,2001-01-01 11:56:18.759 +0000,,,,0.043706,-0.305096,0.242608
0.095202,-0.162736,0.072675,0.202059,42978.73938,2001-01-01 11:56:18.739 +0000,,,,0.095202,-0.162736,0.072675
0.049179,-0.097837,0.052955,0.121634,42978.71939,2001-01-01 11:56:18.719 +0000,,,,0.144381,-0.260573,0.12563
-0.024763,-0.127493,0.14336,0.193442,42978.69943,2001-01-01 11:56:18.699 +0000,,,,-0.024763,-0.127493,0.14336
0.005956,-0.141212,0.186345,0.233882,42978.67944,2001-01-01 11:56:18.679 +0000,,,,-0.018807,-0.268705,0.329705
0.024081,-0.115685,0.165028,0.202971,42978.65948,2001-01-01 11:56:18.659 +0000,,,,0.024081,-0.115685,0.165028
-0.031375,-0.092323,0.151768,0.180392,42978.63949,2001-01-01 11:56:18.639 +0000,,,,-0.007294,-0.208008,0.316796
0.09388,-0.218977,0.160437,0.287236,42978.61953,2001-01-01 11:56:18.620 +0000,,,,0.09388,-0.218977,0.160437
0.343485,-0.452153,0.134974,0.583646,42978.59955,2001-01-01 11:56:18.600 +0000,,,,0.437365,-0.67113,0.295411
0.284201,-0.556554,0.150885,0.642875,42978.57959,2001-01-01 11:56:18.580 +0000,,,,0.284201,-0.556554,0.150885
0.093811,-0.299748,0.23652,0.393181,42978.5596,2001-01-01 11:56:18.560 +0000,,,,0.378012,-0.856302,0.387405
0.022678,-0.06088,0.356133,0.36201,42978.53961,2001-01-01 11:56:18.540 +0000,,,,0.022678,-0.06088,0.356133
0.083669,-0.108777,0.354537,0.380171,42978.51965,2001-01-01 11:56:18.520 +0000,,,,0.106347,-0.169657,0.71067
0.286018,-0.221701,0.293168,0.465731,42978.49966,2001-01-01 11:56:18.500 +0000,,,,0.286018,-0.221701,0.293168
0.4758,-0.242851,0.299849,0.612594,42978.4797,2001-01-01 11:56:18.480 +0000,,,,0.761818,-0.464552,0.593017
0.599638,-0.163725,0.381676,0.729416,42978.45971,2001-01-01 11:56:18.460 +0000,,,,0.599638,-0.163725,0.381676
0.462787,-0.087102,0.391229,0.612225,42978.43976,2001-01-01 11:56:18.440 +0000,,,,1.062425,-0.250827,0.772905
0.244326,-0.035182,0.343668,0.423132,42978.41977,2001-01-01 11:56:18.420 +0000,,,,0.244326,-0.035182,0.343668
0.140572,0.071211,0.32024,0.35691,42978.39981,2001-01-01 11:56:18.400 +0000,,,,0.384898,0.036029,0.663908
0.11634,0.144878,0.392535,0.43429,42978.37982,2001-01-01 11:56:18.380 +0000,,,,0.11634,0.144878,0.392535
0.187483,0.147168,0.435749,0.496675,42978.35986,2001-01-01 11:56:18.360 +0000,,,,0.303823,0.292046,0.828284
0.238227,0.085271,0.376423,0.453561,42978.33987,2001-01-01 11:56:18.340 +0000,,,,0.238227,0.085271,0.376423
0.208769,0.080836,0.315331,0.386721,42978.31991,2001-01-01 11:56:18.320 +0000,,,,0.446996,0.166107,0.691754
0.194755,0.122355,0.308713,0.384972,42978.29992,2001-01-01 11:56:18.300 +0000,,,,0.194755,0.122355,0.308713
0.168084,0.168061,0.276353,0.364511,42978.27997,2001-01-01 11:56:18.280 +0000,,,,0.362839,0.290416,0.585066
0.078161,0.161336,0.168914,0.246313,42978.25998,2001-01-01 11:56:18.260 +0000,,,,0.078161,0.161336,0.168914
0.007797,0.117257,0.028584,0.120943,42978.24002,2001-01-01 11:56:18.240 +0000,,,,0.085958,0.278593,0.197498
0.008391,0.044716,-0.012887,0.047286,42978.22003,2001-01-01 11:56:18.220 +0000,,,,0.008391,0.044716,-0.012887
0.021121,0.018171,0.018258,0.033311,42978.20004,2001-01-01 11:56:18.200 +0000,,,,0.029512,0.062887,0.005371
-0.01846,0.003318,0.05436,0.057505,42978.18008,2001-01-01 11:56:18.180 +0000,,,,-0.01846,0.003318,0.05436
-0.073706,-0.030817,0.051943,0.095291,42978.16009,2001-01-01 11:56:18.160 +0000,,,,-0.092166,-0.027499,0.106303
-0.022052,-0.068196,-0.001032,0.07168,42978.14013,2001-01-01 11:56:18.140 +0000,,,,-0.022052,-0.068196,-0.001032
0.082132,-0.024418,0.009169,0.086174,42978.12014,2001-01-01 11:56:18.120 +0000,,,,0.06008,-0.092614,0.008137
-0.074315,-0.058651,-0.002479,0.094703,42978.10019,2001-01-01 11:56:18.100 +0000,,,,-0.074315,-0.058651,-0.002479
-0.016169,-0.187497,0.001469,0.188198,42978.0802,2001-01-01 11:56:18.080 +0000,,,,-0.090484,-0.246148,-0.00101
-0.043926,-0.168361,-0.00625,0.174109,42978.06024,2001-01-01 11:56:18.060 +0000,,,,-0.043926,-0.168361,-0.00625
-0.079425,-0.103399,-0.003461,0.130428,42978.04025,2001-01-01 11:56:18.040 +0000,,,,-0.123351,-0.27176,-0.009711
-0.068983,-0.071406,0.007208,0.099546,42978.02029,2001-01-01 11:56:18.020 +0000,,,,-0.068983,-0.071406,0.007208
-0.032867,-0.091528,0.043836,0.106673,42978.0003,2001-01-01 11:56:18.000 +0000,,,,-0.10185,-0.162934,0.051044
0.025939,-0.12133,0.036834,0.129424,42977.98034,2001-01-01 11:56:17.980 +0000,,,,0.025939,-0.12133,0.036834
0.018425,-0.092608,0.022815,0.097141,42977.96035,2001-01-01 11:56:17.960 +0000,,,,0.044364,-0.213938,0.059649
-0.073702,-0.042514,0.060523,0.104415,42977.94043,2001-01-01 11:56:17.940 +0000,,,,-0.073702,-0.042514,0.060523
-0.103376,-0.087259,0.067924,0.151375,42977.92044,2001-01-01 11:56:17.920 +0000,,,,-0.177078,-0.129773,0.128447
-0.066063,-0.07873,0.059605,0.118808,42977.90048,2001-01-01 11:56:17.900 +0000,,,,-0.066063,-0.07873,0.059605
0.038372,-0.078646,0.062446,0.107505,42977.88049,2001-01-01 11:56:17.880 +0000,,,,-0.027691,-0.157376,0.122051
0.058802,-0.09359,0.04446,0.119136,42977.8605,2001-01-01 11:56:17.861 +0000,,,,0.058802,-0.09359,0.04446
-0.077088,0.026667,0.036805,0.089489,42977.84055,2001-01-01 11:56:17.841 +0000,,,,-0.018286,-0.066923,0.081265
-0.15608,0.086196,0.009397,0.178547,42977.82056,2001-01-01 11:56:17.821 +0000,,,,-0.15608,0.086196,0.009397
-0.113326,0.056409,0.012973,0.127252,42977.8006,2001-01-01 11:56:17.801 +0000,,,,-0.269406,0.142605,0.02237
-0.037626,0.007549,0.047809,0.061305,42977.78061,2001-01-01 11:56:17.781 +0000,,,,-0.037626,0.007549,0.047809
-0.045543,-0.128796,0.054537,0.147094,42977.76065,2001-01-01 11:56:17.761 +0000,,,,-0.083169,-0.121247,0.102346
-0.139999,0.048959,0.023498,0.150163,42977.74066,2001-01-01 11:56:17.741 +0000,,,,-0.139999,0.048959,0.023498
-0.300296,0.218059,-0.041086,0.373384,42977.7207,2001-01-01 11:56:17.721 +0000,,,,-0.440295,0.267018,-0.017588
-0.363154,0.222254,-0.049001,0.428577,42977.70071,2001-01-01 11:56:17.701 +0000,,,,-0.363154,0.222254,-0.049001
-0.319301,0.131854,-0.002513,0.345463,42977.68076,2001-01-01 11:56:17.681 +0000,,,,-0.682455,0.354108,-0.051514
-0.320669,0.191516,0.000521,0.373507,42977.66077,2001-01-01 11:56:17.661 +0000,,,,-0.320669,0.191516,0.000521
-0.353572,0.21376,-0.040365,0.415134,42977.64081,2001-01-01 11:56:17.641 +0000,,,,-0.674241,0.405276,-0.039844
-0.34572,0.179582,-0.078685,0.397446,42977.62082,2001-01-01 11:56:17.621 +0000,,,,-0.34572,0.179582,-0.078685
-0.336501,0.233965,-0.059538,0.414146,42977.60086,2001-01-01 11:56:17.601 +0000,,,,-0.682221,0.413547,-0.138223
-0.292042,0.302168,-0.062629,0.424872,42977.58087,2001-01-01 11:56:17.581 +0000,,,,-0.292042,0.302168,-0.062629
-0.278305,0.304354,-0.044377,0.414794,42977.56091,2001-01-01 11:56:17.561 +0000,,,,-0.570347,0.606522,-0.107006
-0.398108,0.320393,0.014607,0.511229,42977.54092,2001-01-01 11:56:17.541 +0000,,,,-0.398108,0.320393,0.014607
-0.440199,0.36098,0.069775,0.573542,42977.52094,2001-01-01 11:56:17.521 +0000,,,,-0.838307,0.681373,0.084382
-0.257603,0.355657,0.017597,0.439501,42977.50098,2001-01-01 11:56:17.501 +0000,,,,-0.257603,0.355657,0.017597
-0.231481,0.334187,-0.055896,0.410352,42977.48099,2001-01-01 11:56:17.481 +0000,,,,-0.489084,0.689844,-0.038299
-0.190836,0.220399,0.010935,0.291743,42977.46103,2001-01-01 11:56:17.461 +0000,,,,-0.190836,0.220399,0.010935
-0.127002,0.210927,0.038105,0.249142,42977.44104,2001-01-01 11:56:17.441 +0000,,,,-0.317838,0.431326,0.04904
-0.117387,0.214114,0.03175,0.246236,42977.42108,2001-01-01 11:56:17.421 +0000,,,,-0.117387,0.214114,0.03175
-0.178162,0.20451,0.043119,0.274637,42977.40109,2001-01-01 11:56:17.401 +0000,,,,-0.295549,0.418624,0.074869
-0.146634,0.096896,0.02546,0.177591,42977.38113,2001-01-01 11:56:17.381 +0000,,,,-0.146634,0.096896,0.02546
-0.007195,-0.09899,0.034413,0.105048,42977.36115,2001-01-01 11:56:17.361 +0000,,,,-0.153829,-0.002094,0.059873
-0.09678,-0.07458,0.024125,0.124542,42977.34119,2001-01-01 11:56:17.341 +0000,,,,-0.09678,-0.07458,0.024125
-0.160845,-0.009727,-0.008539,0.161365,42977.3212,2001-01-01 11:56:17.321 +0000,,,,-0.257625,-0.084307,0.015586
-0.219013,0.220573,0.088746,0.323257,42977.30124,2001-01-01 11:56:17.301 +0000,,,,-0.219013,0.220573,0.088746
-0.129551,0.087772,0.206178,0.258837,42977.28125,2001-01-01 11:56:17.281 +0000,,,,-0.348564,0.308345,0.294924
0.137876,-0.081477,0.179593,0.240628,42977.26129,2001-01-01 11:56:17.261 +0000,,,,0.137876,-0.081477,0.179593
0.175033,-0.09778,0.038845,0.204221,42977.2413,2001-01-01 11:56:17.241 +0000,,,,0.312909,-0.179257,0.218438
0.044183,-0.067148,-0.027301,0.08489,42977.22134,2001-01-01 11:56:17.221 +0000,,,,0.044183,-0.067148,-0.027301
-0.025346,-0.069221,0.016045,0.075442,42977.20136,2001-01-01 11:56:17.201 +0000,,,,0.018837,-0.136369,-0.011256
-0.023523,-0.106302,0.097365,0.146059,42977.18137,2001-01-01 11:56:17.181 +0000,,,,-0.023523,-0.106302,0.097365
-0.006401,-0.06441,0.23093,0.23983,42977.16141,2001-01-01 11:56:17.161 +0000,,,,-0.029924,-0.170712,0.328295
0.025366,-0.04091,0.247108,0.251753,42977.14142,2001-01-01 11:56:17.141 +0000,,,,0.025366,-0.04091,0.247108
0.083102,-0.095609,0.082027,0.150916,42977.12146,2001-01-01 11:56:17.121 +0000,,,,0.108468,-0.136519,0.329135
0.134833,-0.184052,0.056973,0.235162,42977.10147,2001-01-01 11:56:17.101 +0000,,,,0.134833,-0.184052,0.056973
-0.007272,-0.000703,0.147407,0.147588,42977.08151,2001-01-01 11:56:17.082 +0000,,,,0.127561,-0.184755,0.20438
-0.13877,0.182676,0.246461,0.336706,42977.06152,2001-01-01 11:56:17.062 +0000,,,,-0.13877,0.182676,0.246461
0.063957,0.01431,0.166012,0.17848,42977.04157,2001-01-01 11:56:17.042 +0000,,,,-0.074813,0.196986,0.412473
0.362977,-0.314057,-0.026615,0.480721,42977.02158,2001-01-01 11:56:17.022 +0000,,,,0.362977,-0.314057,-0.026615
0.242822,-0.284495,-0.098028,0.386665,42977.00162,2001-01-01 11:56:17.002 +0000,,,,0.605799,-0.598552,-0.124643
-0.064321,0.008613,0.055105,0.085135,42976.98163,2001-01-01 11:56:16.982 +0000,,,,-0.064321,0.008613,0.055105
-0.155236,0.275358,0.252509,0.404575,42976.96167,2001-01-01 11:56:16.962 +0000,,,,-0.219557,0.283971,0.307614
0.123511,-0.013233,0.210298,0.244244,42976.9417,2001-01-01 11:56:16.942 +0000,,,,0.123511,-0.013233,0.210298
0.505025,-0.500127,0.073152,0.714513,42976.92174,2001-01-01 11:56:16.922 +0000,,,,0.628536,-0.51336,0.28345
0.636313,-0.327434,0.082117,0.720313,42976.90176,2001-01-01 11:56:16.902 +0000,,,,0.636313,-0.327434,0.082117
0.018516,0.103245,0.386645,0.400621,42976.8818,2001-01-01 11:56:16.882 +0000,,,,0.654829,-0.224189,0.468762
-0.334421,0.260221,0.642416,0.769579,42976.86181,2001-01-01 11:56:16.862 +0000,,,,-0.334421,0.260221,0.642416
-0.216053,0.06528,0.609553,0.649996,42976.84185,2001-01-01 11:56:16.842 +0000,,,,-0.550474,0.325501,1.251969
-0.001257,-0.154252,0.512227,0.534951,42976.82186,2001-01-01 11:56:16.822 +0000,,,,-0.001257,-0.154252,0.512227
0.169408,0.112497,0.634464,0.666258,42976.80187,2001-01-01 11:56:16.802 +0000,,,,0.168151,-0.041755,1.146691
0.079031,0.607423,0.916733,1.102546,42976.78191,2001-01-01 11:56:16.782 +0000,,,,0.079031,0.607423,0.916733
0.068988,0.78028,1.032663,1.296144,42976.76192,2001-01-01 11:56:16.762 +0000,,,,0.148019,1.387703,1.949396
0.286403,-0.069732,1.000111,1.042646,42976.74197,2001-01-01 11:56:16.742 +0000,,,,0.286403,-0.069732,1.000111
0.406631,0.078668,1.095617,1.171287,42976.72198,2001-01-01 11:56:16.722 +0000,,,,0.693034,0.008936,2.095728
0.245069,0.733366,1.390861,1.591345,42976.70202,2001-01-01 11:56:16.702 +0000,,,,0.245069,0.733366,1.390861
0.106007,0.984206,1.631793,1.908572,42976.68203,2001-01-01 11:56:16.682 +0000,,,,0.351076,1.717572,3.022654
0.204772,0.854722,1.795225,1.998828,42976.66207,2001-01-01 11:56:16.662 +0000,,,,0.204772,0.854722,1.795225
0.285233,0.733363,1.804646,1.968737,42976.64208,2001-01-01 11:56:16.642 +0000,,,,0.490005,1.588085,3.599871
0.160906,0.852634,1.824853,2.020634,42976.62212,2001-01-01 11:56:16.622 +0000,,,,0.160906,0.852634,1.824853
-0.074907,1.164965,1.976278,2.295306,42976.60213,2001-01-01 11:56:16.602 +0000,,,,0.085999,2.017599,3.801131
-0.120271,1.172005,2.249492,2.539345,42976.58218,2001-01-01 11:56:16.582 +0000,,,,-0.120271,1.172005,2.249492
-0.218902,1.488646,2.806797,3.184665,42976.56219,2001-01-01 11:56:16.562 +0000,,,,-0.339173,2.660651,5.056289
-0.256601,1.65021,3.101012,3.522117,42976.54223,2001-01-01 11:56:16.542 +0000,,,,-0.256601,1.65021,3.101012
-0.201033,1.497095,3.199038,3.537732,42976.52224,2001-01-01 11:56:16.522 +0000,,,,-0.457634,3.147305,6.30005
-0.175207,1.115957,3.283592,3.472468,42976.50228,2001-01-01 11:56:16.502 +0000,,,,-0.175207,1.115957,3.283592
-0.270015,0.932558,3.242847,3.38506,42976.48229,2001-01-01 11:56:16.482 +0000,,,,-0.445222,2.048515,6.526439
-0.590171,1.275273,3.215179,3.508846,42976.4623,2001-01-01 11:56:16.462 +0000,,,,-0.590171,1.275273,3.215179
-0.594662,1.348723,3.194647,3.518302,42976.44234,2001-01-01 11:56:16.442 +0000,,,,-1.184833,2.623996,6.409826
-0.088444,0.95486,3.161736,3.303961,42976.42236,2001-01-01 11:56:16.422 +0000,,,,-0.088444,0.95486,3.161736
0.662623,0.029894,3.245183,3.312277,42976.4024,2001-01-01 11:56:16.402 +0000,,,,0.574179,0.984754,6.406919
0.552418,-0.265567,3.551905,3.604403,42976.38241,2001-01-01 11:56:16.382 +0000,,,,0.552418,-0.265567,3.551905
-0.067844,0.733593,3.280013,3.361733,42976.36245,2001-01-01 11:56:16.362 +0000,,,,0.484574,0.468026,6.831918
-0.493985,1.470856,3.015485,3.391252,42976.34246,2001-01-01 11:56:16.342 +0000,,,,-0.493985,1.470856,3.015485
-0.942872,1.954333,2.657465,3.430823,42976.3225,2001-01-01 11:56:16.323 +0000,,,,-1.436857,3.425189,5.67295
-1.135929,1.746045,2.49004,3.24643,42976.30251,2001-01-01 11:56:16.303 +0000,,,,-1.135929,1.746045,2.49004
-1.002277,1.255852,2.810691,3.237546,42976.28255,2001-01-01 11:56:16.283 +0000,,,,-2.138206,3.001897,5.300731
-0.83616,0.845215,2.986026,3.214017,42976.26256,2001-01-01 11:56:16.263 +0000,,,,-0.83616,0.845215,2.986026
-0.818334,0.613756,2.862829,3.040091,42976.24261,2001-01-01 11:56:16.243 +0000,,,,-1.654494,1.458971,5.848855
-1.135131,0.906438,2.848142,3.197196,42976.22262,2001-01-01 11:56:16.223 +0000,,,,-1.135131,0.906438,2.848142
-1.010063,1.199635,2.910162,3.305813,42976.20266,2001-01-01 11:56:16.203 +0000,,,,-2.145194,2.106073,5.758304
-0.631378,1.131122,3.091345,3.351789,42976.18267,2001-01-01 11:56:16.183 +0000,,,,-0.631378,1.131122,3.091345
-0.268707,1.259118,3.47704,3.707748,42976.16271,2001-01-01 11:56:16.163 +0000,,,,-0.900085,2.39024,6.568385
-0.323148,1.121076,3.244113,3.447536,42976.14272,2001-01-01 11:56:16.143 +0000,,,,-0.323148,1.121076,3.244113
-0.735247,0.275037,2.427289,2.551072,42976.12273,2001-01-01 11:56:16.123 +0000,,,,-1.058395,1.396113,5.671402
-1.12116,0.071181,1.531964,1.899732,42976.10277,2001-01-01 11:56:16.103 +0000,,,,-1.12116,0.071181,1.531964
-1.48907,0.715265,1.050106,1.957462,42976.08279,2001-01-01 11:56:16.083 +0000,,,,-2.61023,0.786446,2.58207
-1.445246,1.351556,1.592544,2.540008,42976.06283,2001-01-01 11:56:16.063 +0000,,,,-1.445246,1.351556,1.592544
-1.649964,1.153073,1.942174,2.797141,42976.04284,2001-01-01 11:56:16.043 +0000,,,,-3.09521,2.504629,3.534718
-2.519405,1.405966,1.513557,3.258066,42976.02288,2001-01-01 11:56:16.023 +0000,,,,-2.519405,1.405966,1.513557
-3.389216,1.460204,1.305591,3.91453,42976.00289,2001-01-01 11:56:16.003 +0000,,,,-5.908621,2.86617,2.819148
-3.279008,1.48624,1.034863,3.745897,42975.98293,2001-01-01 11:56:15.983 +0000,,,,-3.279008,1.48624,1.034863
-2.428487,0.918257,1.135107,2.833587,42975.96294,2001-01-01 11:56:15.963 +0000,,,,-5.707495,2.404497,2.16997
-1.834517,0.886055,1.289863,2.411284,42975.94301,2001-01-01 11:56:15.943 +0000,,,,-1.834517,0.886055,1.289863
-1.958182,0.849829,1.323319,2.511545,42975.92302,2001-01-01 11:56:15.923 +0000,,,,-3.792699,1.735884,2.613182
-2.295583,0.997782,0.94773,2.676464,42975.90306,2001-01-01 11:56:15.903 +0000,,,,-2.295583,0.997782,0.94773
-2.376842,1.858194,0.83906,3.131499,42975.88307,2001-01-01 11:56:15.883 +0000,,,,-4.672425,2.855976,1.78679
-1.818642,2.476075,1.110412,3.266714,42975.86311,2001-01-01 11:56:15.863 +0000,,,,-1.818642,2.476075,1.110412
-0.963013,2.595703,1.412908,3.108275,42975.84312,2001-01-01 11:56:15.843 +0000,,,,-2.781655,5.071778,2.52332
-0.714782,2.800946,1.624522,3.315913,42975.82317,2001-01-01 11:56:15.823 +0000,,,,-0.714782,2.800946,1.624522
-1.500708,3.459966,1.70077,4.137162,42975.80318,2001-01-01 11:56:15.803 +0000,,,,-2.21549,6.260912,3.325292
-1.733239,4.183087,1.688688,4.832598,42975.78319,2001-01-01 11:56:15.783 +0000,,,,-1.733239,4.183087,1.688688
-1.159259,4.032925,1.536967,4.468852,42975.76323,2001-01-01 11:56:15.763 +0000,,,,-2.892498,8.216012,3.225655
-0.57475,3.261052,1.546215,3.654528,42975.74324,2001-01-01 11:56:15.743 +0000,,,,-0.57475,3.261052,1.546215
-0.449152,2.737253,1.636104,3.220423,42975.72328,2001-01-01 11:56:15.723 +0000,,,,-1.023902,5.998305,3.182319
-0.636369,2.406493,1.480805,2.89637,42975.70329,2001-01-01 11:56:15.703 +0000,,,,-0.636369,2.406493,1.480805
-0.671508,1.868843,1.190326,2.315248,42975.68333,2001-01-01 11:56:15.683 +0000,,,,-1.307877,4.275336,2.671131
-0.546487,1.44752,0.93801,1.809372,42975.66334,2001-01-01 11:56:15.663 +0000,,,,-0.546487,1.44752,0.93801
-0.157631,1.007016,0.60525,1.185435,42975.64339,2001-01-01 11:56:15.643 +0000,,,,-0.704118,2.454536,1.54326
-0.001055,0.52591,0.292404,0.601733,42975.6234,2001-01-01 11:56:15.623 +0000,,,,-0.001055,0.52591,0.292404
-0.167934,0.368868,0.162415,0.436628,42975.60344,2001-01-01 11:56:15.603 +0000,,,,-0.168989,0.894778,0.454819
-0.152996,0.32103,0.197906,0.406983,42975.58345,2001-01-01 11:56:15.583 +0000,,,,-0.152996,0.32103,0.197906
0.279842,0.427,0.274267,0.579537,42975.56349,2001-01-01 11:56:15.563 +0000,,,,0.126846,0.74803,0.472173
0.712673,0.172736,0.282153,0.785717,42975.5435,2001-01-01 11:56:15.544 +0000,,,,0.712673,0.172736,0.282153
0.81544,-0.241832,0.181396,0.869672,42975.52354,2001-01-01 11:56:15.524 +0000,,,,1.528113,-0.069096,0.463549
0.626107,-0.53539,-0.006073,0.823826,42975.50355,2001-01-01 11:56:15.504 +0000,,,,0.626107,-0.53539,-0.006073
0.526419,-0.485704,-0.12976,0.727917,42975.4836,2001-01-01 11:56:15.484 +0000,,,,1.152526,-1.021094,-0.135833
0.560692,-0.643095,-0.031866,0.853793,42975.46361,2001-01-01 11:56:15.464 +0000,,,,0.560692,-0.643095,-0.031866
0.24554,-0.544766,0.190127,0.627063,42975.44362,2001-01-01 11:56:15.444 +0000,,,,0.806232,-1.187861,0.158261
-0.207092,-0.874204,0.215749,0.923942,42975.42366,2001-01-01 11:56:15.424 +0000,,,,-0.207092,-0.874204,0.215749
-0.657253,-1.791361,-0.060472,1.909087,42975.40367,2001-01-01 11:56:15.404 +0000,,,,-0.864345,-2.665565,0.155277
-1.23792,-2.133421,-0.359438,2.492614,42975.38371,2001-01-01 11:56:15.384 +0000,,,,-1.23792,-2.133421,-0.359438
-1.49054,-2.140423,-0.529949,2.661572,42975.36372,2001-01-01 11:56:15.364 +0000,,,,-2.72846,-4.273844,-0.889387
-1.586339,-2.45932,-0.653676,2.998669,42975.34376,2001-01-01 11:56:15.344 +0000,,,,-1.586339,-2.45932,-0.653676
-1.826499,-2.871064,-0.8027,3.496203,42975.32378,2001-01-01 11:56:15.324 +0000,,,,-3.412838,-5.330384,-1.456376
-2.289882,-3.072274,-1.04249,3.971047,42975.30382,2001-01-01 11:56:15.304 +0000,,,,-2.289882,-3.072274,-1.04249
-2.726202,-3.11691,-1.29855,4.339762,42975.28383,2001-01-01 11:56:15.284 +0000,,,,-5.016084,-6.189184,-2.34104
-2.862451,-2.871495,-1.524524,4.33166,42975.26387,2001-01-01 11:56:15.264 +0000,,,,-2.862451,-2.871495,-1.524524
-3.091546,-2.840857,-1.559277,4.47878,42975.24388,2001-01-01 11:56:15.244 +0000,,,,-5.953997,-5.712352,-3.083801
-3.811262,-3.301443,-1.503046,5.261596,42975.22392,2001-01-01 11:56:15.224 +0000,,,,-3.811262,-3.301443,-1.503046
-4.381346,-3.100983,-1.686948,5.626552,42975.20393,2001-01-01 11:56:15.204 +0000,,,,-8.192608,-6.402426,-3.189994
-4.475869,-2.803064,-1.802726,5.580358,42975.18397,2001-01-01 11:56:15.184 +0000,,,,-4.475869,-2.803064,-1.802726
-4.4215,-2.9672,-1.852133,5.63776,42975.16399,2001-01-01 11:56:15.164 +0000,,,,-8.897369,-5.770264,-3.654859
-4.700812,-3.423744,-2.013054,6.154026,42975.14403,2001-01-01 11:56:15.144 +0000,,,,-4.700812,-3.423744,-2.013054
-5.246074,-3.145784,-2.310261,6.538697,42975.12404,2001-01-01 11:56:15.124 +0000,,,,-9.946886,-6.569528,-4.323315
-5.50585,-2.351646,-2.457353,6.471723,42975.10405,2001-01-01 11:56:15.104 +0000,,,,-5.50585,-2.351646,-2.457353
-5.188661,-1.993123,-2.314075,6.020771,42975.08409,2001-01-01 11:56:15.084 +0000,,,,-10.694511,-4.344769,-4.771428
-4.982902,-1.912812,-2.208191,5.776181,42975.0641,2001-01-01 11:56:15.064 +0000,,,,-4.982902,-1.912812,-2.208191
-4.960213,-1.722174,-2.233131,5.705828,42975.04414,2001-01-01 11:56:15.044 +0000,,,,-9.943115,-3.634986,-4.441322
-4.583232,-1.374283,-2.099038,5.225,42975.02415,2001-01-01 11:56:15.024 +0000,,,,-4.583232,-1.374283,-2.099038
-3.843862,-0.938059,-1.678514,4.297981,42975.0042,2001-01-01 11:56:15.004 +0000,,,,-8.427094,-2.312342,-3.777552
-2.957953,-0.328823,-1.126045,3.182073,42974.98421,2001-01-01 11:56:14.984 +0000,,,,-2.957953,-0.328823,-1.126045
-2.216387,0.057407,-0.676522,2.318049,42974.96425,2001-01-01 11:56:14.964 +0000,,,,-5.17434,-0.271416,-1.802567
-1.871857,0.262565,-0.5273,1.962354,42974.94426,2001-01-01 11:56:14.944 +0000,,,,-1.871857,0.262565,-0.5273
-1.326608,-0.768029,-0.876633,1.765854,42974.92433,2001-01-01 11:56:14.924 +0000,,,,-3.198465,-0.505464,-1.403933
-0.425941,-2.71528,-1.112088,2.964947,42974.90434,2001-01-01 11:56:14.904 +0000,,,,-0.425941,-2.71528,-1.112088
0.08453,-2.320794,-0.701544,2.425984,42974.88438,2001-01-01 11:56:14.884 +0000,,,,-0.341411,-5.036074,-1.813632
-0.006772,-0.440711,-0.299099,0.532665,42974.86439,2001-01-01 11:56:14.864 +0000,,,,-0.006772,-0.440711,-0.299099
-0.048663,0.16779,-0.195253,0.262003,42974.84443,2001-01-01 11:56:14.844 +0000,,,,-0.055435,-0.272921,-0.494352
0.461947,-0.36327,-0.140144,0.604153,42974.82444,2001-01-01 11:56:14.824 +0000,,,,0.461947,-0.36327,-0.140144
0.871215,-0.844401,-0.11043,1.218287,42974.80449,2001-01-01 11:56:14.804 +0000,,,,1.333162,-1.207671,-0.250574
0.501389,-0.227778,-0.070793,0.555235,42974.7845,2001-01-01 11:56:14.784 +0000,,,,0.501389,-0.227778,-0.070793
0.330532,0.412523,0.007521,0.528661,42974.76451,2001-01-01 11:56:14.765 +0000,,,,0.831921,0.184745,-0.063272
0.965831,0.211409,0.337182,1.044613,42974.74455,2001-01-01 11:56:14.745 +0000,,,,0.965831,0.211409,0.337182
1.938193,-0.527349,0.696223,2.125891,42974.72456,2001-01-01 11:56:14.725 +0000,,,,2.904024,-0.31594,1.033405
2.7964,-0.675202,0.958859,3.032352,42974.7046,2001-01-01 11:56:14.705 +0000,,,,2.7964,-0.675202,0.958859
2.425102,0.777945,1.112681,2.779276,42974.68461,2001-01-01 11:56:14.685 +0000,,,,5.221502,0.102743,2.07154
2.512806,1.499245,1.556881,3.314485,42974.66465,2001-01-01 11:56:14.665 +0000,,,,2.512806,1.499245,1.556881
4.0776,0.306582,2.129514,4.610384,42974.64466,2001-01-01 11:56:14.645 +0000,,,,6.590406,1.805827,3.686395
5.268718,-1.224891,2.363965,5.903226,42974.62471,2001-01-01 11:56:14.625 +0000,,,,5.268718,-1.224891,2.363965
4.507754,-0.550092,2.352721,5.114464,42974.60472,2001-01-01 11:56:14.605 +0000,,,,9.776472,-1.774983,4.716686
4.080322,0.589409,2.340329,4.74063,42974.58476,2001-01-01 11:56:14.585 +0000,,,,4.080322,0.589409,2.340329
6.079598,-0.170691,2.810004,6.699759,42974.56477,2001-01-01 11:56:14.565 +0000,,,,10.15992,0.418718,5.150333
8.805686,-1.510431,4.293765,9.912514,42974.54481,2001-01-01 11:56:14.545 +0000,,,,8.805686,-1.510431,4.293765
7.215994,0.361135,5.564437,9.119427,42974.52482,2001-01-01 11:56:14.525 +0000,,,,16.02168,-1.149296,9.858202
4.547683,4.389148,6.003489,8.717105,42974.50486,2001-01-01 11:56:14.505 +0000,,,,4.547683,4.389148,6.003489
4.232062,5.896007,5.893618,9.349223,42974.48487,2001-01-01 11:56:14.485 +0000,,,,8.779745,10.285155,11.897107
6.46578,4.794726,5.750341,9.892529,42974.46492,2001-01-01 11:56:14.465 +0000,,,,6.46578,4.794726,5.750341
7.176771,2.365436,5.356776,9.262633,42974.44493,2001-01-01 11:56:14.445 +0000,,,,13.642551,7.160162,11.107117
6.406151,1.450195,4.661669,8.054377,42974.42494,2001-01-01 11:56:14.425 +0000,,,,6.406151,1.450195,4.661669
4.945301,1.756376,3.989569,6.592232,42974.40498,2001-01-01 11:56:14.405 +0000,,,,11.351452,3.206571,8.651238
3.672691,1.902331,3.514714,5.427774,42974.38499,2001-01-01 11:56:14.385 +0000,,,,3.672691,1.902331,3.514714
3.149989,1.861905,3.263401,4.902949,42974.36503,2001-01-01 11:56:14.365 +0000,,,,6.82268,3.764236,6.778115
2.968671,1.424596,3.097747,4.520898,42974.34504,2001-01-01 11:56:14.345 +0000,,,,2.968671,1.424596,3.097747
2.383289,1.176279,2.799563,3.860214,42974.32508,2001-01-01 11:56:14.325 +0000,,,,5.35196,2.600875,5.89731
1.384755,1.080589,2.313323,2.904596,42974.3051,2001-01-01 11:56:14.305 +0000,,,,1.384755,1.080589,2.313323
0.799926,0.844799,1.912531,2.238602,42974.28514,2001-01-01 11:56:14.285 +0000,,,,2.184681,1.925388,4.225854
0.551154,0.825833,1.642707,1.919442,42974.26515,2001-01-01 11:56:14.265 +0000,,,,0.551154,0.825833,1.642707
0.520836,0.604601,1.363154,1.579557,42974.24519,2001-01-01 11:56:14.245 +0000,,,,1.07199,1.430434,3.005861
0.025165,0.368587,0.846497,0.923605,42974.2252,2001-01-01 11:56:14.225 +0000,,,,0.025165,0.368587,0.846497
-0.756343,0.228746,0.106468,0.797318,42974.20524,2001-01-01 11:56:14.205 +0000,,,,-0.731178,0.597333,0.952965
-1.131402,-0.093194,-0.727558,1.348368,42974.18525,2001-01-01 11:56:14.185 +0000,,,,-1.131402,-0.093194,-0.727558
-1.337007,-0.508561,-1.484322,2.061416,42974.16529,2001-01-01 11:56:14.165 +0000,,,,-2.468409,-0.601755,-2.21188
-1.738204,-1.057803,-2.0433,2.883639,42974.14531,2001-01-01 11:56:14.145 +0000,,,,-1.738204,-1.057803,-2.0433
-2.134436,-1.397175,-2.173273,3.351273,42974.12535,2001-01-01 11:56:14.125 +0000,,,,-3.87264,-2.454978,-4.216573
-2.48773,-1.517362,-1.993683,3.530716,42974.10536,2001-01-01 11:56:14.105 +0000,,,,-2.48773,-1.517362,-1.993683
-2.903943,-1.537025,-2.066961,3.881708,42974.08537,2001-01-01 11:56:14.085 +0000,,,,-5.391673,-3.054387,-4.060644
-3.303233,-1.692087,-2.188907,4.308807,42974.06541,2001-01-01 11:56:14.065 +0000,,,,-3.303233,-1.692087,-2.188907
-3.725166,-2.089283,-2.43109,4.914485,42974.04542,2001-01-01 11:56:14.045 +0000,,,,-7.028399,-3.78137,-4.619997
-3.940499,-2.31039,-2.606109,5.259015,42974.02546,2001-01-01 11:56:14.025 +0000,,,,-3.940499,-2.31039,-2.606109
-4.336472,-2.293268,-2.885572,5.691274,42974.00547,2001-01-01 11:56:14.005 +0000,,,,-8.276971,-4.603658,-5.491681
-4.476743,-2.202115,-3.028879,5.836492,42973.98552,2001-01-01 11:56:13.986 +0000,,,,-4.476743,-2.202115,-3.028879
-4.328,-2.414884,-2.957843,5.771662,42973.96553,2001-01-01 11:56:13.966 +0000,,,,-8.804743,-4.616999,-5.986722
-4.104513,-1.963529,-2.725695,5.30395,42973.94557,2001-01-01 11:56:13.946 +0000,,,,-4.104513,-1.963529,-2.725695
-3.781738,-1.380957,-2.447287,4.711454,42973.92561,2001-01-01 11:56:13.926 +0000,,,,-7.886251,-3.344486,-5.172982
-3.809301,-1.645765,-2.260833,4.725535,42973.90565,2001-01-01 11:56:13.906 +0000,,,,-3.809301,-1.645765,-2.260833
-4.312267,-1.846498,-2.297874,5.223545,42973.88566,2001-01-01 11:56:13.886 +0000,,,,-8.121568,-3.492263,-4.558707
-4.429612,-1.651983,-2.435964,5.318311,42973.8657,2001-01-01 11:56:13.866 +0000,,,,-4.429612,-1.651983,-2.435964
-4.143671,-1.337821,-2.557767,5.049945,42973.84571,2001-01-01 11:56:13.846 +0000,,,,-8.573283,-2.989804,-4.993731
-4.046778,-1.425333,-2.649835,5.042778,42973.82575,2001-01-01 11:56:13.826 +0000,,,,-4.046778,-1.425333,-2.649835
-4.465456,-1.630293,-2.69805,5.466043,42973.80577,2001-01-01 11:56:13.806 +0000,,,,-8.512234,-3.055626,-5.347885
-4.776823,-1.452915,-2.816032,5.73228,42973.78581,2001-01-01 11:56:13.786 +0000,,,,-4.776823,-1.452915,-2.816032
-4.466158,-1.08203,-2.83952,5.401873,42973.76582,2001-01-01 11:56:13.766 +0000,,,,-9.242981,-2.534945,-5.655552
-3.963925,-0.929897,-2.641006,4.853073,42973.74583,2001-01-01 11:56:13.746 +0000,,,,-3.963925,-0.929897,-2.641006
-3.76503,-0.778782,-2.334481,4.497972,42973.72587,2001-01-01 11:56:13.726 +0000,,,,-7.728955,-1.708679,-4.975487
-3.598917,-0.434924,-2.046865,4.163054,42973.70588,2001-01-01 11:56:13.706 +0000,,,,-3.598917,-0.434924,-2.046865
-3.087313,-0.125962,-1.757891,3.554933,42973.68592,2001-01-01 11:56:13.686 +0000,,,,-6.68623,-0.560886,-3.804756
-2.182165,-0.308884,-1.474541,2.651702,42973.66593,2001-01-01 11:56:13.666 +0000,,,,-2.182165,-0.308884,-1.474541
-1.452959,-0.559945,-1.123809,1.920306,42973.64598,2001-01-01 11:56:13.646 +0000,,,,-3.635124,-0.868829,-2.59835
-0.92526,-0.254824,-0.671234,1.171151,42973.62599,2001-01-01 11:56:13.626 +0000,,,,-0.92526,-0.254824,-0.671234
-0.63483,0.349586,-0.169785,0.744343,42973.60603,2001-01-01 11:56:13.606 +0000,,,,-1.56009,0.094762,-0.841019
-0.189876,0.479236,0.000622,0.515481,42973.58604,2001-01-01 11:56:13.586 +0000,,,,-0.189876,0.479236,0.000622
0.234324,0.241575,-0.165763,0.375158,42973.56608,2001-01-01 11:56:13.566 +0000,,,,0.044448,0.720811,-0.165141
-0.146859,-0.091015,-0.143924,0.224868,42973.54609,2001-01-01 11:56:13.546 +0000,,,,-0.146859,-0.091015,-0.143924
-0.357822,0.14252,0.014294,0.385426,42973.52613,2001-01-01 11:56:13.526 +0000,,,,-0.504681,0.051505,-0.12963
0.30264,0.429414,0.381265,0.649115,42973.50614,2001-01-01 11:56:13.506 +0000,,,,0.30264,0.429414,0.381265
2.03773,0.160067,0.792261,2.192177,42973.48619,2001-01-01 11:56:13.486 +0000,,,,2.34037,0.589481,1.173526
2.647269,0.438938,0.947345,2.845727,42973.4662,2001-01-01 11:56:13.466 +0000,,,,2.647269,0.438938,0.947345
2.105173,1.040829,1.110876,2.597907,42973.44624,2001-01-01 11:56:13.446 +0000,,,,4.752442,1.479767,2.058221
2.739332,1.236748,1.314434,3.28043,42973.42625,2001-01-01 11:56:13.426 +0000,,,,2.739332,1.236748,1.314434
5.113395,-0.130867,1.977417,5.483987,42973.40626,2001-01-01 11:56:13.406 +0000,,,,7.852727,1.105881,3.291851
6.217026,0.210047,2.517125,6.710548,42973.3863,2001-01-01 11:56:13.386 +0000,,,,6.217026,0.210047,2.517125
4.969844,3.631616,2.844537,6.780809,42973.36631,2001-01-01 11:56:13.366 +0000,,,,11.18687,3.841663,5.361662
4.754718,4.375075,3.293045,7.252087,42973.34635,2001-01-01 11:56:13.346 +0000,,,,4.754718,4.375075,3.293045
7.769643,1.62002,3.586939,8.709646,42973.32636,2001-01-01 11:56:13.326 +0000,,,,12.524361,5.995095,6.879984
9.375627,-0.546057,3.393168,9.985697,42973.30641,2001-01-01 11:56:13.306 +0000,,,,9.375627,-0.546057,3.393168
8.330559,1.046555,3.283483,9.015251,42973.28642,2001-01-01 11:56:13.286 +0000,,,,17.706186,0.500498,6.676651
6.18202,2.641066,3.404625,7.535521,42973.26646,2001-01-01 11:56:13.266 +0000,,,,6.18202,2.641066,3.404625
5.45344,2.622269,3.343128,6.913234,42973.24647,2001-01-01 11:56:13.246 +0000,,,,11.63546,5.263335,6.747753
5.977059,1.606673,3.034211,6.892973,42973.22651,2001-01-01 11:56:13.227 +0000,,,,5.977059,1.606673,3.034211
5.39055,1.244796,2.479885,6.062786,42973.20652,2001-01-01 11:56:13.207 +0000,,,,11.367609,2.851469,5.514096
4.085499,1.818583,2.277186,5.018378,42973.18656,2001-01-01 11:56:13.187 +0000,,,,4.085499,1.818583,2.277186
2.801549,2.085667,2.533854,4.314986,42973.16657,2001-01-01 11:56:13.167 +0000,,,,6.887048,3.90425,4.81104
2.591421,2.130058,2.881719,4.42232,42973.14662,2001-01-01 11:56:13.147 +0000,,,,2.591421,2.130058,2.881719
3.558277,1.374533,2.926627,4.807891,42973.12663,2001-01-01 11:56:13.127 +0000,,,,6.149698,3.504591,5.808346
3.942488,-0.186926,2.481483,4.662179,42973.10667,2001-01-01 11:56:13.107 +0000,,,,3.942488,-0.186926,2.481483
3.275631,-0.753261,1.980596,3.901272,42973.08668,2001-01-01 11:56:13.087 +0000,,,,7.218119,-0.940187,4.462079
2.0431,-0.385519,1.578067,2.610206,42973.06669,2001-01-01 11:56:13.067 +0000,,,,2.0431,-0.385519,1.578067
0.984903,0.293431,1.183348,1.567306,42973.04673,2001-01-01 11:56:13.047 +0000,,,,3.028003,-0.092088,2.761415
0.317259,0.333249,0.687219,0.82703,42973.02674,2001-01-01 11:56:13.027 +0000,,,,0.317259,0.333249,0.687219
0.185942,0.303649,0.390436,0.52841,42973.00678,2001-01-01 11:56:13.007 +0000,,,,0.503201,0.636898,1.077655
0.407914,0.193746,0.253326,0.517789,42972.9868,2001-01-01 11:56:12.987 +0000,,,,0.407914,0.193746,0.253326
0.234585,-0.009438,-0.009076,0.23495,42972.96684,2001-01-01 11:56:12.967 +0000,,,,0.642499,0.184308,0.24425
-0.541608,-0.220056,-0.511668,0.776897,42972.94685,2001-01-01 11:56:12.947 +0000,,,,-0.541608,-0.220056,-0.511668
-1.222456,-0.524364,-1.020841,1.676745,42972.92694,2001-01-01 11:56:12.927 +0000,,,,-1.764064,-0.74442,-1.532509
-1.425871,-0.661554,-1.29538,2.036853,42972.90695,2001-01-01 11:56:12.907 +0000,,,,-1.425871,-0.661554,-1.29538
-1.459159,-0.98282,-1.533009,2.333495,42972.887,2001-01-01 11:56:12.887 +0000,,,,-2.88503,-1.644374,-2.828389
-2.24789,-1.019368,-1.859854,3.090498,42972.86701,2001-01-01 11:56:12.867 +0000,,,,-2.24789,-1.019368,-1.859854
-3.438761,-1.065028,-2.304788,4.274507,42972.84705,2001-01-01 11:56:12.847 +0000,,,,-5.686651,-2.084396,-4.164642
-3.898049,-1.538604,-2.834445,5.059266,42972.82706,2001-01-01 11:56:12.827 +0000,,,,-3.898049,-1.538604,-2.834445
-3.819943,-1.634801,-2.986453,5.116976,42972.8071,2001-01-01 11:56:12.807 +0000,,,,-7.717992,-3.173405,-5.820898
-3.641963,-1.326522,-2.872828,4.824593,42972.78711,2001-01-01 11:56:12.787 +0000,,,,-3.641963,-1.326522,-2.872828
-3.932883,-1.342261,-2.690964,4.95081,42972.76715,2001-01-01 11:56:12.767 +0000,,,,-7.574846,-2.668783,-5.563792
-5.052949,-1.101973,-2.548517,5.76555,42972.74716,2001-01-01 11:56:12.747 +0000,,,,-5.052949,-1.101973,-2.548517
-5.524318,-0.613329,-2.536998,6.109879,42972.72717,2001-01-01 11:56:12.727 +0000,,,,-10.577267,-1.715302,-5.085515
-4.806752,-1.103914,-2.544713,5.54969,42972.70722,2001-01-01 11:56:12.707 +0000,,,,-4.806752,-1.103914,-2.544713
-4.245467,-1.717488,-2.699534,5.31613,42972.68723,2001-01-01 11:56:12.687 +0000,,,,-9.052219,-2.821402,-5.244247
-4.280158,-1.998833,-2.734264,5.458139,42972.66727,2001-01-01 11:56:12.667 +0000,,,,-4.280158,-1.998833,-2.734264
-4.511876,-1.124192,-2.646313,5.350122,42972.64728,2001-01-01 11:56:12.647 +0000,,,,-8.792034,-3.123025,-5.380577
-3.986241,-0.651741,-2.160015,4.580453,42972.62732,2001-01-01 11:56:12.627 +0000,,,,-3.986241,-0.651741,-2.160015
-3.417147,-0.777986,-1.691029,3.891238,42972.60733,2001-01-01 11:56:12.607 +0000,,,,-7.403388,-1.429727,-3.851044
-3.67546,-1.162261,-1.499396,4.136187,42972.58737,2001-01-01 11:56:12.587 +0000,,,,-3.67546,-1.162261,-1.499396
-4.112747,-0.739941,-1.609277,4.477943,42972.56738,2001-01-01 11:56:12.567 +0000,,,,-7.788207,-1.902202,-3.108673
-4.190765,-0.811586,-1.69509,4.592877,42972.54743,2001-01-01 11:56:12.547 +0000,,,,-4.190765,-0.811586,-1.69509
-3.922534,-0.928631,-1.719674,4.382455,42972.52744,2001-01-01 11:56:12.527 +0000,,,,-8.113299,-1.740217,-3.414764
-3.495892,-1.012436,-1.703745,4.018586,42972.50748,2001-01-01 11:56:12.507 +0000,,,,-3.495892,-1.012436,-1.703745
-3.307046,-0.584099,-1.720731,3.773413,42972.48749,2001-01-01 11:56:12.487 +0000,,,,-6.802938,-1.596535,-3.424476
-3.167522,-0.017021,-1.620891,3.558198,42972.46753,2001-01-01 11:56:12.468 +0000,,,,-3.167522,-0.017021,-1.620891
-2.679045,-0.117971,-1.23693,2.953167,42972.44754,2001-01-01 11:56:12.448 +0000,,,,-5.846567,-0.134992,-2.857821
-2.049991,-0.265994,-0.974771,2.285475,42972.42755,2001-01-01 11:56:12.428 +0000,,,,-2.049991,-0.265994,-0.974771
-1.627632,-0.380625,-0.931006,1.91333,42972.40759,2001-01-01 11:56:12.408 +0000,,,,-3.677623,-0.646619,-1.905777
-1.319119,-0.483727,-0.929712,1.684765,42972.38761,2001-01-01 11:56:12.388 +0000,,,,-1.319119,-0.483727,-0.929712
-0.87365,-0.411703,-0.799749,1.253939,42972.36765,2001-01-01 11:56:12.368 +0000,,,,-2.192769,-0.89543,-1.729461
-0.432286,-0.019466,-0.416378,0.600517,42972.34766,2001-01-01 11:56:12.348 +0000,,,,-0.432286,-0.019466,-0.416378
-0.066293,0.253071,-0.166754,0.310236,42972.3277,2001-01-01 11:56:12.328 +0000,,,,-0.498579,0.233605,-0.583132
-0.00297,-0.361223,-0.46384,0.587911,42972.30771,2001-01-01 11:56:12.308 +0000,,,,-0.00297,-0.361223,-0.46384
-0.316356,-0.559633,-0.479307,0.801876,42972.28775,2001-01-01 11:56:12.288 +0000,,,,-0.319326,-0.920856,-0.943147
-0.171277,0.961376,0.249468,1.007876,42972.26776,2001-01-01 11:56:12.268 +0000,,,,-0.171277,0.961376,0.249468
1.554298,1.025028,0.917006,2.075434,42972.2478,2001-01-01 11:56:12.248 +0000,,,,1.383021,1.986404,1.166474
2.230282,-0.501021,0.488695,2.33752,42972.22782,2001-01-01 11:56:12.228 +0000,,,,2.230282,-0.501021,0.488695
1.090082,-0.489647,0.258719,1.222689,42972.20786,2001-01-01 11:56:12.208 +0000,,,,3.320364,-0.990668,0.747414
1.177494,1.284842,0.982142,2.000478,42972.18787,2001-01-01 11:56:12.188 +0000,,,,1.177494,1.284842,0.982142
4.392944,2.398298,2.269137,5.495341,42972.16791,2001-01-01 11:56:12.168 +0000,,,,5.570438,3.68314,3.251279
6.066824,0.285387,2.443248,6.546545,42972.14792,2001-01-01 11:56:12.148 +0000,,,,6.066824,0.285387,2.443248
4.750099,-0.24718,1.151459,4.893914,42972.12796,2001-01-01 11:56:12.128 +0000,,,,10.816923,0.038207,3.594707
3.767708,-0.270802,0.938671,3.892308,42972.10797,2001-01-01 11:56:12.108 +0000,,,,3.767708,-0.270802,0.938671
4.457596,1.877898,2.031642,5.246354,42972.08798,2001-01-01 11:56:12.088 +0000,,,,8.225304,1.607096,2.970313
6.898339,2.46552,3.711256,8.212143,42972.06803,2001-01-01 11:56:12.068 +0000,,,,6.898339,2.46552,3.711256
8.161284,1.752308,4.829763,9.643845,42972.04804,2001-01-01 11:56:12.048 +0000,,,,15.059623,4.217828,8.541019
7.312166,1.975245,4.770001,8.951105,42972.02808,2001-01-01 11:56:12.028 +0000,,,,7.312166,1.975245,4.770001
6.647615,2.273455,4.085133,8.126974,42972.00809,2001-01-01 11:56:12.008 +0000,,,,13.959781,4.2487,8.855134
6.117696,2.579066,3.338111,7.431069,42971.98813,2001-01-01 11:56:11.988 +0000,,,,6.117696,2.579066,3.338111
5.304394,2.318372,2.842885,6.449297,42971.96814,2001-01-01 11:56:11.968 +0000,,,,11.42209,4.897438,6.180996
5.556805,1.623235,2.537678,6.320821,42971.94818,2001-01-01 11:56:11.948 +0000,,,,5.556805,1.623235,2.537678
5.928695,1.332413,2.427716,6.543589,42971.92822,2001-01-01 11:56:11.928 +0000,,,,11.4855,2.955648,4.965394
5.180696,1.52952,2.233006,5.845114,42971.90826,2001-01-01 11:56:11.908 +0000,,,,5.180696,1.52952,2.233006
3.6915,1.441514,1.981712,4.430837,42971.88827,2001-01-01 11:56:11.888 +0000,,,,8.872196,2.971034,4.214718
2.577926,1.325337,1.856976,3.442467,42971.86832,2001-01-01 11:56:11.868 +0000,,,,2.577926,1.325337,1.856976
1.956579,1.215979,1.759051,2.89846,42971.84833,2001-01-01 11:56:11.848 +0000,,,,4.534505,2.541316,3.616027
1.512706,0.959808,1.687299,2.460993,42971.82837,2001-01-01 11:56:11.828 +0000,,,,1.512706,0.959808,1.687299
0.666262,0.751497,1.702454,1.976614,42971.80838,2001-01-01 11:56:11.808 +0000,,,,2.178968,1.711305,3.389753
0.115999,0.550897,1.73241,1.821589,42971.78842,2001-01-01 11:56:11.788 +0000,,,,0.115999,0.550897,1.73241
-0.271205,0.115193,1.416839,1.447154,42971.76843,2001-01-01 11:56:11.768 +0000,,,,-0.155206,0.66609,3.149249
-0.445571,-0.220726,0.898347,1.026782,42971.74844,2001-01-01 11:56:11.748 +0000,,,,-0.445571,-0.220726,0.898347
-0.260044,-0.309751,0.600658,0.724126,42971.72848,2001-01-01 11:56:11.728 +0000,,,,-0.705615,-0.530477,1.499005
-0.172299,-0.110576,0.562243,0.598357,42971.7085,2001-01-01 11:56:11.708 +0000,,,,-0.172299,-0.110576,0.562243
-0.047236,0.003568,0.589489,0.59139,42971.68854,2001-01-01 11:56:11.689 +0000,,,,-0.219535,-0.107008,1.151732
0.082198,-0.239822,0.348472,0.430934,42971.66855,2001-01-01 11:56:11.669 +0000,,,,0.082198,-0.239822,0.348472
0.172118,-0.348187,0.012793,0.388616,42971.64859,2001-01-01 11:56:11.649 +0000,,,,0.254316,-0.588009,0.361265
0.252443,-0.451861,-0.147728,0.538265,42971.6286,2001-01-01 11:56:11.629 +0000,,,,0.252443,-0.451861,-0.147728
0.089423,-0.320789,-0.082937,0.343192,42971.60864,2001-01-01 11:56:11.609 +0000,,,,0.341866,-0.77265,-0.230665
-0.403029,-0.288178,-0.103445,0.506142,42971.58865,2001-01-01 11:56:11.589 +0000,,,,-0.403029,-0.288178,-0.103445
-1.098825,-0.457639,-0.35878,1.243211,42971.56869,2001-01-01 11:56:11.569 +0000,,,,-1.501854,-0.745817,-0.462225
-1.520228,-0.78914,-0.742181,1.866727,42971.54871,2001-01-01 11:56:11.549 +0000,,,,-1.520228,-0.78914,-0.742181
-1.506997,-1.044743,-1.147431,2.163129,42971.52875,2001-01-01 11:56:11.529 +0000,,,,-3.027225,-1.833883,-1.889612
-1.940785,-0.859458,-1.47569,2.585145,42971.50876,2001-01-01 11:56:11.509 +0000,,,,-1.940785,-0.859458,-1.47569
-3.021243,-1.014806,-1.938813,3.730514,42971.4888,2001-01-01 11:56:11.489 +0000,,,,-4.962028,-1.874264,-3.414503
-4.132856,-1.550955,-2.592375,5.119215,42971.46881,2001-01-01 11:56:11.469 +0000,,,,-4.132856,-1.550955,-2.592375
-4.542803,-1.292457,-3.044619,5.61936,42971.44882,2001-01-01 11:56:11.449 +0000,,,,-8.675659,-2.843412,-5.636994
-4.173883,-1.187611,-2.972961,5.260249,42971.42886,2001-01-01 11:56:11.429 +0000,,,,-4.173883,-1.187611,-2.972961
-4.025635,-1.4427,-2.785346,5.103457,42971.40887,2001-01-01 11:56:11.409 +0000,,,,-8.199518,-2.630311,-5.758307
-4.32344,-1.262618,-2.677789,5.239933,42971.38892,2001-01-01 11:56:11.389 +0000,,,,-4.32344,-1.262618,-2.677789
-4.741968,-1.051675,-2.547623,5.484766,42971.36893,2001-01-01 11:56:11.369 +0000,,,,-9.065408,-2.314293,-5.225412
-4.583595,-0.846361,-2.281053,5.189304,42971.34897,2001-01-01 11:56:11.349 +0000,,,,-4.583595,-0.846361,-2.281053
-4.30078,-0.815649,-2.009963,4.81684,42971.32898,2001-01-01 11:56:11.329 +0000,,,,-8.884375,-1.66201,-4.291016
-4.406973,-1.314955,-1.855457,4.959157,42971.30902,2001-01-01 11:56:11.309 +0000,,,,-4.406973,-1.314955,-1.855457
-4.941658,-1.824578,-1.867297,5.588906,42971.28903,2001-01-01 11:56:11.289 +0000,,,,-9.348631,-3.139533,-3.722754
-5.119988,-1.603878,-2.166147,5.786095,42971.26907,2001-01-01 11:56:11.269 +0000,,,,-5.119988,-1.603878,-2.166147
-4.855337,-1.547471,-2.264954,5.576646,42971.24908,2001-01-01 11:56:11.249 +0000,,,,-9.975325,-3.151349,-4.431101
-4.506072,-2.067851,-2.151126,5.404445,42971.22913,2001-01-01 11:56:11.229 +0000,,,,-4.506072,-2.067851,-2.151126
-4.577719,-2.044415,-2.130303,5.447324,42971.20914,2001-01-01 11:56:11.209 +0000,,,,-9.083791,-4.112266,-4.281429
-5.076054,-1.101244,-2.249491,5.660325,42971.18918,2001-01-01 11:56:11.189 +0000,,,,-5.076054,-1.101244,-2.249491
-4.82849,-0.40091,-2.142873,5.297825,42971.16919,2001-01-01 11:56:11.169 +0000,,,,-9.904544,-1.502154,-4.392364
-4.032469,-0.509938,-1.671334,4.394792,42971.14923,2001-01-01 11:56:11.149 +0000,,,,-4.032469,-0.509938,-1.671334
-3.511315,-0.878454,-1.369769,3.870049,42971.12924,2001-01-01 11:56:11.129 +0000,,,,-7.543784,-1.388392,-3.041103
-3.416799,-0.781049,-1.211257,3.708328,42971.10925,2001-01-01 11:56:11.109 +0000,,,,-3.416799,-0.781049,-1.211257
-3.107462,-0.330937,-1.07576,3.305011,42971.08929,2001-01-01 11:56:11.089 +0000,,,,-6.524261,-1.111986,-2.287017
-2.435875,-0.087201,-0.930847,2.609132,42971.0693,2001-01-01 11:56:11.069 +0000,,,,-2.435875,-0.087201,-0.930847
-1.704578,-0.382277,-0.71675,1.888241,42971.04935,2001-01-01 11:56:11.049 +0000,,,,-4.140453,-0.469478,-1.647597
-1.501844,-0.434935,-0.533592,1.652097,42971.02936,2001-01-01 11:56:11.029 +0000,,,,-1.501844,-0.434935,-0.533592
-1.37945,0.060931,-0.364221,1.428023,42971.0094,2001-01-01 11:56:11.009 +0000,,,,-2.881294,-0.374004,-0.897813
-0.856446,0.353644,-0.186251,0.945121,42970.98941,2001-01-01 11:56:10.989 +0000,,,,-0.856446,0.353644,-0.186251
-0.145239,-0.059969,-0.083092,0.17775,42970.96945,2001-01-01 11:56:10.969 +0000,,,,-1.001685,0.293675,-0.269343
0.22154,-0.580528,-0.046079,0.62307,42970.94946,2001-01-01 11:56:10.949 +0000,,,,0.22154,-0.580528,-0.046079
0.197739,-0.117654,0.179027,0.291537,42970.92954,2001-01-01 11:56:10.930 +0000,,,,0.419279,-0.698182,0.132948
0.588402,0.714327,0.491407,1.047837,42970.90955,2001-01-01 11:56:10.910 +0000,,,,0.588402,0.714327,0.491407
1.415091,0.574938,0.313581,1.559285,42970.88959,2001-01-01 11:56:10.890 +0000,,,,2.003493,1.289265,0.804988
1.652493,-0.109541,0.014655,1.656184,42970.8696,2001-01-01 11:56:10.870 +0000,,,,1.652493,-0.109541,0.014655
1.106371,0.139899,0.24109,1.140944,42970.84964,2001-01-01 11:56:10.850 +0000,,,,2.758864,0.030358,0.255745
1.119256,1.37926,0.842586,1.965971,42970.82965,2001-01-01 11:56:10.830 +0000,,,,1.119256,1.37926,0.842586
2.365188,1.197151,1.351552,2.975564,42970.80966,2001-01-01 11:56:10.810 +0000,,,,3.484444,2.576411,2.194138
3.352411,0.329245,0.752591,3.451588,42970.78971,2001-01-01 11:56:10.790 +0000,,,,3.352411,0.329245,0.752591
2.959979,0.538928,0.797455,3.112532,42970.76972,2001-01-01 11:56:10.770 +0000,,,,6.31239,0.868173,1.550046
3.176374,0.742681,1.701253,3.67902,42970.74976,2001-01-01 11:56:10.750 +0000,,,,3.176374,0.742681,1.701253
4.683184,0.557853,1.897846,5.083821,42970.72977,2001-01-01 11:56:10.730 +0000,,,,7.859558,1.300534,3.599099
5.091079,1.197514,1.976861,5.591163,42970.70981,2001-01-01 11:56:10.710 +0000,,,,5.091079,1.197514,1.976861
4.202683,2.754368,2.432505,5.582667,42970.68982,2001-01-01 11:56:10.690 +0000,,,,9.293762,3.951882,4.409366
4.979076,3.50862,2.646191,6.64108,42970.66986,2001-01-01 11:56:10.670 +0000,,,,4.979076,3.50862,2.646191
6.175687,3.290179,2.697601,7.499429,42970.64987,2001-01-01 11:56:10.650 +0000,,,,11.154763,6.798799,5.343792
6.606951,2.579758,2.61803,7.560491,42970.62992,2001-01-01 11:56:10.630 +0000,,,,6.606951,2.579758,2.61803
6.844973,2.320727,2.054029,7.513885,42970.60993,2001-01-01 11:56:10.610 +0000,,,,13.451924,4.900485,4.672059
7.14864,2.668024,1.971791,7.88095,42970.58997,2001-01-01 11:56:10.590 +0000,,,,7.14864,2.668024,1.971791
6.857574,3.167012,2.659797,8.008171,42970.56998,2001-01-01 11:56:10.570 +0000,,,,14.006214,5.835036,4.631588
5.777732,2.97793,3.191552,7.241289,42970.55002,2001-01-01 11:56:10.550 +0000,,,,5.777732,2.97793,3.191552
4.734919,2.465865,2.777736,6.017954,42970.53003,2001-01-01 11:56:10.530 +0000,,,,10.512651,5.443795,5.969288
3.876687,1.549141,1.940997,4.603912,42970.51007,2001-01-01 11:56:10.510 +0000,,,,3.876687,1.549141,1.940997
2.800016,1.137947,1.404867,3.332967,42970.49008,2001-01-01 11:56:10.490 +0000,,,,6.676703,2.687088,3.345864
1.518725,1.222743,1.183356,2.28078,42970.4701,2001-01-01 11:56:10.470 +0000,,,,1.518725,1.222743,1.183356
0.767092,0.825008,0.822482,1.394828,42970.45014,2001-01-01 11:56:10.450 +0000,,,,2.285817,2.047751,2.005838
0.355072,0.299662,0.450356,0.647066,42970.43015,2001-01-01 11:56:10.430 +0000,,,,0.355072,0.299662,0.450356
-0.024531,0.162479,0.230191,0.282823,42970.41019,2001-01-01 11:56:10.410 +0000,,,,0.330541,0.462141,0.680547
-0.37349,0.092852,0.178874,0.424396,42970.3902,2001-01-01 11:56:10.390 +0000,,,,-0.37349,0.092852,0.178874
-0.624101,0.132063,0.170665,0.660356,42970.37024,2001-01-01 11:56:10.370 +0000,,,,-0.997591,0.224915,0.349539
-0.744912,0.204424,0.174996,0.792027,42970.35025,2001-01-01 11:56:10.350 +0000,,,,-0.744912,0.204424,0.174996
-0.564536,0.200199,0.136689,0.614381,42970.33029,2001-01-01 11:56:10.330 +0000,,,,-1.309448,0.404623,0.311685
-0.255321,0.184428,0.129202,0.340435,42970.31031,2001-01-01 11:56:10.310 +0000,,,,-0.255321,0.184428,0.129202
0.066622,0.18145,0.121767,0.22845,42970.29035,2001-01-01 11:56:10.290 +0000,,,,-0.188699,0.365878,0.250969
0.503874,0.259718,0.195026,0.599481,42970.27036,2001-01-01 11:56:10.270 +0000,,,,0.503874,0.259718,0.195026
0.902482,0.528822,0.340166,1.099927,42970.2504,2001-01-01 11:56:10.250 +0000,,,,1.406356,0.78854,0.535192
1.077518,0.541608,0.290024,1.240363,42970.23041,2001-01-01 11:56:10.230 +0000,,,,1.077518,0.541608,0.290024
1.070061,0.438649,0.014577,1.156571,42970.21045,2001-01-01 11:56:10.210 +0000,,,,2.147579,0.980257,0.304601
0.691719,0.33009,-0.26122,0.809735,42970.19046,2001-01-01 11:56:10.190 +0000,,,,0.691719,0.33009,-0.26122
-0.074562,-0.439701,-0.728032,0.853772,42970.17047,2001-01-01 11:56:10.170 +0000,,,,0.617157,-0.109611,-0.989252
-0.778845,-1.270565,-1.354537,2.013879,42970.15052,2001-01-01 11:56:10.151 +0000,,,,-0.778845,-1.270565,-1.354537
-1.567366,-1.648301,-1.801195,2.901351,42970.13053,2001-01-01 11:56:10.131 +0000,,,,-2.346211,-2.918866,-3.155732
-2.241162,-1.867554,-1.952601,3.510444,42970.11057,2001-01-01 11:56:10.111 +0000,,,,-2.241162,-1.867554,-1.952601
-2.713097,-2.271378,-1.847838,3.991811,42970.09058,2001-01-01 11:56:10.091 +0000,,,,-4.954259,-4.138932,-3.800439
-3.03218,-2.202514,-1.479405,4.029122,42970.07062,2001-01-01 11:56:10.071 +0000,,,,-3.03218,-2.202514,-1.479405
-3.277917,-1.610615,-1.138612,3.825605,42970.05063,2001-01-01 11:56:10.051 +0000,,,,-6.310097,-3.813129,-2.618017
-3.20987,-1.504798,-1.01663,3.687983,42970.03067,2001-01-01 11:56:10.031 +0000,,,,-3.20987,-1.504798,-1.01663
-2.982652,-1.912791,-1.080235,3.704307,42970.01068,2001-01-01 11:56:10.011 +0000,,,,-6.192522,-3.417589,-2.096865
-3.131729,-2.121609,-1.472817,4.059328,42969.99073,2001-01-01 11:56:09.991 +0000,,,,-3.131729,-2.121609,-1.472817
-3.393363,-1.864752,-1.772327,4.258327,42969.97074,2001-01-01 11:56:09.971 +0000,,,,-6.525092,-3.986361,-3.245144
-3.382373,-1.406391,-1.658099,4.020905,42969.95078,2001-01-01 11:56:09.951 +0000,,,,-3.382373,-1.406391,-1.658099
-3.210892,-1.334094,-1.338722,3.72583,42969.93082,2001-01-01 11:56:09.931 +0000,,,,-6.593265,-2.740485,-2.996821
-3.363279,-1.32146,-1.353676,3.8588,42969.91087,2001-01-01 11:56:09.911 +0000,,,,-3.363279,-1.32146,-1.353676
-3.791097,-1.561081,-1.628382,4.411465,42969.89088,2001-01-01 11:56:09.891 +0000,,,,-7.154376,-2.882541,-2.982058
-4.1228,-1.567435,-1.942608,4.81955,42969.87089,2001-01-01 11:56:09.871 +0000,,,,-4.1228,-1.567435,-1.942608
-3.806912,-1.338347,-2.013758,4.509875,42969.85093,2001-01-01 11:56:09.851 +0000,,,,-7.929712,-2.905782,-3.956366
-3.271787,-1.415596,-1.96399,4.070106,42969.83094,2001-01-01 11:56:09.831 +0000,,,,-3.271787,-1.415596,-1.96399
-3.022945,-1.325428,-1.762745,3.741955,42969.81098,2001-01-01 11:56:09.811 +0000,,,,-6.294732,-2.741024,-3.726735
-3.462773,-0.926947,-1.606519,3.928223,42969.79099,2001-01-01 11:56:09.791 +0000,,,,-3.462773,-0.926947,-1.606519
-3.558009,-0.3982,-1.430158,3.8553,42969.77103,2001-01-01 11:56:09.771 +0000,,,,-7.020782,-1.325147,-3.036677
-2.881129,-0.454699,-1.218145,3.160938,42969.75105,2001-01-01 11:56:09.751 +0000,,,,-2.881129,-0.454699,-1.218145
-2.094761,-0.868043,-1.029,2.490052,42969.73109,2001-01-01 11:56:09.731 +0000,,,,-4.97589,-1.322742,-2.247145
-1.725898,-0.736149,-0.790728,2.036146,42969.7111,2001-01-01 11:56:09.711 +0000,,,,-1.725898,-0.736149,-0.790728
-1.501425,-0.190139,-0.620804,1.635795,42969.69114,2001-01-01 11:56:09.691 +0000,,,,-3.227323,-0.926288,-1.411532
-1.133589,-0.094854,-0.538442,1.258547,42969.67115,2001-01-01 11:56:09.671 +0000,,,,-1.133589,-0.094854,-0.538442
-0.711774,-0.35004,-0.469723,0.92184,42969.65119,2001-01-01 11:56:09.651 +0000,,,,-1.845363,-0.444894,-1.008165
-0.454287,-0.447475,-0.31706,0.712136,42969.6312,2001-01-01 11:56:09.631 +0000,,,,-0.454287,-0.447475,-0.31706
-0.301163,-0.235201,-0.248219,0.455666,42969.61124,2001-01-01 11:56:09.611 +0000,,,,-0.75545,-0.682676,-0.565279
-0.34078,0.069353,-0.282438,0.448009,42969.59126,2001-01-01 11:56:09.591 +0000,,,,-0.34078,0.069353,-0.282438
-0.232862,0.321115,-0.171269,0.432056,42969.57127,2001-01-01 11:56:09.571 +0000,,,,-0.573642,0.390468,-0.453707
0.308401,0.311402,0.046112,0.440691,42969.55131,2001-01-01 11:56:09.551 +0000,,,,0.308401,0.311402,0.046112
1.0826,0.036,0.021099,1.083404,42969.53132,2001-01-01 11:56:09.531 +0000,,,,1.391001,0.347402,0.067211
1.443219,0.000583,-0.190073,1.455681,42969.51136,2001-01-01 11:56:09.511 +0000,,,,1.443219,0.000583,-0.190073
1.341151,0.309608,-0.122149,1.381833,42969.49137,2001-01-01 11:56:09.491 +0000,,,,2.78437,0.310191,-0.312222
1.825462,0.27134,0.195366,1.85583,42969.47141,2001-01-01 11:56:09.471 +0000,,,,1.825462,0.27134,0.195366
3.182757,-0.287531,0.383417,3.218637,42969.45142,2001-01-01 11:56:09.451 +0000,,,,5.008219,-0.016191,0.578783
4.046704,-0.088073,0.656902,4.100621,42969.43147,2001-01-01 11:56:09.431 +0000,,,,4.046704,-0.088073,0.656902
4.079468,0.709087,0.781041,4.213655,42969.41148,2001-01-01 11:56:09.411 +0000,,,,8.126172,0.621014,1.437943
4.732987,0.510689,0.913143,4.847247,42969.39152,2001-01-01 11:56:09.392 +0000,,,,4.732987,0.510689,0.913143
5.279742,0.027362,1.30281,5.438175,42969.37153,2001-01-01 11:56:09.372 +0000,,,,10.012729,0.538051,2.215953
4.828919,0.503857,1.988731,5.246655,42969.35157,2001-01-01 11:56:09.352 +0000,,,,4.828919,0.503857,1.988731
4.738337,2.266076,2.543229,5.835662,42969.33158,2001-01-01 11:56:09.332 +0000,,,,9.567256,2.769933,4.53196
5.70854,2.7326,2.658566,6.864583,42969.31162,2001-01-01 11:56:09.312 +0000,,,,5.70854,2.7326,2.658566
6.26369,2.041748,2.700519,7.120067,42969.29163,2001-01-01 11:56:09.292 +0000,,,,11.97223,4.774348,5.359085
6.305532,1.006941,2.945097,7.031875,42969.27165,2001-01-01 11:56:09.272 +0000,,,,6.305532,1.006941,2.945097
6.307015,0.485377,3.113213,7.050257,42969.25169,2001-01-01 11:56:09.252 +0000,,,,12.612547,1.492318,6.05831
5.775952,1.291691,3.229247,6.742264,42969.2317,2001-01-01 11:56:09.232 +0000,,,,5.775952,1.291691,3.229247
4.796274,2.664122,3.232796,6.368105,42969.21174,2001-01-01 11:56:09.212 +0000,,,,10.572226,3.955813,6.462043
3.448578,2.79959,2.846149,5.275506,42969.19175,2001-01-01 11:56:09.192 +0000,,,,3.448578,2.79959,2.846149
2.490238,1.028328,1.964043,3.334097,42969.17179,2001-01-01 11:56:09.172 +0000,,,,5.938816,3.827918,4.810192
1.576768,0.115738,1.092728,1.921887,42969.1518,2001-01-01 11:56:09.152 +0000,,,,1.576768,0.115738,1.092728
0.433098,1.183035,0.958161,1.582788,42969.13184,2001-01-01 11:56:09.132 +0000,,,,2.009866,1.298773,2.050889
-0.728238,1.241368,1.195923,1.871245,42969.11186,2001-01-01 11:56:09.112 +0000,,,,-0.728238,1.241368,1.195923
-1.561046,0.161718,1.229566,1.993703,42969.0919,2001-01-01 11:56:09.092 +0000,,,,-2.289284,1.403086,2.425489
-1.703064,-0.524111,0.928083,2.009094,42969.07191,2001-01-01 11:56:09.072 +0000,,,,-1.703064,-0.524111,0.928083
-1.48461,-0.686249,0.350866,1.672756,42969.05195,2001-01-01 11:56:09.052 +0000,,,,-3.187674,-1.21036,1.278949
-1.089818,-1.133827,-0.256442,1.593433,42969.03196,2001-01-01 11:56:09.032 +0000,,,,-1.089818,-1.133827,-0.256442
-0.889823,-1.662452,-0.841336,2.064795,42969.012,2001-01-01 11:56:09.012 +0000,,,,-1.979641,-2.796279,-1.097778
-1.004185,-1.863611,-1.163183,2.415456,42968.99201,2001-01-01 11:56:08.992 +0000,,,,-1.004185,-1.863611,-1.163183
-1.206625,-2.12258,-1.146749,2.697466,42968.97202,2001-01-01 11:56:08.972 +0000,,,,-2.21081,-3.986191,-2.309932
-0.975061,-2.085934,-1.043777,2.528109,42968.95207,2001-01-01 11:56:08.952 +0000,,,,-0.975061,-2.085934,-1.043777
-0.873122,-2.373469,-1.464369,2.92234,42968.93209,2001-01-01 11:56:08.932 +0000,,,,-1.848183,-4.459403,-2.508146
-0.75921,-3.342234,-2.096731,4.017862,42968.91213,2001-01-01 11:56:08.912 +0000,,,,-0.75921,-3.342234,-2.096731
-0.655873,-4.166009,-2.680407,4.997037,42968.89214,2001-01-01 11:56:08.892 +0000,,,,-1.415083,-7.508243,-4.777138
-0.307661,-4.613926,-2.983503,5.503113,42968.87218,2001-01-01 11:56:08.872 +0000,,,,-0.307661,-4.613926,-2.983503
0.35787,-4.76442,-3.294881,5.803793,42968.8522,2001-01-01 11:56:08.852 +0000,,,,0.050209,-9.378346,-6.278384
0.518397,-5.201184,-3.769167,6.444196,42968.83224,2001-01-01 11:56:08.832 +0000,,,,0.518397,-5.201184,-3.769167
0.541064,-5.582612,-4.226368,7.022855,42968.81225,2001-01-01 11:56:08.812 +0000,,,,1.059461,-10.783796,-7.995535
0.73911,-5.704918,-4.630733,7.384854,42968.79229,2001-01-01 11:56:08.792 +0000,,,,0.73911,-5.704918,-4.630733
1.163883,-5.728679,-4.885313,7.618311,42968.7723,2001-01-01 11:56:08.772 +0000,,,,1.902993,-11.433597,-9.516046
1.802984,-6.219936,-5.139313,8.26746,42968.75234,2001-01-01 11:56:08.752 +0000,,,,1.802984,-6.219936,-5.139313
2.276986,-6.769833,-5.364349,8.932611,42968.73235,2001-01-01 11:56:08.732 +0000,,,,4.07997,-12.989769,-10.503662
2.566074,-7.062981,-5.528289,9.329117,42968.71239,2001-01-01 11:56:08.712 +0000,,,,2.566074,-7.062981,-5.528289
2.919782,-6.915944,-5.62033,9.377821,42968.69241,2001-01-01 11:56:08.692 +0000,,,,5.485856,-13.978925,-11.148619
3.123911,-6.188728,-5.400816,8.787946,42968.67242,2001-01-01 11:56:08.672 +0000,,,,3.123911,-6.188728,-5.400816
2.978985,-5.329273,-5.020535,7.904509,42968.65246,2001-01-01 11:56:08.652 +0000,,,,6.102896,-11.518001,-10.421351
2.68068,-4.712199,-4.821208,7.254992,42968.63247,2001-01-01 11:56:08.632 +0000,,,,2.68068,-4.712199,-4.821208
2.387397,-4.114749,-4.376037,6.463785,42968.61251,2001-01-01 11:56:08.613 +0000,,,,5.068077,-8.826948,-9.197245
2.251605,-3.169598,-3.808937,5.442801,42968.59252,2001-01-01 11:56:08.593 +0000,,,,2.251605,-3.169598,-3.808937
2.097862,-2.579452,-3.343571,4.715301,42968.57256,2001-01-01 11:56:08.573 +0000,,,,4.349467,-5.74905,-7.152508
1.983978,-2.296531,-3.060885,4.310364,42968.55257,2001-01-01 11:56:08.553 +0000,,,,1.983978,-2.296531,-3.060885
1.774289,-2.109415,-2.721954,3.873857,42968.53262,2001-01-01 11:56:08.533 +0000,,,,3.758267,-4.405946,-5.782839
1.552458,-1.593792,-2.218378,3.141895,42968.51263,2001-01-01 11:56:08.513 +0000,,,,1.552458,-1.593792,-2.218378
1.349538,-1.232643,-1.723872,2.512448,42968.49267,2001-01-01 11:56:08.493 +0000,,,,2.901996,-2.826435,-3.94225
1.139677,-1.197487,-1.234937,2.063471,42968.47268,2001-01-01 11:56:08.473 +0000,,,,1.139677,-1.197487,-1.234937
0.925258,-1.083983,-0.93751,1.705886,42968.45272,2001-01-01 11:56:08.453 +0000,,,,2.064935,-2.28147,-2.172447
0.780435,-0.868496,-0.774522,1.40116,42968.43273,2001-01-01 11:56:08.433 +0000,,,,0.780435,-0.868496,-0.774522
0.502497,-0.603806,-0.491825,0.92681,42968.41277,2001-01-01 11:56:08.413 +0000,,,,1.282932,-1.472302,-1.266347
0.108977,-0.214613,-0.22948,0.33256,42968.39278,2001-01-01 11:56:08.393 +0000,,,,0.108977,-0.214613,-0.22948
-0.058865,0.031508,-0.162897,0.176049,42968.3728,2001-01-01 11:56:08.373 +0000,,,,0.050112,-0.183105,-0.392377
-0.067763,0.008886,-0.261198,0.269991,42968.35284,2001-01-01 11:56:08.353 +0000,,,,-0.067763,0.008886,-0.261198
0.051163,-0.107169,-0.271834,0.296642,42968.33285,2001-01-01 11:56:08.333 +0000,,,,-0.0166,-0.098283,-0.533032
0.046829,-0.158174,-0.219367,0.27447,42968.31289,2001-01-01 11:56:08.313 +0000,,,,0.046829,-0.158174,-0.219367
-0.033604,-0.121879,-0.165515,0.208276,42968.2929,2001-01-01 11:56:08.293 +0000,,,,0.013225,-0.280053,-0.384882
-0.119741,0.048526,-0.155874,0.202458,42968.27294,2001-01-01 11:56:08.273 +0000,,,,-0.119741,0.048526,-0.155874
-0.131736,0.077335,-0.133595,0.202935,42968.25295,2001-01-01 11:56:08.253 +0000,,,,-0.251477,0.125861,-0.289469
-0.019779,0.01361,-0.089925,0.093075,42968.23299,2001-01-01 11:56:08.233 +0000,,,,-0.019779,0.01361,-0.089925
0.057125,-0.052318,-0.064651,0.100897,42968.21301,2001-01-01 11:56:08.213 +0000,,,,0.037346,-0.038708,-0.154576
-0.002949,0.009462,-0.049197,0.050186,42968.19305,2001-01-01 11:56:08.193 +0000,,,,-0.002949,0.009462,-0.049197
-0.118641,0.134009,-0.051385,0.186211,42968.17306,2001-01-01 11:56:08.173 +0000,,,,-0.12159,0.143471,-0.100582
-0.108057,0.171259,-0.068511,0.213775,42968.1531,2001-01-01 11:56:08.153 +0000,,,,-0.108057,0.171259,-0.068511
-0.009493,0.074372,-0.07613,0.106851,42968.13311,2001-01-01 11:56:08.133 +0000,,,,-0.11755,0.245631,-0.144641
0.083647,0.003037,-0.08813,0.121544,42968.11315,2001-01-01 11:56:08.113 +0000,,,,0.083647,0.003037,-0.08813
0.139276,0.010434,-0.128378,0.189704,42968.09316,2001-01-01 11:56:08.093 +0000,,,,0.222923,0.013471,-0.216508
0.050387,0.092409,-0.12279,0.161727,42968.07317,2001-01-01 11:56:08.073 +0000,,,,0.050387,0.092409,-0.12279
-0.094459,0.175629,-0.028896,0.201502,42968.05322,2001-01-01 11:56:08.053 +0000,,,,-0.044072,0.268038,-0.151686
-0.028992,0.037279,0.006114,0.047619,42968.03323,2001-01-01 11:56:08.033 +0000,,,,-0.028992,0.037279,0.006114
0.201915,-0.210999,-0.088887,0.305272,42968.01327,2001-01-01 11:56:08.013 +0000,,,,0.172923,-0.17372,-0.082773
0.001038,-0.022314,0.022506,0.03171,42967.99328,2001-01-01 11:56:07.993 +0000,,,,0.001038,-0.022314,0.022506
-0.115626,0.106891,0.179507,0.238785,42967.97332,2001-01-01 11:56:07.973 +0000,,,,-0.114588,0.084577,0.202013
-0.060789,0.006794,0.179081,0.189239,42967.95333,2001-01-01 11:56:07.953 +0000,,,,-0.060789,0.006794,0.179081
0.057623,-0.143512,0.103356,0.186007,42967.93341,2001-01-01 11:56:07.933 +0000,,,,-0.003166,-0.136718,0.282437
0.027633,-0.103073,0.095564,0.143248,42967.91342,2001-01-01 11:56:07.913 +0000,,,,0.027633,-0.103073,0.095564
0.121629,-0.162625,0.109182,0.230568,42967.89346,2001-01-01 11:56:07.893 +0000,,,,0.149262,-0.265698,0.204746
0.121856,-0.165909,0.073932,0.218725,42967.87347,2001-01-01 11:56:07.873 +0000,,,,0.121856,-0.165909,0.073932
0.023689,-0.103209,0.042112,0.113959,42967.85351,2001-01-01 11:56:07.854 +0000,,,,0.145545,-0.269118,0.116044
-0.031941,-0.075522,0.054484,0.098449,42967.83352,2001-01-01 11:56:07.834 +0000,,,,-0.031941,-0.075522,0.054484
0.028766,-0.090342,0.074167,0.120374,42967.81357,2001-01-01 11:56:07.814 +0000,,,,-0.003175,-0.165864,0.128651
0.095976,-0.099887,0.071441,0.155861,42967.79358,2001-01-01 11:56:07.794 +0000,,,,0.095976,-0.099887,0.071441
0.051434,-0.101077,0.034814,0.118634,42967.77359,2001-01-01 11:56:07.774 +0000,,,,0.14741,-0.200964,0.106255
-0.041666,-0.01381,0.027538,0.051818,42967.75363,2001-01-01 11:56:07.754 +0000,,,,-0.041666,-0.01381,0.027538
-0.066347,0.010694,0.035853,0.076169,42967.73364,2001-01-01 11:56:07.734 +0000,,,,-0.108013,-0.003116,0.063391
-0.012504,-0.083055,0.018306,0.085963,42967.71368,2001-01-01 11:56:07.714 +0000,,,,-0.012504,-0.083055,0.018306
0.000347,-0.064997,-0.006232,0.065296,42967.69369,2001-01-01 11:56:07.694 +0000,,,,-0.012157,-0.148052,0.012074
-0.013721,-0.040466,0.009634,0.043802,42967.67373,2001-01-01 11:56:07.674 +0000,,,,-0.013721,-0.040466,0.009634
0.008499,-0.042508,0.038639,0.05807,42967.65374,2001-01-01 11:56:07.654 +0000,,,,-0.005222,-0.082974,0.048273
0.028983,-0.039401,-0.002903,0.048999,42967.63379,2001-01-01 11:56:07.634 +0000,,,,0.028983,-0.039401,-0.002903
0.007635,0.006312,-0.034158,0.035565,42967.6138,2001-01-01 11:56:07.614 +0000,,,,0.036618,-0.033089,-0.037061
-0.007359,-0.01068,-0.008569,0.015544,42967.59384,2001-01-01 11:56:07.594 +0000,,,,-0.007359,-0.01068,-0.008569
0.013002,-0.050047,0.004498,0.051904,42967.57385,2001-01-01 11:56:07.574 +0000,,,,0.005643,-0.060727,-0.004071
0.011848,-0.048948,0.018378,0.05361,42967.55389,2001-01-01 11:56:07.554 +0000,,,,0.011848,-0.048948,0.018378
-0.0199,-0.052256,-0.017088,0.05847,42967.5339,2001-01-01 11:56:07.534 +0000,,,,-0.008052,-0.101204,0.00129
0.016569,-0.045946,-0.060668,0.077886,42967.51394,2001-01-01 11:56:07.514 +0000,,,,0.016569,-0.045946,-0.060668
0.045389,-0.06189,-0.055088,0.094474,42967.49395,2001-01-01 11:56:07.494 +0000,,,,0.061958,-0.107836,-0.115756
0.01991,-0.104477,-0.038048,0.112958,42967.47397,2001-01-01 11:56:07.474 +0000,,,,0.01991,-0.104477,-0.038048
-0.055148,-0.07245,0.011578,0.091784,42967.45401,2001-01-01 11:56:07.454 +0000,,,,-0.035238,-0.176927,-0.02647
-0.083941,-0.075654,0.016735,0.114235,42967.43402,2001-01-01 11:56:07.434 +0000,,,,-0.083941,-0.075654,0.016735
-0.029563,-0.057549,-0.001112,0.064708,42967.41406,2001-01-01 11:56:07.414 +0000,,,,-0.113504,-0.133203,0.015623
-0.004236,-0.019151,0.010709,0.022347,42967.39407,2001-01-01 11:56:07.394 +0000,,,,-0.004236,-0.019151,0.010709
0.031101,-0.04471,0.003537,0.054578,42967.37411,2001-01-01 11:56:07.374 +0000,,,,0.026865,-0.063861,0.014246
0.018535,-0.06076,-0.02108,0.06693,42967.35412,2001-01-01 11:56:07.354 +0000,,,,0.018535,-0.06076,-0.02108
-0.100325,0.036131,-0.006118,0.106808,42967.33416,2001-01-01 11:56:07.334 +0000,,,,-0.08179,-0.024629,-0.027198
-0.158947,0.069046,-0.032247,0.176271,42967.31418,2001-01-01 11:56:07.314 +0000,,,,-0.158947,0.069046,-0.032247
-0.052291,0.012747,0.000681,0.053827,42967.29422,2001-01-01 11:56:07.294 +0000,,,,-0.211238,0.081793,-0.031566
-0.006446,0.000017,0.008505,0.010671,42967.27423,2001-01-01 11:56:07.274 +0000,,,,-0.006446,0.000017,0.008505
0.009791,-0.060676,0.01519,0.06331,42967.25427,2001-01-01 11:56:07.254 +0000,,,,0.003345,-0.060659,0.023695
-0.008418,-0.056399,0.026809,0.063011,42967.23428,2001-01-01 11:56:07.234 +0000,,,,-0.008418,-0.056399,0.026809
-0.041912,0.029881,0.033828,0.061595,42967.21429,2001-01-01 11:56:07.214 +0000,,,,-0.05033,-0.026518,0.060637
-0.057969,0.066046,0.016525,0.089418,42967.19433,2001-01-01 11:56:07.194 +0000,,,,-0.057969,0.066046,0.016525
-0.052165,-0.013885,0.000754,0.053986,42967.17434,2001-01-01 11:56:07.174 +0000,,,,-0.110134,0.052161,0.017279
-0.045767,-0.026639,0.010449,0.053976,42967.15439,2001-01-01 11:56:07.154 +0000,,,,-0.045767,-0.026639,0.010449
-0.03631,0.003193,0.009363,0.037633,42967.1344,2001-01-01 11:56:07.134 +0000,,,,-0.082077,-0.023446,0.019812
-0.003041,-0.012826,-0.016013,0.02074,42967.11444,2001-01-01 11:56:07.114 +0000,,,,-0.003041,-0.012826,-0.016013
-0.014887,0.016985,-0.01938,0.029761,42967.09445,2001-01-01 11:56:07.094 +0000,,,,-0.017928,0.004159,-0.035393
-0.068403,0.045745,-0.00486,0.082433,42967.07449,2001-01-01 11:56:07.074 +0000,,,,-0.068403,0.045745,-0.00486
-0.016999,0.007407,-0.015094,0.023909,42967.0545,2001-01-01 11:56:07.055 +0000,,,,-0.085402,0.053152,-0.019954
0.029748,0.026641,-0.005214,0.040272,42967.03454,2001-01-01 11:56:07.035 +0000,,,,0.029748,0.026641,-0.005214
0.017128,-0.011713,-0.003058,0.020974,42967.01455,2001-01-01 11:56:07.015 +0000,,,,0.046876,0.014928,-0.008272
0.027971,-0.077698,0.018565,0.084641,42966.9946,2001-01-01 11:56:06.995 +0000,,,,0.027971,-0.077698,0.018565
0.012524,-0.017953,0.058901,0.062838,42966.97461,2001-01-01 11:56:06.975 +0000,,,,0.040495,-0.095651,0.077466
-0.051835,0.061907,0.063593,0.102778,42966.95465,2001-01-01 11:56:06.955 +0000,,,,-0.051835,0.061907,0.063593
-0.089857,0.011765,0.045308,0.101319,42966.93466,2001-01-01 11:56:06.935 +0000,,,,-0.141692,0.073672,0.108901
-0.110944,-0.035125,0.044224,0.124492,42966.9147,2001-01-01 11:56:06.915 +0000,,,,-0.110944,-0.035125,0.044224
-0.138785,-0.006386,0.04289,0.145402,42966.89475,2001-01-01 11:56:06.895 +0000,,,,-0.249729,-0.041511,0.087114
-0.141797,0.01905,-0.008488,0.143323,42966.87476,2001-01-01 11:56:06.875 +0000,,,,-0.141797,0.01905,-0.008488
-0.139728,0.087119,-0.052468,0.172819,42966.8548,2001-01-01 11:56:06.855 +0000,,,,-0.281525,0.106169,-0.060956
-0.059798,0.077613,-0.043355,0.107141,42966.83481,2001-01-01 11:56:06.835 +0000,,,,-0.059798,0.077613,-0.043355
0.068328,0.07336,-0.07774,0.126862,42966.81485,2001-01-01 11:56:06.815 +0000,,,,0.00853,0.150973,-0.121095
0.077803,0.107437,-0.085248,0.157681,42966.79486,2001-01-01 11:56:06.795 +0000,,,,0.077803,0.107437,-0.085248
0.051788,0.075705,0.012966,0.092636,42966.7749,2001-01-01 11:56:06.775 +0000,,,,0.129591,0.183142,-0.072282
0.054573,-0.030881,-0.011301,0.063715,42966.75491,2001-01-01 11:56:06.755 +0000,,,,0.054573,-0.030881,-0.011301
0.047393,-0.107551,0.002749,0.117563,42966.73496,2001-01-01 11:56:06.735 +0000,,,,0.101966,-0.138432,-0.008552
0.055058,-0.169294,0.017928,0.178922,42966.71497,2001-01-01 11:56:06.715 +0000,,,,0.055058,-0.169294,0.017928
-0.049531,-0.103397,-0.011807,0.115255,42966.69501,2001-01-01 11:56:06.695 +0000,,,,0.005527,-0.272691,0.006121
-0.201344,-0.023579,0.001911,0.202728,42966.67502,2001-01-01 11:56:06.675 +0000,,,,-0.201344,-0.023579,0.001911
-0.199544,0.032908,0.012455,0.202623,42966.65503,2001-01-01 11:56:06.655 +0000,,,,-0.400888,0.009329,0.014366
-0.139787,-0.001098,0.027909,0.14255,42966.63507,2001-01-01 11:56:06.635 +0000,,,,-0.139787,-0.001098,0.027909
-0.042602,-0.017055,0.008307,0.046635,42966.61508,2001-01-01 11:56:06.615 +0000,,,,-0.182389,-0.018153,0.036216
-0.018535,0.075644,0.009286,0.078434,42966.59512,2001-01-01 11:56:06.595 +0000,,,,-0.018535,0.075644,0.009286
-0.100344,0.181172,0.059736,0.215547,42966.57514,2001-01-01 11:56:06.575 +0000,,,,-0.118879,0.256816,0.069022
-0.045365,0.086333,0.031515,0.102491,42966.55518,2001-01-01 11:56:06.555 +0000,,,,-0.045365,0.086333,0.031515
0.029233,-0.079905,-0.012408,0.085985,42966.53519,2001-01-01 11:56:06.535 +0000,,,,-0.016132,0.006428,0.019107
0.055904,-0.063949,-0.029367,0.089873,42966.51523,2001-01-01 11:56:06.515 +0000,,,,0.055904,-0.063949,-0.029367
0.099648,-0.103272,-0.005458,0.143613,42966.49524,2001-01-01 11:56:06.495 +0000,,,,0.155552,-0.167221,-0.034825
0.102767,-0.100048,0.00524,0.14352,42966.47528,2001-01-01 11:56:06.475 +0000,,,,0.102767,-0.100048,0.00524
0.042428,0.016064,0.021613,0.050253,42966.45529,2001-01-01 11:56:06.455 +0000,,,,0.145195,-0.083984,0.026853
0.004024,0.003292,0.037416,0.037776,42966.43533,2001-01-01 11:56:06.435 +0000,,,,0.004024,0.003292,0.037416
0.062132,-0.125538,0.047775,0.147995,42966.41535,2001-01-01 11:56:06.415 +0000,,,,0.066156,-0.122246,0.085191
0.083185,-0.039297,0.023107,0.094857,42966.39539,2001-01-01 11:56:06.395 +0000,,,,0.083185,-0.039297,0.023107
0.046006,-0.068081,0.025071,0.085908,42966.3754,2001-01-01 11:56:06.375 +0000,,,,0.129191,-0.107378,0.048178
0.00828,-0.012649,0.051379,0.053557,42966.35541,2001-01-01 11:56:06.355 +0000,,,,0.00828,-0.012649,0.051379
-0.009244,0.110861,0.031692,0.115672,42966.33545,2001-01-01 11:56:06.335 +0000,,,,-0.000964,0.098212,0.083071
0.134249,0.043707,-0.026994,0.143742,42966.31546,2001-01-01 11:56:06.315 +0000,,,,0.134249,0.043707,-0.026994
0.287106,-0.053112,-0.023562,0.292926,42966.2955,2001-01-01 11:56:06.296 +0000,,,,0.421355,-0.009405,-0.050556
0.290117,-0.043464,-0.000061,0.293355,42966.27551,2001-01-01 11:56:06.276 +0000,,,,0.290117,-0.043464,-0.000061
0.24302,-0.026404,0.019877,0.245257,42966.25556,2001-01-01 11:56:06.256 +0000,,,,0.533137,-0.069868,0.019816
0.153398,-0.050884,0.054599,0.170591,42966.23557,2001-01-01 11:56:06.236 +0000,,,,0.153398,-0.050884,0.054599
0.061411,0.023605,0.049502,0.082334,42966.21561,2001-01-01 11:56:06.216 +0000,,,,0.214809,-0.027279,0.104101
0.053797,0.049179,0.054723,0.091144,42966.19562,2001-01-01 11:56:06.196 +0000,,,,0.053797,0.049179,0.054723
0.126435,-0.013562,0.077823,0.149085,42966.17566,2001-01-01 11:56:06.176 +0000,,,,0.180232,0.035617,0.132546
0.101748,0.000314,0.095783,0.139739,42966.15567,2001-01-01 11:56:06.156 +0000,,,,0.101748,0.000314,0.095783
0.040864,0.036471,0.088863,0.104387,42966.13571,2001-01-01 11:56:06.136 +0000,,,,0.142612,0.036785,0.184646
0.00035,0.025815,0.099304,0.102605,42966.11572,2001-01-01 11:56:06.116 +0000,,,,0.00035,0.025815,0.099304
-0.040299,0.024783,0.124676,0.133351,42966.09574,2001-01-01 11:56:06.096 +0000,,,,-0.039949,0.050598,0.22398
-0.01271,0.07057,0.108711,0.130229,42966.07578,2001-01-01 11:56:06.076 +0000,,,,-0.01271,0.07057,0.108711
0.073276,-0.073192,0.10327,0.146257,42966.05579,2001-01-01 11:56:06.056 +0000,,,,0.060566,-0.002622,0.211981
0.098186,-0.199855,0.137975,0.261954,42966.03583,2001-01-01 11:56:06.036 +0000,,,,0.098186,-0.199855,0.137975
0.044019,-0.032614,0.151046,0.160674,42966.01584,2001-01-01 11:56:06.016 +0000,,,,0.142205,-0.232469,0.289021
0.019753,0.011917,0.073828,0.077349,42965.99588,2001-01-01 11:56:05.996 +0000,,,,0.019753,0.011917,0.073828
-0.000764,0.038592,0.097124,0.104513,42965.97589,2001-01-01 11:56:05.976 +0000,,,,0.018989,0.050509,0.170952
-0.115103,0.101357,0.096182,0.181033,42965.95593,2001-01-01 11:56:05.956 +0000,,,,-0.115103,0.101357,0.096182
-0.199559,0.181138,0.075094,0.279774,42965.93595,2001-01-01 11:56:05.936 +0000,,,,-0.314662,0.282495,0.171276
-0.206585,0.124604,0.047419,0.24587,42965.91602,2001-01-01 11:56:05.916 +0000,,,,-0.206585,0.124604,0.047419
-0.104353,-0.036265,0.012216,0.111148,42965.89603,2001-01-01 11:56:05.896 +0000,,,,-0.310938,0.088339,0.059635
0.006562,-0.215267,-0.034631,0.218134,42965.87608,2001-01-01 11:56:05.876 +0000,,,,0.006562,-0.215267,-0.034631
-0.078347,-0.068319,-0.033467,0.109205,42965.85609,2001-01-01 11:56:05.856 +0000,,,,-0.071785,-0.283586,-0.068098
-0.128003,0.026528,-0.004141,0.130789,42965.83613,2001-01-01 11:56:05.836 +0000,,,,-0.128003,0.026528,-0.004141
0.029271,-0.065037,-0.030613,0.077612,42965.81614,2001-01-01 11:56:05.816 +0000,,,,-0.098732,-0.038509,-0.034754
0.080395,-0.030963,-0.05173,0.100489,42965.79615,2001-01-01 11:56:05.796 +0000,,,,0.080395,-0.030963,-0.05173
0.037181,0.065994,-0.031984,0.082223,42965.77619,2001-01-01 11:56:05.776 +0000,,,,0.117576,0.035031,-0.083714
0.01379,0.080837,-0.053552,0.097942,42965.7562,2001-01-01 11:56:05.756 +0000,,,,0.01379,0.080837,-0.053552
-0.004072,0.071148,-0.088907,0.113944,42965.73624,2001-01-01 11:56:05.736 +0000,,,,0.009718,0.151985,-0.142459
-0.02182,-0.056598,-0.049145,0.078068,42965.71626,2001-01-01 11:56:05.716 +0000,,,,-0.02182,-0.056598,-0.049145
-0.034008,0.000997,-0.017328,0.038182,42965.6963,2001-01-01 11:56:05.696 +0000,,,,-0.055828,-0.055601,-0.066473
-0.063486,0.08951,0.029247,0.113569,42965.67631,2001-01-01 11:56:05.676 +0000,,,,-0.063486,0.08951,0.029247
-0.00307,-0.056403,0.02364,0.061234,42965.65635,2001-01-01 11:56:05.656 +0000,,,,-0.066556,0.033107,0.052887
-0.034133,-0.151427,-0.053244,0.164104,42965.63636,2001-01-01 11:56:05.636 +0000,,,,-0.034133,-0.151427,-0.053244
-0.013737,-0.152536,-0.076611,0.171246,42965.6164,2001-01-01 11:56:05.616 +0000,,,,-0.04787,-0.303963,-0.129855
0.043709,-0.115238,-0.088078,0.151486,42965.59641,2001-01-01 11:56:05.596 +0000,,,,0.043709,-0.115238,-0.088078
0.055304,-0.054575,-0.114878,0.138686,42965.57645,2001-01-01 11:56:05.576 +0000,,,,0.099013,-0.169813,-0.202956
-0.066088,-0.029196,-0.154232,0.170316,42965.55647,2001-01-01 11:56:05.556 +0000,,,,-0.066088,-0.029196,-0.154232
-0.221018,0.177547,-0.07677,0.29371,42965.53648,2001-01-01 11:56:05.536 +0000,,,,-0.287106,0.148351,-0.231002
-0.294303,0.470644,0.003146,0.555095,42965.51652,2001-01-01 11:56:05.517 +0000,,,,-0.294303,0.470644,0.003146
-0.146866,0.388742,0.009706,0.415673,42965.49653,2001-01-01 11:56:05.497 +0000,,,,-0.441169,0.859386,0.012852
0.055453,0.014913,-0.016762,0.05982,42965.47657,2001-01-01 11:56:05.477 +0000,,,,0.055453,0.014913,-0.016762
0.047477,-0.147986,0.021024,0.156831,42965.45658,2001-01-01 11:56:05.457 +0000,,,,0.10293,-0.133073,0.004262
0.000157,-0.058539,0.020462,0.062012,42965.43662,2001-01-01 11:56:05.437 +0000,,,,0.000157,-0.058539,0.020462
0.001807,0.062863,0.004115,0.063023,42965.41663,2001-01-01 11:56:05.417 +0000,,,,0.001964,0.004324,0.024577
-0.125263,0.290828,0.040036,0.319178,42965.39668,2001-01-01 11:56:05.397 +0000,,,,-0.125263,0.290828,0.040036
-0.260875,0.527299,0.071602,0.592644,42965.37669,2001-01-01 11:56:05.377 +0000,,,,-0.386138,0.818127,0.111638
-0.304808,0.559259,0.085109,0.64259,42965.35673,2001-01-01 11:56:05.357 +0000,,,,-0.304808,0.559259,0.085109
-0.228189,0.325027,0.114044,0.413181,42965.33674,2001-01-01 11:56:05.337 +0000,,,,-0.532997,0.884286,0.199153
-0.021965,0.089559,0.037006,0.099362,42965.31678,2001-01-01 11:56:05.317 +0000,,,,-0.021965,0.089559,0.037006
0.092197,0.172965,0.129442,0.234888,42965.29679,2001-01-01 11:56:05.297 +0000,,,,0.070232,0.262524,0.166448
-0.132123,0.55557,0.263657,0.628991,42965.27683,2001-01-01 11:56:05.277 +0000,,,,-0.132123,0.55557,0.263657
-0.321745,0.647885,0.17344,0.743879,42965.25684,2001-01-01 11:56:05.257 +0000,,,,-0.453868,1.203455,0.437097
-0.304493,0.359872,0.012995,0.471585,42965.23685,2001-01-01 11:56:05.237 +0000,,,,-0.304493,0.359872,0.012995
-0.200114,0.205377,-0.02969,0.288283,42965.2169,2001-01-01 11:56:05.217 +0000,,,,-0.504607,0.565249,-0.016695
-0.212487,0.274744,0.023464,0.348117,42965.19691,2001-01-01 11:56:05.197 +0000,,,,-0.212487,0.274744,0.023464
-0.352016,0.455783,0.041263,0.57737,42965.17695,2001-01-01 11:56:05.177 +0000,,,,-0.564503,0.730527,0.064727
-0.54398,0.512037,0.015239,0.747214,42965.15696,2001-01-01 11:56:05.157 +0000,,,,-0.54398,0.512037,0.015239
-0.601386,0.542764,-0.034384,0.810827,42965.137,2001-01-01 11:56:05.137 +0000,,,,-1.145366,1.054801,-0.019145
