x_rad_per_sec,y_rad_per_sec,z_rad_per_sec,rms_rad_per_sec,TimeInterval,Date,,,,X_Gangle,Y_Gangle,Z_Gangle
-0.004963,-0.019293,-0.045927,0.050061,5194.609228,2001-01-01 01:26:34.609 +0000,,,,-0.004963,-0.019293,-0.045927
-0.008364,-0.018148,-0.012829,0.023746,5194.589239,2001-01-01 01:26:34.589 +0000,,,,-0.013327,-0.037441,-0.058756
-0.02439,-0.008575,-0.014032,0.029416,5194.569281,2001-01-01 01:26:34.569 +0000,,,,-0.037717,-0.046016,-0.072788
-0.024416,-0.004311,-0.012975,0.027984,5194.549292,2001-01-01 01:26:34.549 +0000,,,,-0.062133,-0.050327,-0.085763
-0.012664,-0.011757,-0.011807,0.020928,5194.529333,2001-01-01 01:26:34.529 +0000,,,,-0.074797,-0.062084,-0.09757
-0.013729,-0.011758,-0.011814,0.021594,5194.509344,2001-01-01 01:26:34.509 +0000,,,,-0.088526,-0.073842,-0.109384
-0.013729,-0.011758,-0.011814,0.021594,5194.489386,2001-01-01 01:26:34.489 +0000,,,,-0.102255,-0.0856,-0.121198
-0.012652,-0.012825,-0.012873,0.022142,5194.469397,2001-01-01 01:26:34.469 +0000,,,,-0.114907,-0.098425,-0.134071
-0.014779,-0.013892,-0.012884,0.024029,5194.449408,2001-01-01 01:26:34.449 +0000,,,,-0.129686,-0.112317,-0.146955
-0.014774,-0.014957,-0.012881,0.024655,5194.429449,2001-01-01 01:26:34.429 +0000,,,,-0.14446,-0.127274,-0.159836
-0.014774,-0.014957,-0.012881,0.024655,5194.40946,2001-01-01 01:26:34.409 +0000,,,,-0.159234,-0.142231,-0.172717
-0.014785,-0.013889,-0.011816,0.023476,5194.389502,2001-01-01 01:26:34.390 +0000,,,,-0.174019,-0.15612,-0.184533
-0.014785,-0.013889,-0.011816,0.023476,5194.36953,2001-01-01 01:26:34.370 +0000,,,,-0.188804,-0.170009,-0.196349
-0.016927,-0.01176,-0.011836,0.023768,5194.349571,2001-01-01 01:26:34.350 +0000,,,,-0.205731,-0.181769,-0.208185
-0.012647,-0.01389,-0.01287,0.022771,5194.329582,2001-01-01 01:26:34.330 +0000,,,,-0.218378,-0.195659,-0.221055
-0.013746,-0.009624,-0.010752,0.019929,5194.309624,2001-01-01 01:26:34.310 +0000,,,,-0.232124,-0.205283,-0.231807
-0.015865,-0.009631,-0.012903,0.022604,5194.289635,2001-01-01 01:26:34.290 +0000,,,,-0.247989,-0.214914,-0.24471
-0.016942,-0.008564,-0.011845,0.022376,5194.269676,2001-01-01 01:26:34.270 +0000,,,,-0.264931,-0.223478,-0.256555
-0.014828,-0.007492,-0.009696,0.019236,5194.249687,2001-01-01 01:26:34.250 +0000,,,,-0.279759,-0.23097,-0.266251
-0.017986,-0.011763,-0.012912,0.025072,5194.229698,2001-01-01 01:26:34.230 +0000,,,,-0.297745,-0.242733,-0.279163
-0.016931,-0.009632,-0.01291,0.023369,5194.20974,2001-01-01 01:26:34.210 +0000,,,,-0.314676,-0.252365,-0.292073
-0.015798,-0.012848,-0.021442,0.029571,5194.189751,2001-01-01 01:26:34.190 +0000,,,,-0.330474,-0.265213,-0.313515
-0.010459,-0.014975,-0.0214,0.028136,5194.169792,2001-01-01 01:26:34.170 +0000,,,,-0.340933,-0.280188,-0.334915
-0.013049,-0.017975,0.05766,0.061791,5194.149803,2001-01-01 01:26:34.150 +0000,,,,-0.353982,-0.298163,-0.277255
-0.024019,-0.007221,0.101366,0.104423,5194.129845,2001-01-01 01:26:34.130 +0000,,,,-0.378001,-0.305384,-0.175889
-0.020551,-0.005206,0.054369,0.058356,5194.109856,2001-01-01 01:26:34.110 +0000,,,,-0.398552,-0.31059,-0.12152
-0.331563,0.374296,0.251051,0.559515,5194.089897,2001-01-01 01:26:34.090 +0000,,,,-0.730115,0.063706,0.129531
-0.074754,-0.046773,0.061596,0.107564,5194.069908,2001-01-01 01:26:34.070 +0000,,,,-0.804869,0.016933,0.191127
-0.104415,0.01311,0.161673,0.192906,5194.049919,2001-01-01 01:26:34.050 +0000,,,,-0.909284,0.030043,0.3528
-0.018189,0.000016,0.011631,0.02159,5194.029961,2001-01-01 01:26:34.030 +0000,,,,-0.927473,0.030059,0.364431
-0.020323,0.00852,0.005182,0.022638,5194.009972,2001-01-01 01:26:34.010 +0000,,,,-0.947796,0.038579,0.369613
-0.021234,-0.001113,-0.012962,0.024903,5193.990013,2001-01-01 01:26:33.990 +0000,,,,-0.96903,0.037466,0.356651
-0.022225,-0.01284,-0.016143,0.030322,5193.970024,2001-01-01 01:26:33.970 +0000,,,,-0.991255,0.024626,0.340508
-0.02329,-0.011778,-0.017221,0.031268,5193.950066,2001-01-01 01:26:33.950 +0000,,,,-1.014545,0.012848,0.323287
-0.019008,-0.017099,-0.016109,0.030219,5193.930077,2001-01-01 01:26:33.930 +0000,,,,-1.033553,-0.004251,0.307178
-0.019059,-0.007509,-0.015067,0.02543,5193.910118,2001-01-01 01:26:33.910 +0000,,,,-1.052612,-0.01176,0.292111
-0.023326,-0.000068,-0.020459,0.031027,5193.890129,2001-01-01 01:26:33.890 +0000,,,,-1.075938,-0.011828,0.271652
-0.028653,-0.008578,-0.014061,0.03305,5193.87014,2001-01-01 01:26:33.870 +0000,,,,-1.104591,-0.020406,0.257591
-0.028691,-0.008562,-0.00765,0.030903,5193.850182,2001-01-01 01:26:33.850 +0000,,,,-1.133282,-0.028968,0.249941
-0.022188,-0.013918,-0.021482,0.033875,5193.830193,2001-01-01 01:26:33.830 +0000,,,,-1.15547,-0.042886,0.228459
-0.041341,-0.004377,-0.034459,0.053997,5193.810234,2001-01-01 01:26:33.810 +0000,,,,-1.196811,-0.047263,0.194
-0.024378,-0.009643,-0.015097,0.030253,5193.790245,2001-01-01 01:26:33.790 +0000,,,,-1.221189,-0.056906,0.178903
-0.015987,-0.005328,0.004181,0.017362,5193.770287,2001-01-01 01:26:33.770 +0000,,,,-1.237176,-0.062234,0.183084
-0.013908,-0.001052,0.009526,0.01689,5193.750298,2001-01-01 01:26:33.750 +0000,,,,-1.251084,-0.063286,0.19261
-0.021427,0.008535,0.011586,0.025811,5193.730339,2001-01-01 01:26:33.730 +0000,,,,-1.272511,-0.054751,0.204196
-0.034156,-0.020204,0.0244,0.046586,5193.71035,2001-01-01 01:26:33.710 +0000,,,,-1.306667,-0.074955,0.228596
-0.068488,-0.016946,0.05942,0.092242,5193.690361,2001-01-01 01:26:33.690 +0000,,,,-1.375155,-0.091901,0.288016
-0.030831,-0.020255,0.003053,0.037016,5193.670403,2001-01-01 01:26:33.670 +0000,,,,-1.405986,-0.112156,0.291069
-0.034977,-0.023497,-0.014063,0.044421,5193.650414,2001-01-01 01:26:33.650 +0000,,,,-1.440963,-0.135653,0.277006
-0.040198,-0.039493,-0.019397,0.059597,5193.630455,2001-01-01 01:26:33.630 +0000,,,,-1.481161,-0.175146,0.257609
-0.064039,-0.026589,0.035969,0.078114,5193.610466,2001-01-01 01:26:33.610 +0000,,,,-1.5452,-0.201735,0.293578
-0.070496,-0.025505,0.04554,0.087716,5193.590508,2001-01-01 01:26:33.591 +0000,,,,-1.615696,-0.22724,0.339118
-0.05985,-0.01486,0.039171,0.073057,5193.570519,2001-01-01 01:26:33.571 +0000,,,,-1.675546,-0.2421,0.378289
-0.061999,-0.018044,0.044508,0.078424,5193.55056,2001-01-01 01:26:33.551 +0000,,,,-1.737545,-0.260144,0.422797
-0.070847,-0.014727,0.095728,0.12,5193.530571,2001-01-01 01:26:33.531 +0000,,,,-1.808392,-0.274871,0.518525
-0.084864,-0.006164,0.115912,0.14379,5193.510613,2001-01-01 01:26:33.511 +0000,,,,-1.893256,-0.281035,0.634437
-0.052576,-0.010524,0.06699,0.085806,5193.490624,2001-01-01 01:26:33.491 +0000,,,,-1.945832,-0.291559,0.701427
-0.092825,-0.013849,0.027192,0.097712,5193.470635,2001-01-01 01:26:33.471 +0000,,,,-2.038657,-0.305408,0.728619
-0.10346,-0.026624,0.033566,0.11198,5193.450676,2001-01-01 01:26:33.451 +0000,,,,-2.142117,-0.332032,0.762185
-0.157956,-0.046806,0.072788,0.180109,5193.430687,2001-01-01 01:26:33.431 +0000,,,,-2.300073,-0.378838,0.834973
-0.071965,-0.29795,0.152053,0.34216,5193.410729,2001-01-01 01:26:33.411 +0000,,,,-2.372038,-0.676788,0.987026
-0.3223,-0.582943,-0.000591,0.666109,5193.39074,2001-01-01 01:26:33.391 +0000,,,,-2.694338,-1.259731,0.986435
-1.431325,0.366589,0.047044,1.478273,5193.370828,2001-01-01 01:26:33.371 +0000,,,,-4.125663,-0.893142,1.033479
-1.043524,0.135174,0.259718,1.083821,5193.350839,2001-01-01 01:26:33.351 +0000,,,,-5.169187,-0.757968,1.293197
-0.340512,-0.299847,0.324413,0.557764,5193.330881,2001-01-01 01:26:33.331 +0000,,,,-5.509699,-1.057815,1.61761
0.434908,-0.597466,-0.065963,0.741931,5193.310892,2001-01-01 01:26:33.311 +0000,,,,-5.074791,-1.655281,1.551647
-0.401941,1.066817,-0.117806,1.146095,5193.290903,2001-01-01 01:26:33.291 +0000,,,,-5.476732,-0.588464,1.433841
-2.414204,0.199818,-0.326704,2.44439,5193.270944,2001-01-01 01:26:33.271 +0000,,,,-7.890936,-0.388646,1.107137
-2.316177,-0.014856,-0.150223,2.321091,5193.250955,2001-01-01 01:26:33.251 +0000,,,,-10.207113,-0.403502,0.956914
-2.00082,-0.017759,-0.125648,2.00484,5193.230997,2001-01-01 01:26:33.231 +0000,,,,-12.207933,-0.421261,0.831266
-2.07651,-0.038008,-0.106871,2.079606,5193.211008,2001-01-01 01:26:33.211 +0000,,,,-14.284443,-0.459269,0.724395
-2.276554,-0.053178,-0.15092,2.28217,5193.191049,2001-01-01 01:26:33.191 +0000,,,,-16.560997,-0.512447,0.573475
-2.245516,0.031225,-0.061185,2.246567,5193.17106,2001-01-01 01:26:33.171 +0000,,,,-18.806513,-0.481222,0.51229
-2.082542,0.265725,-0.053243,2.100101,5193.151102,2001-01-01 01:26:33.151 +0000,,,,-20.889055,-0.215497,0.459047
-2.146633,-0.354354,-0.070155,2.176815,5193.131113,2001-01-01 01:26:33.131 +0000,,,,-23.035688,-0.569851,0.388892
-2.237722,-0.100739,-0.011622,2.240019,5193.111123,2001-01-01 01:26:33.111 +0000,,,,-25.27341,-0.67059,0.37727
-2.365406,0.009026,0.04278,2.36581,5193.091165,2001-01-01 01:26:33.091 +0000,,,,-27.638816,-0.661564,0.42005
-2.363899,-0.021988,-0.006277,2.36401,5193.071176,2001-01-01 01:26:33.071 +0000,,,,-30.002715,-0.683552,0.413773
-2.411076,-0.095708,-0.079054,2.41427,5193.051217,2001-01-01 01:26:33.051 +0000,,,,-32.413791,-0.77926,0.334719
-2.595538,-0.102193,-0.062116,2.598291,5193.031228,2001-01-01 01:26:33.031 +0000,,,,-35.009329,-0.881453,0.272603
-2.924039,-0.097025,-0.029086,2.925793,5193.01127,2001-01-01 01:26:33.011 +0000,,,,-37.933368,-0.978478,0.243517
-3.062054,0.091715,0.085937,3.064632,5192.991281,2001-01-01 01:26:32.991 +0000,,,,-40.995422,-0.886763,0.329454
-3.071385,-0.082759,0.181446,3.077853,5192.971322,2001-01-01 01:26:32.971 +0000,,,,-44.066807,-0.969522,0.5109
-3.108734,-0.223549,0.122808,3.11918,5192.951333,2001-01-01 01:26:32.951 +0000,,,,-47.175541,-1.193071,0.633708
-3.232594,-0.25376,0.005587,3.242544,5192.931344,2001-01-01 01:26:32.931 +0000,,,,-50.408135,-1.446831,0.639295
-3.157665,-0.152394,0.049626,3.16173,5192.911386,2001-01-01 01:26:32.911 +0000,,,,-53.5658,-1.599225,0.688921
-3.028101,0.070096,-0.049476,3.029316,5192.891397,2001-01-01 01:26:32.891 +0000,,,,-56.593901,-1.529129,0.639445
-3.103221,0.035789,-0.115069,3.10556,5192.871438,2001-01-01 01:26:32.871 +0000,,,,-59.697122,-1.49334,0.524376
-3.296557,0.042201,-0.050143,3.297208,5192.851449,2001-01-01 01:26:32.851 +0000,,,,-62.993679,-1.451139,0.474233
-3.504052,-0.267473,0.139493,3.517013,5192.831491,2001-01-01 01:26:32.831 +0000,,,,-66.497731,-1.718612,0.613726
-3.74648,-0.447568,0.185361,3.77767,5192.811502,2001-01-01 01:26:32.812 +0000,,,,-70.244211,-2.16618,0.799087
-3.909128,-0.424475,0.095514,3.933266,5192.791543,2001-01-01 01:26:32.792 +0000,,,,-74.153339,-2.590655,0.894601
-4.117097,-0.412878,0.10797,4.139156,5192.771554,2001-01-01 01:26:32.772 +0000,,,,-78.270436,-3.003533,1.002571
-4.255257,-0.26067,0.098075,4.264362,5192.751565,2001-01-01 01:26:32.752 +0000,,,,-82.525693,-3.264203,1.100646
-4.223184,-0.021033,0.068791,4.223796,5192.731607,2001-01-01 01:26:32.732 +0000,,,,-86.748877,-3.285236,1.169437
-4.16477,0.019497,0.071212,4.165424,5192.711618,2001-01-01 01:26:32.712 +0000,,,,-90.913647,-3.265739,1.240649
-4.063003,-0.152255,-0.055856,4.066239,5192.691659,2001-01-01 01:26:32.692 +0000,,,,-94.97665,-3.417994,1.184793
-4.110427,-0.039821,-0.235991,4.117388,5192.67167,2001-01-01 01:26:32.672 +0000,,,,-99.087077,-3.457815,0.948802
-4.126058,0.20499,-0.312626,4.142959,5192.651712,2001-01-01 01:26:32.652 +0000,,,,-103.213135,-3.252825,0.636176
-4.063775,0.000716,-0.227238,4.070124,5192.631723,2001-01-01 01:26:32.632 +0000,,,,-107.27691,-3.252109,0.408938
-4.143769,-0.281056,0.006991,4.153295,5192.611764,2001-01-01 01:26:32.612 +0000,,,,-111.420679,-3.533165,0.415929
-4.171386,-0.34765,0.222825,4.191774,5192.591775,2001-01-01 01:26:32.592 +0000,,,,-115.592065,-3.880815,0.638754
-4.217788,-0.221548,0.396336,4.242158,5192.571817,2001-01-01 01:26:32.572 +0000,,,,-119.809853,-4.102363,1.03509
-4.31077,-0.105626,0.346242,4.325943,5192.551828,2001-01-01 01:26:32.552 +0000,,,,-124.120623,-4.207989,1.381332
-4.309576,-0.127387,0.163594,4.314561,5192.531839,2001-01-01 01:26:32.532 +0000,,,,-128.430199,-4.335376,1.544926
-4.204324,-0.062791,-0.021792,4.20485,5192.51188,2001-01-01 01:26:32.512 +0000,,,,-132.634523,-4.398167,1.523134
-3.893759,-0.213701,0.030934,3.899742,5192.491891,2001-01-01 01:26:32.492 +0000,,,,-136.528282,-4.611868,1.554068
-3.612777,-0.405759,0.251329,3.644168,5192.471933,2001-01-01 01:26:32.472 +0000,,,,-140.141059,-5.017627,1.805397
-3.265618,-0.448967,0.337133,3.313532,5192.451944,2001-01-01 01:26:32.452 +0000,,,,-143.406677,-5.466594,2.14253
-2.872067,-0.323333,0.19413,2.896722,5192.431985,2001-01-01 01:26:32.432 +0000,,,,-146.278744,-5.789927,2.33666
-2.516954,-0.252983,0.10658,2.53188,5192.411996,2001-01-01 01:26:32.412 +0000,,,,-148.795698,-6.04291,2.44324
-2.160051,-0.169732,0.066022,2.167714,5192.392038,2001-01-01 01:26:32.392 +0000,,,,-150.955749,-6.212642,2.509262
-1.782114,-0.056578,0.049032,1.783686,5192.37208,2001-01-01 01:26:32.372 +0000,,,,-152.737863,-6.26922,2.558294
-1.349481,-0.033894,0.047616,1.350746,5192.352091,2001-01-01 01:26:32.352 +0000,,,,-154.087344,-6.303114,2.60591
-0.863398,-0.020805,0.027354,0.864081,5192.332132,2001-01-01 01:26:32.332 +0000,,,,-154.950742,-6.323919,2.633264
-0.484844,-0.017413,-0.005362,0.485186,5192.312143,2001-01-01 01:26:32.312 +0000,,,,-155.435586,-6.341332,2.627902
-0.182665,-0.040809,-0.078055,0.202791,5192.292185,2001-01-01 01:26:32.292 +0000,,,,-155.618251,-6.382141,2.549847
-0.013887,0.009126,-0.180697,0.181459,5192.272196,2001-01-01 01:26:32.272 +0000,,,,-155.632138,-6.373015,2.36915
-0.008266,0.037714,-0.252327,0.255264,5192.252237,2001-01-01 01:26:32.252 +0000,,,,-155.640404,-6.335301,2.116823
-0.084052,0.004129,-0.02836,0.088804,5192.232248,2001-01-01 01:26:32.232 +0000,,,,-155.724456,-6.331172,2.088463
-0.036502,-0.012675,0.054282,0.06663,5192.21229,2001-01-01 01:26:32.212 +0000,,,,-155.760958,-6.343847,2.142745
0.007523,-0.021284,0.00652,0.023497,5192.192301,2001-01-01 01:26:32.192 +0000,,,,-155.753435,-6.365131,2.149265
-0.067221,-0.036611,-0.137124,0.157041,5192.172312,2001-01-01 01:26:32.172 +0000,,,,-155.820656,-6.401742,2.012141
-0.209796,-0.289232,-0.155564,0.389704,5192.152353,2001-01-01 01:26:32.152 +0000,,,,-156.030452,-6.690974,1.856577
0.298086,0.369279,-0.236201,0.530107,5192.132364,2001-01-01 01:26:32.132 +0000,,,,-155.732366,-6.321695,1.620376
1.247179,0.038682,-0.233172,1.269378,5192.112406,2001-01-01 01:26:32.112 +0000,,,,-154.485187,-6.283013,1.387204
1.483505,0.01346,-0.164192,1.492624,5192.092417,2001-01-01 01:26:32.092 +0000,,,,-153.001682,-6.269553,1.223012
1.569045,-0.119659,0.253466,1.593884,5192.072458,2001-01-01 01:26:32.072 +0000,,,,-151.432637,-6.389212,1.476478
1.525907,-0.397409,0.381083,1.622206,5192.052469,2001-01-01 01:26:32.052 +0000,,,,-149.90673,-6.786621,1.857561
1.555608,-0.139425,0.020494,1.561978,5192.032511,2001-01-01 01:26:32.033 +0000,,,,-148.351122,-6.926046,1.878055
1.680245,0.10203,-0.160968,1.691018,5192.012522,2001-01-01 01:26:32.013 +0000,,,,-146.670877,-6.824016,1.717087
1.798141,-0.018911,0.004707,1.798246,5191.992533,2001-01-01 01:26:31.993 +0000,,,,-144.872736,-6.842927,1.721794
1.817512,-0.992034,0.214774,2.081732,5191.972574,2001-01-01 01:26:31.973 +0000,,,,-143.055224,-7.834961,1.936568
1.99439,-0.704386,0.172445,2.122142,5191.952585,2001-01-01 01:26:31.953 +0000,,,,-141.060834,-8.539347,2.109013
2.212086,-0.33604,0.012636,2.2375,5191.932627,2001-01-01 01:26:31.933 +0000,,,,-138.848748,-8.875387,2.121649
2.519059,-0.147196,0.038771,2.523654,5191.912638,2001-01-01 01:26:31.913 +0000,,,,-136.329689,-9.022583,2.16042
2.628373,-0.378689,0.301923,2.672622,5191.892679,2001-01-01 01:26:31.893 +0000,,,,-133.701316,-9.401272,2.462343
2.668944,-0.839479,0.479753,2.838688,5191.87269,2001-01-01 01:26:31.873 +0000,,,,-131.032372,-10.240751,2.942096
2.7661,-0.623656,0.280011,2.849326,5191.852732,2001-01-01 01:26:31.853 +0000,,,,-128.266272,-10.864407,3.222107
3.073373,-0.060261,0.135236,3.076937,5191.832743,2001-01-01 01:26:31.833 +0000,,,,-125.192899,-10.924668,3.357343
3.3925,0.294709,0.135356,3.407966,5191.812754,2001-01-01 01:26:31.813 +0000,,,,-121.800399,-10.629959,3.492699
3.495073,0.157532,0.202669,3.504486,5191.792795,2001-01-01 01:26:31.793 +0000,,,,-118.305326,-10.472427,3.695368
3.556146,-0.008409,0.281533,3.567283,5191.772806,2001-01-01 01:26:31.773 +0000,,,,-114.74918,-10.480836,3.976901
3.751206,0.324942,0.192189,3.770155,5191.752848,2001-01-01 01:26:31.753 +0000,,,,-110.997974,-10.155894,4.16909
3.949451,0.684879,0.08356,4.009265,5191.732859,2001-01-01 01:26:31.733 +0000,,,,-107.048523,-9.471015,4.25265
3.996136,0.525084,0.068282,4.031064,5191.7129,2001-01-01 01:26:31.713 +0000,,,,-103.052387,-8.945931,4.320932
4.013013,0.122852,0.240451,4.022086,5191.692911,2001-01-01 01:26:31.693 +0000,,,,-99.039374,-8.823079,4.561383
4.180203,0.220846,0.186819,4.1902,5191.672953,2001-01-01 01:26:31.673 +0000,,,,-94.859171,-8.602233,4.748202
4.319797,0.723215,-0.030512,4.380025,5191.652964,2001-01-01 01:26:31.653 +0000,,,,-90.539374,-7.879018,4.71769
4.399209,0.826619,-0.024915,4.476267,5191.633005,2001-01-01 01:26:31.633 +0000,,,,-86.140165,-7.052399,4.692775
4.396746,0.468028,0.138457,4.423753,5191.613016,2001-01-01 01:26:31.613 +0000,,,,-81.743419,-6.584371,4.831232
4.414061,0.218089,0.294187,4.429226,5191.593027,2001-01-01 01:26:31.593 +0000,,,,-77.329358,-6.366282,5.125419
4.42807,0.419417,0.286255,4.457091,5191.573069,2001-01-01 01:26:31.573 +0000,,,,-72.901288,-5.946865,5.411674
4.330314,0.719475,0.174723,4.393153,5191.55308,2001-01-01 01:26:31.553 +0000,,,,-68.570974,-5.22739,5.586397
4.351717,0.674357,0.017919,4.403693,5191.533121,2001-01-01 01:26:31.533 +0000,,,,-64.219257,-4.553033,5.604316
4.564986,0.595971,-0.293502,4.613071,5191.513132,2001-01-01 01:26:31.513 +0000,,,,-59.654271,-3.957062,5.310814
4.529112,0.295364,0.063955,4.539184,5191.493174,2001-01-01 01:26:31.493 +0000,,,,-55.125159,-3.661698,5.374769
4.206789,-0.042154,0.228316,4.213191,5191.473185,2001-01-01 01:26:31.473 +0000,,,,-50.91837,-3.703852,5.603085
3.907849,-0.089386,0.171933,3.91265,5191.453226,2001-01-01 01:26:31.453 +0000,,,,-47.010521,-3.793238,5.775018
3.994257,-0.041512,0.121098,3.996308,5191.433237,2001-01-01 01:26:31.433 +0000,,,,-43.016264,-3.83475,5.896116
4.111348,0.035184,0.08535,4.112384,5191.413248,2001-01-01 01:26:31.413 +0000,,,,-38.904916,-3.799566,5.981466
3.940277,0.126714,0.102111,3.943636,5191.39329,2001-01-01 01:26:31.393 +0000,,,,-34.964639,-3.672852,6.083577
3.847471,0.044371,0.002337,3.847727,5191.373328,2001-01-01 01:26:31.373 +0000,,,,-31.117168,-3.628481,6.085914
4.111406,0.008136,-0.081264,4.112217,5191.35337,2001-01-01 01:26:31.353 +0000,,,,-27.005762,-3.620345,6.00465
4.359813,-0.091028,-0.191511,4.364966,5191.333381,2001-01-01 01:26:31.333 +0000,,,,-22.645949,-3.711373,5.813139
4.22785,-0.097588,-0.220165,4.234704,5191.313422,2001-01-01 01:26:31.313 +0000,,,,-18.418099,-3.808961,5.592974
3.596554,-0.024114,-0.047253,3.596945,5191.293433,2001-01-01 01:26:31.293 +0000,,,,-14.821545,-3.833075,5.545721
2.830428,0.015017,0.063938,2.83119,5191.273475,2001-01-01 01:26:31.273 +0000,,,,-11.991117,-3.818058,5.609659
2.36416,-0.035531,0.008572,2.364442,5191.253486,2001-01-01 01:26:31.253 +0000,,,,-9.626957,-3.853589,5.618231
1.90773,-0.037269,-0.126999,1.912316,5191.233497,2001-01-01 01:26:31.233 +0000,,,,-7.719227,-3.890858,5.491232
1.272095,-0.032699,-0.243495,1.295602,5191.213538,2001-01-01 01:26:31.214 +0000,,,,-6.447132,-3.923557,5.247737
0.900091,-0.045719,-0.228874,0.929858,5191.193549,2001-01-01 01:26:31.194 +0000,,,,-5.547041,-3.969276,5.018863
0.527642,-0.035164,-0.158757,0.552129,5191.173591,2001-01-01 01:26:31.174 +0000,,,,-5.019399,-4.00444,4.860106
0.287707,-0.021023,0.028712,0.289899,5191.153602,2001-01-01 01:26:31.154 +0000,,,,-4.731692,-4.025463,4.888818
0.183975,-0.003944,0.072843,0.19791,5191.133643,2001-01-01 01:26:31.134 +0000,,,,-4.547717,-4.029407,4.961661
0.049019,0.004292,-0.001818,0.04924,5191.113654,2001-01-01 01:26:31.114 +0000,,,,-4.498698,-4.025115,4.959843
-0.01896,-0.009676,-0.03002,0.036801,5191.093696,2001-01-01 01:26:31.094 +0000,,,,-4.517658,-4.034791,4.929823
-0.034166,-0.018074,0.024394,0.045707,5191.073707,2001-01-01 01:26:31.074 +0000,,,,-4.551824,-4.052865,4.954217
-0.030156,-0.010523,0.06073,0.068617,5191.053718,2001-01-01 01:26:31.054 +0000,,,,-4.58198,-4.063388,5.014947
-0.037439,-0.011666,0.031834,0.050509,5191.033759,2001-01-01 01:26:31.034 +0000,,,,-4.619419,-4.075054,5.046781
-0.00207,-0.011722,-0.001051,0.01195,5191.01377,2001-01-01 01:26:31.014 +0000,,,,-4.621489,-4.086776,5.04573
-0.023147,-0.020343,-0.034293,0.046105,5190.993812,2001-01-01 01:26:30.994 +0000,,,,-4.644636,-4.107119,5.011437
-0.082686,-0.016196,-0.062488,0.1049,5190.973823,2001-01-01 01:26:30.974 +0000,,,,-4.727322,-4.123315,4.948949
-0.128727,-0.017205,-0.026466,0.132541,5190.953864,2001-01-01 01:26:30.954 +0000,,,,-4.856049,-4.14052,4.922483
0.029424,-0.007245,0.076083,0.081895,5190.933875,2001-01-01 01:26:30.934 +0000,,,,-4.826625,-4.147765,4.998566
-0.046087,-0.016937,0.056366,0.074753,5190.913917,2001-01-01 01:26:30.914 +0000,,,,-4.872712,-4.164702,5.054932
-0.560022,-0.015104,0.088154,0.567119,5190.893928,2001-01-01 01:26:30.894 +0000,,,,-5.432734,-4.179806,5.143086
-0.545253,0.016865,0.088166,0.552593,5190.873939,2001-01-01 01:26:30.874 +0000,,,,-5.977987,-4.162941,5.231252
-0.174922,0.00205,0.019116,0.175976,5190.85398,2001-01-01 01:26:30.854 +0000,,,,-6.152909,-4.160891,5.250368
0.229083,-0.034886,0.040107,0.23517,5190.833991,2001-01-01 01:26:30.834 +0000,,,,-5.923826,-4.195777,5.290475
-0.212642,0.002641,0.266754,0.341147,5190.814033,2001-01-01 01:26:30.814 +0000,,,,-6.136468,-4.193136,5.557229
-1.708298,0.049505,0.275766,1.731121,5190.794044,2001-01-01 01:26:30.794 +0000,,,,-7.844766,-4.143631,5.832995
-2.0743,0.02345,0.187886,2.082923,5190.774085,2001-01-01 01:26:30.774 +0000,,,,-9.919066,-4.120181,6.020881
-2.169721,0.014665,0.110333,2.172574,5190.754096,2001-01-01 01:26:30.754 +0000,,,,-12.088787,-4.105516,6.131214
-2.05476,0.021191,0.130324,2.058998,5190.734138,2001-01-01 01:26:30.734 +0000,,,,-14.143547,-4.084325,6.261538
-2.084376,0.017884,0.094873,2.086611,5190.714149,2001-01-01 01:26:30.714 +0000,,,,-16.227923,-4.066441,6.356411
-2.248472,0.036883,0.072343,2.249938,5190.69419,2001-01-01 01:26:30.694 +0000,,,,-18.476395,-4.029558,6.428754
-2.23143,0.002879,0.101401,2.233735,5190.674201,2001-01-01 01:26:30.674 +0000,,,,-20.707825,-4.026679,6.530155
-2.209185,-0.020882,-0.035154,2.209563,5190.654212,2001-01-01 01:26:30.654 +0000,,,,-22.91701,-4.047561,6.495001
-2.50745,0.030305,0.073819,2.508719,5190.634254,2001-01-01 01:26:30.634 +0000,,,,-25.42446,-4.017256,6.56882
-2.778641,0.071765,0.118891,2.782109,5190.614265,2001-01-01 01:26:30.614 +0000,,,,-28.203101,-3.945491,6.687711
-2.647947,0.026932,0.04403,2.64845,5190.594306,2001-01-01 01:26:30.594 +0000,,,,-30.851048,-3.918559,6.731741
-2.516048,0.018634,0.095163,2.517916,5190.574317,2001-01-01 01:26:30.574 +0000,,,,-33.367096,-3.899925,6.826904
-2.796259,0.021575,0.075099,2.797351,5190.554359,2001-01-01 01:26:30.554 +0000,,,,-36.163355,-3.87835,6.902003
-3.109954,0.048064,0.110308,3.112281,5190.53437,2001-01-01 01:26:30.534 +0000,,,,-39.273309,-3.830286,7.012311
-3.127441,0.10458,0.137818,3.132223,5190.514411,2001-01-01 01:26:30.514 +0000,,,,-42.40075,-3.725706,7.150129
-2.843885,-0.180601,0.180041,2.855296,5190.494422,2001-01-01 01:26:30.494 +0000,,,,-45.244635,-3.906307,7.33017
-2.837748,-0.32127,0.156958,2.860186,5190.474433,2001-01-01 01:26:30.474 +0000,,,,-48.082383,-4.227577,7.487128
-3.165961,-0.53674,0.139301,3.214157,5190.454475,2001-01-01 01:26:30.454 +0000,,,,-51.248344,-4.764317,7.626429
-3.456318,-0.264153,0.175067,3.470815,5190.434486,2001-01-01 01:26:30.434 +0000,,,,-54.704662,-5.02847,7.801496
-3.556038,-0.12683,0.165473,3.562145,5190.414527,2001-01-01 01:26:30.415 +0000,,,,-58.2607,-5.1553,7.966969
-3.597778,-0.302654,0.156052,3.613856,5190.394538,2001-01-01 01:26:30.395 +0000,,,,-61.858478,-5.457954,8.123021
-3.734969,-0.178492,0.006266,3.739237,5190.37458,2001-01-01 01:26:30.375 +0000,,,,-65.593447,-5.636446,8.129287
-3.99029,0.101176,-0.119096,3.993349,5190.354615,2001-01-01 01:26:30.355 +0000,,,,-69.583737,-5.53527,8.010191
-4.026981,0.1428,-0.076716,4.030242,5190.334656,2001-01-01 01:26:30.335 +0000,,,,-73.610718,-5.39247,7.933475
-3.932829,0.115078,-0.114472,3.936177,5190.314667,2001-01-01 01:26:30.315 +0000,,,,-77.543547,-5.277392,7.819003
-3.912488,0.192666,-0.191478,3.921906,5190.294678,2001-01-01 01:26:30.295 +0000,,,,-81.456035,-5.084726,7.627525
-3.858892,0.130915,-0.193086,3.865937,5190.27472,2001-01-01 01:26:30.275 +0000,,,,-85.314927,-4.953811,7.434439
-3.790465,0.04795,-0.16248,3.794249,5190.254731,2001-01-01 01:26:30.255 +0000,,,,-89.105392,-4.905861,7.271959
-3.829518,-0.127659,-0.086402,3.83262,5190.234772,2001-01-01 01:26:30.235 +0000,,,,-92.93491,-5.03352,7.185557
-3.930564,-0.115681,0.047516,3.932553,5190.214783,2001-01-01 01:26:30.215 +0000,,,,-96.865474,-5.149201,7.233073
-3.890821,-0.071746,0.139556,3.893984,5190.194825,2001-01-01 01:26:30.195 +0000,,,,-100.756295,-5.220947,7.372629
-4.024811,-0.066656,0.084144,4.026242,5190.174836,2001-01-01 01:26:30.175 +0000,,,,-104.781106,-5.287603,7.456773
-4.309319,-0.080715,0.083331,4.310881,5190.154877,2001-01-01 01:26:30.155 +0000,,,,-109.090425,-5.368318,7.540104
-4.672645,-0.123115,0.274395,4.682314,5190.134888,2001-01-01 01:26:30.135 +0000,,,,-113.76307,-5.491433,7.814499
-5.192134,-0.20031,0.228358,5.201012,5190.114899,2001-01-01 01:26:30.115 +0000,,,,-118.955204,-5.691743,8.042857
-5.514495,-0.284163,0.018051,5.521841,5190.094941,2001-01-01 01:26:30.095 +0000,,,,-124.469699,-5.975906,8.060908
-5.641193,0.026573,-0.074472,5.641747,5190.074952,2001-01-01 01:26:30.075 +0000,,,,-130.110892,-5.949333,7.986436
-5.412725,0.130598,0.136215,5.416013,5190.054993,2001-01-01 01:26:30.055 +0000,,,,-135.523617,-5.818735,8.122651
-4.991059,-0.167051,0.263817,5.000818,5190.035004,2001-01-01 01:26:30.035 +0000,,,,-140.514676,-5.985786,8.386468
-4.506455,-0.497017,0.229518,4.539586,5190.015046,2001-01-01 01:26:30.015 +0000,,,,-145.021131,-6.482803,8.615986
-4.107194,-0.596482,0.381006,4.167733,5189.995057,2001-01-01 01:26:29.995 +0000,,,,-149.128325,-7.079285,8.996992
-3.400347,-0.490966,0.62163,3.491394,5189.975098,2001-01-01 01:26:29.975 +0000,,,,-152.528672,-7.570251,9.618622
-2.540598,-0.30944,0.541458,2.616021,5189.955109,2001-01-01 01:26:29.955 +0000,,,,-155.06927,-7.879691,10.16008
-1.674015,-0.239104,0.298152,1.717088,5189.93512,2001-01-01 01:26:29.935 +0000,,,,-156.743285,-8.118795,10.458232
-0.923383,-0.128103,0.162941,0.946359,5189.915162,2001-01-01 01:26:29.915 +0000,,,,-157.666668,-8.246898,10.621173
-0.422815,-0.049968,0.16397,0.456241,5189.895173,2001-01-01 01:26:29.895 +0000,,,,-158.089483,-8.296866,10.785143
-0.151382,0.026926,0.162387,0.223632,5189.875214,2001-01-01 01:26:29.875 +0000,,,,-158.240865,-8.26994,10.94753
-0.043248,-0.110788,0.012831,0.119621,5189.855225,2001-01-01 01:26:29.855 +0000,,,,-158.284113,-8.380728,10.960361
-0.0368,-0.042764,-0.050352,0.07562,5189.835267,2001-01-01 01:26:29.835 +0000,,,,-158.320913,-8.423492,10.910009
-0.029245,-0.023661,-0.08134,0.089617,5189.815278,2001-01-01 01:26:29.815 +0000,,,,-158.350158,-8.447153,10.828669
0.003599,-0.016112,-0.054426,0.056875,5189.795319,2001-01-01 01:26:29.795 +0000,,,,-158.346559,-8.463265,10.774243
0.007865,-0.008668,-0.060828,0.061944,5189.77533,2001-01-01 01:26:29.775 +0000,,,,-158.338694,-8.471933,10.713415
0.015757,0.003915,-0.143085,0.144003,5189.755341,2001-01-01 01:26:29.755 +0000,,,,-158.322937,-8.468018,10.57033
0.036467,-0.001577,-0.215589,0.218657,5189.735383,2001-01-01 01:26:29.735 +0000,,,,-158.28647,-8.469595,10.354741
0.099678,-0.012917,-0.082636,0.13012,5189.715394,2001-01-01 01:26:29.715 +0000,,,,-158.186792,-8.482512,10.272105
-0.044778,0.032486,-0.202339,0.209765,5189.695435,2001-01-01 01:26:29.695 +0000,,,,-158.23157,-8.450026,10.069766
-0.123887,0.006392,0.036544,0.129322,5189.675446,2001-01-01 01:26:29.675 +0000,,,,-158.355457,-8.443634,10.10631
1.379371,-0.016517,-0.193663,1.392998,5189.655488,2001-01-01 01:26:29.655 +0000,,,,-156.976086,-8.460151,9.912647
1.505055,-0.078671,0.048837,1.507901,5189.635498,2001-01-01 01:26:29.635 +0000,,,,-155.471031,-8.538822,9.961484
1.629709,-0.01158,0.00355,1.629754,5189.61554,2001-01-01 01:26:29.616 +0000,,,,-153.841322,-8.550402,9.965034
1.91287,0.01748,0.039575,1.913359,5189.595551,2001-01-01 01:26:29.596 +0000,,,,-151.928452,-8.532922,10.004609
2.359727,-0.084368,0.075991,2.362457,5189.575562,2001-01-01 01:26:29.576 +0000,,,,-149.568725,-8.61729,10.0806
2.661259,-0.088358,0.096201,2.664462,5189.555603,2001-01-01 01:26:29.556 +0000,,,,-146.907466,-8.705648,10.176801
2.850395,-0.011429,0.13253,2.853498,5189.535614,2001-01-01 01:26:29.536 +0000,,,,-144.057071,-8.717077,10.309331
3.011015,0.175939,0.036938,3.016377,5189.515656,2001-01-01 01:26:29.516 +0000,,,,-141.046056,-8.541138,10.346269
3.158551,0.294932,-0.133351,3.175093,5189.495667,2001-01-01 01:26:29.496 +0000,,,,-137.887505,-8.246206,10.212918
3.326323,-0.180802,-0.004842,3.331237,5189.475708,2001-01-01 01:26:29.476 +0000,,,,-134.561182,-8.427008,10.208076
3.232073,0.118956,0.189245,3.239793,5189.455719,2001-01-01 01:26:29.456 +0000,,,,-131.329109,-8.308052,10.397321
3.241671,0.593128,-0.190232,3.300973,5189.435761,2001-01-01 01:26:29.436 +0000,,,,-128.087438,-7.714924,10.207089
3.550413,-0.074259,-0.49086,3.584953,5189.415772,2001-01-01 01:26:29.416 +0000,,,,-124.537025,-7.789183,9.716229
3.621945,-0.337919,-0.300534,3.650068,5189.395813,2001-01-01 01:26:29.396 +0000,,,,-120.91508,-8.127102,9.415695
3.333339,-0.311379,0.174002,3.35237,5189.375824,2001-01-01 01:26:29.376 +0000,,,,-117.581741,-8.438481,9.589697
3.291501,0.271139,0.111231,3.304522,5189.355871,2001-01-01 01:26:29.356 +0000,,,,-114.29024,-8.167342,9.700928
3.714891,0.154126,-0.372834,3.736733,5189.335913,2001-01-01 01:26:29.336 +0000,,,,-110.575349,-8.013216,9.328094
4.135576,-0.345831,-0.633627,4.198103,5189.315924,2001-01-01 01:26:29.316 +0000,,,,-106.439773,-8.359047,8.694467
4.211972,-0.1555,-0.370775,4.231118,5189.295965,2001-01-01 01:26:29.296 +0000,,,,-102.227801,-8.514547,8.323692
4.449116,0.031667,0.284245,4.458299,5189.275976,2001-01-01 01:26:29.276 +0000,,,,-97.778685,-8.48288,8.607937
4.70206,0.035963,0.223967,4.707528,5189.256018,2001-01-01 01:26:29.256 +0000,,,,-93.076625,-8.446917,8.831904
4.902241,-0.129932,-0.146073,4.906138,5189.236029,2001-01-01 01:26:29.236 +0000,,,,-88.174384,-8.576849,8.685831
4.769682,-0.427375,-0.199585,4.792948,5189.21607,2001-01-01 01:26:29.216 +0000,,,,-83.404702,-9.004224,8.486246
4.666883,-0.184851,-0.313131,4.681027,5189.196081,2001-01-01 01:26:29.196 +0000,,,,-78.737819,-9.189075,8.173115
4.462696,-0.07205,-0.300925,4.473411,5189.176092,2001-01-01 01:26:29.176 +0000,,,,-74.275123,-9.261125,7.87219
4.332567,-0.767854,0.092231,4.40105,5189.156134,2001-01-01 01:26:29.156 +0000,,,,-69.942556,-10.028979,7.964421
4.51012,-0.725632,0.311291,4.578714,5189.136145,2001-01-01 01:26:29.136 +0000,,,,-65.432436,-10.754611,8.275712
4.466042,-0.074583,0.390431,4.483696,5189.116186,2001-01-01 01:26:29.116 +0000,,,,-60.966394,-10.829194,8.666143
4.198876,-0.209158,-0.098247,4.20523,5189.096197,2001-01-01 01:26:29.096 +0000,,,,-56.767518,-11.038352,8.567896
3.874981,-0.292372,-0.052124,3.886345,5189.076239,2001-01-01 01:26:29.076 +0000,,,,-52.892537,-11.330724,8.515772
3.970093,-0.183521,-0.002627,3.974333,5189.05625,2001-01-01 01:26:29.056 +0000,,,,-48.922444,-11.514245,8.513145
3.907009,0.024277,0.043397,3.907325,5189.036291,2001-01-01 01:26:29.036 +0000,,,,-45.015435,-11.489968,8.556542
3.782457,-0.064565,-0.089697,3.784071,5189.016302,2001-01-01 01:26:29.016 +0000,,,,-41.232978,-11.554533,8.466845
3.744821,-0.024054,-0.066554,3.74549,5188.996313,2001-01-01 01:26:28.996 +0000,,,,-37.488157,-11.578587,8.400291
3.989178,-0.037813,-0.102265,3.990668,5188.976355,2001-01-01 01:26:28.976 +0000,,,,-33.498979,-11.6164,8.298026
4.127285,-0.021575,-0.039404,4.12753,5188.956366,2001-01-01 01:26:28.956 +0000,,,,-29.371694,-11.637975,8.258622
3.866838,-0.003533,0.010078,3.866853,5188.936407,2001-01-01 01:26:28.936 +0000,,,,-25.504856,-11.641508,8.2687
3.682893,0.026359,0.089962,3.684086,5188.916418,2001-01-01 01:26:28.916 +0000,,,,-21.821963,-11.615149,8.358662
3.41803,0.044463,0.165058,3.422301,5188.89646,2001-01-01 01:26:28.896 +0000,,,,-18.403933,-11.570686,8.52372
3.073124,-0.03615,-0.020834,3.073408,5188.876471,2001-01-01 01:26:28.876 +0000,,,,-15.330809,-11.606836,8.502886
2.585334,-0.052607,-0.068959,2.586788,5188.856512,2001-01-01 01:26:28.857 +0000,,,,-12.745475,-11.659443,8.433927
2.024498,-0.002519,0.103424,2.027139,5188.836523,2001-01-01 01:26:28.837 +0000,,,,-10.720977,-11.661962,8.537351
1.644852,-0.001648,0.137189,1.650564,5188.816534,2001-01-01 01:26:28.817 +0000,,,,-9.076125,-11.66361,8.67454
1.268487,-0.010378,0.164591,1.279163,5188.796576,2001-01-01 01:26:28.797 +0000,,,,-7.807638,-11.673988,8.839131
0.770185,-0.021588,0.087532,0.775444,5188.776587,2001-01-01 01:26:28.777 +0000,,,,-7.037453,-11.695576,8.926663
0.397323,0.003579,0.036864,0.399045,5188.756628,2001-01-01 01:26:28.757 +0000,,,,-6.64013,-11.691997,8.963527
0.244912,0.002402,0.036907,0.247689,5188.736639,2001-01-01 01:26:28.737 +0000,,,,-6.395218,-11.689595,9.000434
0.296344,0.008087,0.16546,0.339503,5188.716681,2001-01-01 01:26:28.717 +0000,,,,-6.098874,-11.681508,9.165894
0.23925,-0.00535,-0.079578,0.252194,5188.696692,2001-01-01 01:26:28.697 +0000,,,,-5.859624,-11.686858,9.086316
0.186279,0.019993,-0.153731,0.242349,5188.676733,2001-01-01 01:26:28.677 +0000,,,,-5.673345,-11.666865,8.932585
0.097729,0.02528,-0.143658,0.175578,5188.656744,2001-01-01 01:26:28.657 +0000,,,,-5.575616,-11.641585,8.788927
0.019435,0.000973,-0.042612,0.046845,5188.636755,2001-01-01 01:26:28.637 +0000,,,,-5.556181,-11.640612,8.746315
0.004586,-0.012889,-0.043743,0.045832,5188.616797,2001-01-01 01:26:28.617 +0000,,,,-5.551595,-11.653501,8.702572
0.031387,-0.016124,-0.067061,0.075777,5188.596808,2001-01-01 01:26:28.597 +0000,,,,-5.520208,-11.669625,8.635511
0.037749,0.004095,-0.077758,0.086533,5188.576849,2001-01-01 01:26:28.577 +0000,,,,-5.482459,-11.66553,8.557753
0.049569,0.009379,-0.097994,0.110217,5188.55686,2001-01-01 01:26:28.557 +0000,,,,-5.43289,-11.656151,8.459759
0.005246,0.061701,-0.035393,0.071325,5188.536902,2001-01-01 01:26:28.537 +0000,,,,-5.427644,-11.59445,8.424366
-0.026368,0.115131,0.040113,0.124737,5188.516913,2001-01-01 01:26:28.517 +0000,,,,-5.454012,-11.479319,8.464479
-0.350775,0.338319,-0.07274,0.492741,5188.496954,2001-01-01 01:26:28.497 +0000,,,,-5.804787,-11.141,8.391739
-0.554123,0.196675,0.002137,0.587995,5188.476965,2001-01-01 01:26:28.477 +0000,,,,-6.35891,-10.944325,8.393876
-0.504821,0.142821,0.177852,0.553961,5188.456976,2001-01-01 01:26:28.457 +0000,,,,-6.863731,-10.801504,8.571728
-0.72032,-0.189848,0.119602,0.754458,5188.437018,2001-01-01 01:26:28.437 +0000,,,,-7.584051,-10.991352,8.69133
-0.396145,-0.118446,0.036115,0.415048,5188.417029,2001-01-01 01:26:28.417 +0000,,,,-7.980196,-11.109798,8.727445
-0.300631,-0.009762,0.018299,0.301345,5188.39707,2001-01-01 01:26:28.397 +0000,,,,-8.280827,-11.11956,8.745744
-1.371424,0.012067,0.115728,1.376351,5188.377081,2001-01-01 01:26:28.377 +0000,,,,-9.652251,-11.107493,8.861472
-1.599258,0.077091,0.199494,1.613496,5188.357155,2001-01-01 01:26:28.357 +0000,,,,-11.251509,-11.030402,9.060966
-1.156673,-0.048591,0.077807,1.160305,5188.337167,2001-01-01 01:26:28.337 +0000,,,,-12.408182,-11.078993,9.138773
-0.148761,-0.332894,-0.167855,0.401402,5188.317208,2001-01-01 01:26:28.317 +0000,,,,-12.556943,-11.411887,8.970918
0.271757,-0.127193,-0.249989,0.390544,5188.297218,2001-01-01 01:26:28.297 +0000,,,,-12.285186,-11.53908,8.720929
-0.752593,0.151081,-0.281165,0.817481,5188.27723,2001-01-01 01:26:28.277 +0000,,,,-13.037779,-11.387999,8.439764
-2.368661,0.207858,-0.106305,2.380139,5188.257272,2001-01-01 01:26:28.257 +0000,,,,-15.40644,-11.180141,8.333459
-2.230672,-0.178173,0.118994,2.240938,5188.237283,2001-01-01 01:26:28.237 +0000,,,,-17.637112,-11.358314,8.452453
-1.462579,-0.421805,0.020126,1.522321,5188.217324,2001-01-01 01:26:28.217 +0000,,,,-19.099691,-11.780119,8.472579
-1.449412,-0.282506,-0.511214,1.562673,5188.197335,2001-01-01 01:26:28.197 +0000,,,,-20.549103,-12.062625,7.961365
-2.490343,-0.341734,-0.887782,2.665848,5188.177377,2001-01-01 01:26:28.177 +0000,,,,-23.039446,-12.404359,7.073583
-3.510179,0.702009,-0.679526,3.643614,5188.157388,2001-01-01 01:26:28.157 +0000,,,,-26.549625,-11.70235,6.394057
-3.736933,-0.944752,-0.12416,3.856506,5188.137429,2001-01-01 01:26:28.137 +0000,,,,-30.286558,-12.647102,6.269897
-3.34216,-0.370877,0.062865,3.363262,5188.11744,2001-01-01 01:26:28.117 +0000,,,,-33.628718,-13.017979,6.332762
-3.693646,-0.013125,0.093713,3.694858,5188.097451,2001-01-01 01:26:28.097 +0000,,,,-37.322364,-13.031104,6.426475
-3.933022,-0.983353,0.259285,4.062373,5188.077493,2001-01-01 01:26:28.077 +0000,,,,-41.255386,-14.014457,6.68576
-4.190836,-0.865582,0.145032,4.281748,5188.057504,2001-01-01 01:26:28.058 +0000,,,,-45.446222,-14.880039,6.830792
-4.224682,-0.693039,0.142197,4.283511,5188.037544,2001-01-01 01:26:28.038 +0000,,,,-49.670904,-15.573078,6.972989
-4.209812,-0.776378,0.038879,4.28098,5188.017556,2001-01-01 01:26:28.018 +0000,,,,-53.880716,-16.349456,7.011868
-4.217666,-0.579536,-0.052533,4.25762,5187.997598,2001-01-01 01:26:27.998 +0000,,,,-58.098382,-16.928992,6.959335
-3.869452,-0.484973,-0.253457,3.907953,5187.977609,2001-01-01 01:26:27.978 +0000,,,,-61.967834,-17.413965,6.705878
-3.770033,-0.326168,-0.25108,3.792437,5187.95765,2001-01-01 01:26:27.958 +0000,,,,-65.737867,-17.740133,6.454798
-3.775563,-0.384562,-0.170821,3.79894,5187.937661,2001-01-01 01:26:27.938 +0000,,,,-69.51343,-18.124695,6.283977
-3.821616,-0.579506,-0.156711,3.868479,5187.917672,2001-01-01 01:26:27.918 +0000,,,,-73.335046,-18.704201,6.127266
-3.792194,-0.537845,-0.119228,3.832001,5187.897713,2001-01-01 01:26:27.898 +0000,,,,-77.12724,-19.242046,6.008038
-3.59587,-0.877825,-0.239858,3.70923,5187.877724,2001-01-01 01:26:27.878 +0000,,,,-80.72311,-20.119871,5.76818
-3.62001,-0.433773,-0.299996,3.658228,5187.857765,2001-01-01 01:26:27.858 +0000,,,,-84.34312,-20.553644,5.468184
-3.886875,-0.146303,-0.283345,3.899934,5187.837777,2001-01-01 01:26:27.838 +0000,,,,-88.229995,-20.699947,5.184839
-3.92957,-0.525237,-0.149039,3.967318,5187.817818,2001-01-01 01:26:27.818 +0000,,,,-92.159565,-21.225184,5.0358
-3.825981,-1.026882,-0.139497,3.963846,5187.797828,2001-01-01 01:26:27.798 +0000,,,,-95.985546,-22.252066,4.896303
-3.905423,-1.145602,-0.306398,4.081496,5187.777871,2001-01-01 01:26:27.778 +0000,,,,-99.890969,-23.397668,4.589905
-4.174329,-0.643413,-0.476265,4.250392,5187.757882,2001-01-01 01:26:27.758 +0000,,,,-104.065298,-24.041081,4.11364
-4.361143,0.0564,-0.450578,4.38472,5187.737893,2001-01-01 01:26:27.738 +0000,,,,-108.426441,-23.984681,3.663062
-4.162759,0.278514,-0.293841,4.182401,5187.717934,2001-01-01 01:26:27.718 +0000,,,,-112.5892,-23.706167,3.369221
-3.76244,0.361916,-0.287092,3.790693,5187.697945,2001-01-01 01:26:27.698 +0000,,,,-116.35164,-23.344251,3.082129
-3.648439,0.304607,-0.23381,3.668591,5187.677986,2001-01-01 01:26:27.678 +0000,,,,-120.000079,-23.039644,2.848319
-3.68422,0.274177,-0.464767,3.723528,5187.657998,2001-01-01 01:26:27.658 +0000,,,,-123.684299,-22.765467,2.383552
-3.895634,0.157579,-1.022571,4.030688,5187.638039,2001-01-01 01:26:27.638 +0000,,,,-127.579933,-22.607888,1.360981
-3.98405,0.236612,-0.915462,4.094717,5187.618049,2001-01-01 01:26:27.618 +0000,,,,-131.563983,-22.371276,0.445519
-3.905351,0.131761,-0.267129,3.916693,5187.598092,2001-01-01 01:26:27.598 +0000,,,,-135.469334,-22.239515,0.17839
-3.94779,0.251439,0.318872,3.96862,5187.578103,2001-01-01 01:26:27.578 +0000,,,,-139.417124,-21.988076,0.497262
-3.959684,0.198788,0.567898,4.005137,5187.558144,2001-01-01 01:26:27.558 +0000,,,,-143.376808,-21.789288,1.06516
-3.799064,-0.171383,0.738812,3.874029,5187.538155,2001-01-01 01:26:27.538 +0000,,,,-147.175872,-21.960671,1.803972
-3.397913,-0.229283,0.897679,3.521961,5187.518166,2001-01-01 01:26:27.518 +0000,,,,-150.573785,-22.189954,2.701651
-2.878989,-0.22521,1.096708,3.089023,5187.498208,2001-01-01 01:26:27.498 +0000,,,,-153.452774,-22.415164,3.798359
-2.424441,-0.158107,0.959618,2.612236,5187.478219,2001-01-01 01:26:27.478 +0000,,,,-155.877215,-22.573271,4.757977
-2.034404,-0.182074,0.632146,2.138121,5187.45826,2001-01-01 01:26:27.458 +0000,,,,-157.911619,-22.755345,5.390123
-1.453722,-0.125663,0.442511,1.524767,5187.438271,2001-01-01 01:26:27.438 +0000,,,,-159.365341,-22.881008,5.832634
-0.924386,-0.045822,0.265288,0.962791,5187.418312,2001-01-01 01:26:27.418 +0000,,,,-160.289727,-22.92683,6.097922
-0.545741,-0.146484,-0.05671,0.567897,5187.398324,2001-01-01 01:26:27.398 +0000,,,,-160.835468,-23.073314,6.041212
-0.27427,0.090313,-0.01385,0.289088,5187.378365,2001-01-01 01:26:27.378 +0000,,,,-161.109738,-22.983001,6.027362
-0.292612,-0.011671,0.104908,0.311069,5187.35841,2001-01-01 01:26:27.358 +0000,,,,-161.40235,-22.994672,6.13227
-0.141007,0.028734,0.029957,0.14699,5187.338421,2001-01-01 01:26:27.338 +0000,,,,-161.543357,-22.965938,6.162227
-0.127124,0.008088,-0.136581,0.186763,5187.318463,2001-01-01 01:26:27.318 +0000,,,,-161.670481,-22.95785,6.025646
-0.048188,0.000677,-0.14137,0.149359,5187.298474,2001-01-01 01:26:27.298 +0000,,,,-161.718669,-22.957173,5.884276
-0.02628,-0.015056,-0.049288,0.05785,5187.278515,2001-01-01 01:26:27.279 +0000,,,,-161.744949,-22.972229,5.834988
-0.019466,-0.036044,0.075831,0.086188,5187.258526,2001-01-01 01:26:27.259 +0000,,,,-161.764415,-23.008273,5.910819
-0.018084,-0.003217,-0.003319,0.018666,5187.238568,2001-01-01 01:26:27.239 +0000,,,,-161.782499,-23.01149,5.9075
-0.019518,-0.002447,-0.120867,0.122457,5187.218579,2001-01-01 01:26:27.219 +0000,,,,-161.802017,-23.013937,5.786633
-0.013733,-0.00963,-0.012889,0.021153,5187.198619,2001-01-01 01:26:27.199 +0000,,,,-161.81575,-23.023567,5.773744
-0.014705,-0.031996,-0.010697,0.036802,5187.178631,2001-01-01 01:26:27.179 +0000,,,,-161.830455,-23.055563,5.763047
-0.014502,-0.022512,-0.052394,0.05884,5187.158642,2001-01-01 01:26:27.159 +0000,,,,-161.844957,-23.078075,5.710653
-0.009359,-0.021466,-0.91465,0.91495,5187.138684,2001-01-01 01:26:27.139 +0000,,,,-161.854316,-23.099541,4.796003
-0.008094,-0.01596,-0.41673,0.417114,5187.118694,2001-01-01 01:26:27.119 +0000,,,,-161.86241,-23.115501,4.379273
-0.011539,-0.021349,-0.01391,0.027972,5187.098736,2001-01-01 01:26:27.099 +0000,,,,-161.873949,-23.13685,4.365363
-0.013724,-0.012823,-0.011811,0.022188,5187.078747,2001-01-01 01:26:27.079 +0000,,,,-161.887673,-23.149673,4.353552
-0.012628,-0.019214,-0.011787,0.025837,5187.058789,2001-01-01 01:26:27.059 +0000,,,,-161.900301,-23.168887,4.341765
-0.012669,-0.010692,-0.01181,0.020354,5187.0388,2001-01-01 01:26:27.039 +0000,,,,-161.91297,-23.179579,4.329955
-0.014769,-0.016022,-0.012878,0.025311,5187.01884,2001-01-01 01:26:27.019 +0000,,,,-161.927739,-23.195601,4.317077
-0.0169,-0.016024,-0.012893,0.026619,5186.998852,2001-01-01 01:26:26.999 +0000,,,,-161.944639,-23.211625,4.304184
-0.01478,-0.014954,-0.011813,0.024117,5186.978863,2001-01-01 01:26:26.979 +0000,,,,-161.959419,-23.226579,4.292371
-0.014795,-0.011758,-0.011822,0.022291,5186.958905,2001-01-01 01:26:26.959 +0000,,,,-161.974214,-23.238337,4.280549
-0.012667,-0.009629,-0.012881,0.020472,5186.938915,2001-01-01 01:26:26.939 +0000,,,,-161.986881,-23.247966,4.267668
-0.00944,-0.016018,-0.012842,0.022597,5186.918957,2001-01-01 01:26:26.919 +0000,,,,-161.996321,-23.263984,4.254826
-0.011588,-0.013887,-0.011794,0.021592,5186.898968,2001-01-01 01:26:26.899 +0000,,,,-162.007909,-23.277871,4.243032
-0.0105,-0.017084,-0.012847,0.023815,5186.87901,2001-01-01 01:26:26.879 +0000,,,,-162.018409,-23.294955,4.230185
-0.010537,-0.01069,-0.011796,0.01909,5186.859021,2001-01-01 01:26:26.859 +0000,,,,-162.028946,-23.305645,4.218389
-0.013728,-0.010695,-0.012886,0.021654,5186.839062,2001-01-01 01:26:26.839 +0000,,,,-162.042674,-23.31634,4.205503
-0.015871,-0.009629,-0.011835,0.022015,5186.819073,2001-01-01 01:26:26.819 +0000,,,,-162.058545,-23.325969,4.193668
-0.013815,0.006352,-0.011864,0.019287,5186.799084,2001-01-01 01:26:26.799 +0000,,,,-162.07236,-23.319617,4.181804
-0.018001,-0.008568,-0.01292,0.023757,5186.779126,2001-01-01 01:26:26.779 +0000,,,,-162.090361,-23.328185,4.168884
-0.01798,-0.011766,-0.01398,0.025635,5186.759137,2001-01-01 01:26:26.759 +0000,,,,-162.108341,-23.339951,4.154904
-0.016895,-0.017089,-0.01289,0.027269,5186.739178,2001-01-01 01:26:26.739 +0000,,,,-162.125236,-23.35704,4.142014
-0.012647,-0.01389,-0.01287,0.022771,5186.719189,2001-01-01 01:26:26.719 +0000,,,,-162.137883,-23.37093,4.129144
-0.010532,-0.011755,-0.011793,0.019702,5186.699231,2001-01-01 01:26:26.699 +0000,,,,-162.148415,-23.382685,4.117351
-0.009461,-0.01282,-0.011783,0.019816,5186.679241,2001-01-01 01:26:26.679 +0000,,,,-162.157876,-23.395505,4.105568
-0.010515,-0.013888,-0.012855,0.02165,5186.659283,2001-01-01 01:26:26.659 +0000,,,,-162.168391,-23.409393,4.092713
-0.012659,-0.012822,-0.011804,0.02154,5186.639294,2001-01-01 01:26:26.639 +0000,,,,-162.18105,-23.422215,4.080909
-0.014774,-0.014957,-0.012881,0.024655,5186.619304,2001-01-01 01:26:26.619 +0000,,,,-162.195824,-23.437172,4.068028
-0.013723,-0.01176,-0.012883,0.022194,5186.599347,2001-01-01 01:26:26.599 +0000,,,,-162.209547,-23.448932,4.055145
-0.01267,-0.011754,-0.010739,0.020347,5186.579358,2001-01-01 01:26:26.579 +0000,,,,-162.222217,-23.460686,4.044406
-0.012652,-0.012825,-0.012873,0.022142,5186.559399,2001-01-01 01:26:26.559 +0000,,,,-162.234869,-23.473511,4.031533
-0.015822,-0.016028,-0.015022,0.027072,5186.53941,2001-01-01 01:26:26.539 +0000,,,,-162.250691,-23.489539,4.016511
-0.020129,-0.010697,-0.01186,0.025696,5186.519452,2001-01-01 01:26:26.519 +0000,,,,-162.27082,-23.500236,4.004651
-0.013753,-0.005369,-0.0129,0.019606,5186.499462,2001-01-01 01:26:26.499 +0000,,,,-162.284573,-23.505605,3.991751
-0.013762,-0.002176,-0.013978,0.019736,5186.479504,2001-01-01 01:26:26.480 +0000,,,,-162.298335,-23.507781,3.977773
-0.016993,0.002088,-0.011874,0.020835,5186.459515,2001-01-01 01:26:26.460 +0000,,,,-162.315328,-23.505693,3.965899
-0.004227,0.008487,-0.012874,0.015988,5186.439525,2001-01-01 01:26:26.440 +0000,,,,-162.319555,-23.497206,3.953025
-0.00949,-0.005365,-0.012872,0.016868,5186.419568,2001-01-01 01:26:26.420 +0000,,,,-162.329045,-23.502571,3.940153
-0.011455,-0.015005,-0.03316,0.038157,5186.399579,2001-01-01 01:26:26.400 +0000,,,,-162.3405,-23.517576,3.906993
-0.006267,-0.019021,-0.363284,0.363836,5186.37962,2001-01-01 01:26:26.380 +0000,,,,-162.346767,-23.536597,3.543709
-0.01331,-0.019374,-0.075901,0.079458,5186.359652,2001-01-01 01:26:26.360 +0000,,,,-162.360077,-23.555971,3.467808
-0.020544,-0.024866,1.14003,1.140486,5186.339694,2001-01-01 01:26:26.340 +0000,,,,-162.380621,-23.580837,4.607838
0.040731,-0.074019,2.341583,2.343106,5186.319705,2001-01-01 01:26:26.320 +0000,,,,-162.33989,-23.654856,6.949421
-0.037387,-0.0892,0.977677,0.98245,5186.299746,2001-01-01 01:26:26.300 +0000,,,,-162.377277,-23.744056,7.927098
-0.03878,0.008648,0.061688,0.073377,5186.279757,2001-01-01 01:26:26.280 +0000,,,,-162.416057,-23.735408,7.988786
-0.008627,-0.013786,0.027761,0.032173,5186.259768,2001-01-01 01:26:26.260 +0000,,,,-162.424684,-23.749194,8.016547
-0.012581,-0.017107,-0.021409,0.030154,5186.23981,2001-01-01 01:26:26.240 +0000,,,,-162.437265,-23.766301,7.995138
-0.024077,0.000863,-0.073892,0.077721,5186.21982,2001-01-01 01:26:26.220 +0000,,,,-162.461342,-23.765438,7.921246
-0.03577,0.03061,-0.102902,0.11316,5186.199862,2001-01-01 01:26:26.200 +0000,,,,-162.497112,-23.734828,7.818344
-0.039328,0.033947,-0.045235,0.068886,5186.179873,2001-01-01 01:26:26.180 +0000,,,,-162.53644,-23.700881,7.773109
-0.017971,-0.014959,-0.012903,0.026706,5186.159914,2001-01-01 01:26:26.160 +0000,,,,-162.554411,-23.71584,7.760206
-0.016929,-0.00857,-0.013982,0.023569,5186.139925,2001-01-01 01:26:26.140 +0000,,,,-162.57134,-23.72441,7.746224
-0.011545,-0.005399,-0.025707,0.028693,5186.119967,2001-01-01 01:26:26.120 +0000,,,,-162.582885,-23.729809,7.720517
-0.018846,-0.005471,-0.052469,0.056019,5186.099978,2001-01-01 01:26:26.100 +0000,,,,-162.601731,-23.73528,7.668048
-0.019053,-0.012827,-0.011847,0.025844,5186.079989,2001-01-01 01:26:26.080 +0000,,,,-162.620784,-23.748107,7.656201
-0.014784,-0.012826,-0.012887,0.023434,5186.06003,2001-01-01 01:26:26.060 +0000,,,,-162.635568,-23.760933,7.643314
-0.01679,-0.008183,0.140952,0.142184,5186.040041,2001-01-01 01:26:26.040 +0000,,,,-162.652358,-23.769116,7.784266
-0.008523,-0.010738,-0.884755,0.884861,5186.020083,2001-01-01 01:26:26.020 +0000,,,,-162.660881,-23.779854,6.899511
-0.006291,-0.019456,-0.53745,0.537839,5186.000094,2001-01-01 01:26:26.000 +0000,,,,-162.667172,-23.79931,6.362061
-0.007085,-0.013365,-0.23081,0.231305,5185.980135,2001-01-01 01:26:25.980 +0000,,,,-162.674257,-23.812675,6.131251
-0.010125,-0.028935,-0.066237,0.072987,5185.960146,2001-01-01 01:26:25.960 +0000,,,,-162.684382,-23.84161,6.065014
-0.013698,-0.017087,-0.012868,0.0254,5185.940188,2001-01-01 01:26:25.940 +0000,,,,-162.69808,-23.858697,6.052146
-0.012674,-0.009626,-0.011813,0.01982,5185.920199,2001-01-01 01:26:25.920 +0000,,,,-162.710754,-23.868323,6.040333
-0.015874,-0.011754,-0.009692,0.022001,5185.90021,2001-01-01 01:26:25.900 +0000,,,,-162.726628,-23.880077,6.030641
-0.020106,-0.012833,-0.013991,0.027653,5185.880251,2001-01-01 01:26:25.880 +0000,,,,-162.746734,-23.89291,6.01665
-0.017962,-0.018152,-0.011826,0.028142,5185.860262,2001-01-01 01:26:25.860 +0000,,,,-162.764696,-23.911062,6.004824
-0.019053,-0.012827,-0.011847,0.025844,5185.840304,2001-01-01 01:26:25.840 +0000,,,,-162.783749,-23.923889,5.992977
-0.016884,-0.018157,-0.013955,0.028451,5185.820315,2001-01-01 01:26:25.820 +0000,,,,-162.800633,-23.942046,5.979022
-0.011598,-0.011756,-0.0118,0.020297,5185.800356,2001-01-01 01:26:25.800 +0000,,,,-162.812231,-23.953802,5.967222
-0.016884,-0.018157,-0.013955,0.028451,5185.780367,2001-01-01 01:26:25.780 +0000,,,,-162.829115,-23.971959,5.953267
-0.01619,-0.00418,0.0373,0.040877,5185.760409,2001-01-01 01:26:25.760 +0000,,,,-162.845305,-23.976139,5.990567
-0.007249,-0.015249,-0.558839,0.559094,5185.74042,2001-01-01 01:26:25.740 +0000,,,,-162.852554,-23.991388,5.431728
-0.018309,-0.005966,-0.677543,0.677817,5185.720431,2001-01-01 01:26:25.720 +0000,,,,-162.870863,-23.997354,4.754185
-0.013753,-0.005369,-0.0129,0.019606,5185.700472,2001-01-01 01:26:25.700 +0000,,,,-162.884616,-24.002723,4.741285
-0.013559,-0.001544,0.665595,0.665735,5185.680483,2001-01-01 01:26:25.680 +0000,,,,-162.898175,-24.004267,5.40688
-0.027057,0.011153,1.488222,1.48851,5185.660525,2001-01-01 01:26:25.661 +0000,,,,-162.925232,-23.993114,6.895102
-0.017652,-0.00906,0.643149,0.643455,5185.640536,2001-01-01 01:26:25.641 +0000,,,,-162.942884,-24.002174,7.538251
-0.007661,-0.010109,0.220089,0.220454,5185.620577,2001-01-01 01:26:25.621 +0000,,,,-162.950545,-24.012283,7.75834
-0.016774,-0.001984,0.490339,0.490629,5185.600588,2001-01-01 01:26:25.601 +0000,,,,-162.967319,-24.014267,8.248679
-0.013686,-0.016375,0.698758,0.699084,5185.58063,2001-01-01 01:26:25.581 +0000,,,,-162.981005,-24.030642,8.947437
0.956472,0.641883,-0.04551,1.152789,5185.560641,2001-01-01 01:26:25.561 +0000,,,,-162.024533,-23.388759,8.901927
1.081029,-0.060809,-0.352627,1.138713,5185.540652,2001-01-01 01:26:25.541 +0000,,,,-160.943504,-23.449568,8.5493
0.849296,-0.024201,-0.128835,0.859353,5185.520693,2001-01-01 01:26:25.521 +0000,,,,-160.094208,-23.473769,8.420465
1.223805,0.02056,-0.231143,1.245612,5185.500704,2001-01-01 01:26:25.501 +0000,,,,-158.870403,-23.453209,8.189322
1.347983,-0.02848,-0.282529,1.377568,5185.480746,2001-01-01 01:26:25.481 +0000,,,,-157.52242,-23.481689,7.906793
1.882265,-0.038399,-0.145332,1.888258,5185.460757,2001-01-01 01:26:25.461 +0000,,,,-155.640155,-23.520088,7.761461
2.1621,-0.005035,-0.091178,2.164027,5185.440798,2001-01-01 01:26:25.441 +0000,,,,-153.478055,-23.525123,7.670283
2.046832,0.014083,-0.080254,2.048453,5185.420809,2001-01-01 01:26:25.421 +0000,,,,-151.431223,-23.51104,7.590029
1.818414,-0.005085,-0.010153,1.81845,5185.400851,2001-01-01 01:26:25.401 +0000,,,,-149.612809,-23.516125,7.579876
1.699415,0.209874,-0.066034,1.713598,5185.380862,2001-01-01 01:26:25.381 +0000,,,,-147.913394,-23.306251,7.513842
2.085715,2.794518,-0.06511,3.487661,5185.360902,2001-01-01 01:26:25.361 +0000,,,,-145.827679,-20.511733,7.448732
1.503665,0.538984,-0.032989,1.597686,5185.340943,2001-01-01 01:26:25.341 +0000,,,,-144.324014,-19.972749,7.415743
1.628348,-0.333866,-0.225313,1.677424,5185.320954,2001-01-01 01:26:25.321 +0000,,,,-142.695666,-20.306615,7.19043
1.583412,0.000893,-0.106853,1.587013,5185.300996,2001-01-01 01:26:25.301 +0000,,,,-141.112254,-20.305722,7.083577
1.495447,-0.349603,-0.089398,1.538368,5185.281007,2001-01-01 01:26:25.281 +0000,,,,-139.616807,-20.655325,6.994179
1.626121,-0.507122,-0.070991,1.704841,5185.261048,2001-01-01 01:26:25.261 +0000,,,,-137.990686,-21.162447,6.923188
2.019884,-0.557616,0.069641,2.096597,5185.241059,2001-01-01 01:26:25.241 +0000,,,,-135.970802,-21.720063,6.992829
2.386643,-0.326861,0.224286,2.41934,5185.221101,2001-01-01 01:26:25.221 +0000,,,,-133.584159,-22.046924,7.217115
2.55863,-0.380054,0.202084,2.594584,5185.201112,2001-01-01 01:26:25.201 +0000,,,,-131.025529,-22.426978,7.419199
2.616945,-0.219347,0.125108,2.6291,5185.181123,2001-01-01 01:26:25.181 +0000,,,,-128.408584,-22.646325,7.544307
2.545465,-0.092855,0.035596,2.547407,5185.161164,2001-01-01 01:26:25.161 +0000,,,,-125.863119,-22.73918,7.579903
2.649933,-0.046007,-0.00443,2.650336,5185.141175,2001-01-01 01:26:25.141 +0000,,,,-123.213186,-22.785187,7.575473
3.009614,-0.169893,0.190666,3.02043,5185.121217,2001-01-01 01:26:25.121 +0000,,,,-120.203572,-22.95508,7.766139
3.044644,-0.145355,0.19511,3.05435,5185.101228,2001-01-01 01:26:25.101 +0000,,,,-117.158928,-23.100435,7.961249
2.632762,-0.042335,0.190981,2.640019,5185.081269,2001-01-01 01:26:25.081 +0000,,,,-114.526166,-23.14277,8.15223
2.845507,-0.265537,-0.095474,2.859464,5185.06128,2001-01-01 01:26:25.061 +0000,,,,-111.680659,-23.408307,8.056756
3.670805,2.852221,0.394205,4.665337,5185.041322,2001-01-01 01:26:25.041 +0000,,,,-108.009854,-20.556086,8.450961
3.521549,2.239478,0.35426,4.188325,5185.021333,2001-01-01 01:26:25.021 +0000,,,,-104.488305,-18.316608,8.805221
3.088777,1.779623,0.192312,3.569956,5185.001344,2001-01-01 01:26:25.001 +0000,,,,-101.399528,-16.536985,8.997533
2.500316,1.278223,0.076442,2.809142,5184.981385,2001-01-01 01:26:24.981 +0000,,,,-98.899212,-15.258762,9.073975
2.360044,0.715264,-0.080046,2.467351,5184.961396,2001-01-01 01:26:24.961 +0000,,,,-96.539168,-14.543498,8.993929
2.304115,0.632682,-0.286421,2.406505,5184.941438,2001-01-01 01:26:24.941 +0000,,,,-94.235053,-13.910816,8.707508
2.557879,0.46972,-0.350514,2.624165,5184.921449,2001-01-01 01:26:24.921 +0000,,,,-91.677174,-13.441096,8.356994
2.499462,0.436635,-0.358297,2.562486,5184.90149,2001-01-01 01:26:24.901 +0000,,,,-89.177712,-13.004461,7.998697
2.160812,0.689124,-0.251213,2.281909,5184.881501,2001-01-01 01:26:24.882 +0000,,,,-87.0169,-12.315337,7.747484
1.930879,0.794088,-0.383408,2.122704,5184.861543,2001-01-01 01:26:24.862 +0000,,,,-85.086021,-11.521249,7.364076
2.065703,0.903471,-0.5591,2.322925,5184.841554,2001-01-01 01:26:24.842 +0000,,,,-83.020318,-10.617778,6.804976
2.194889,1.392353,-0.62901,2.674292,5184.821565,2001-01-01 01:26:24.822 +0000,,,,-80.825429,-9.225425,6.175966
1.137844,2.112829,-0.178642,2.406376,5184.801606,2001-01-01 01:26:24.802 +0000,,,,-79.687585,-7.112596,5.997324
0.921134,0.897083,-0.221678,1.304756,5184.781617,2001-01-01 01:26:24.782 +0000,,,,-78.766451,-6.215513,5.775646
1.206802,-0.638902,-0.248699,1.387954,5184.761659,2001-01-01 01:26:24.762 +0000,,,,-77.559649,-6.854415,5.526947
1.632503,-1.58614,-0.456953,2.321575,5184.74167,2001-01-01 01:26:24.742 +0000,,,,-75.927146,-8.440555,5.069994
1.711312,-1.871871,-0.575318,2.60067,5184.721711,2001-01-01 01:26:24.722 +0000,,,,-74.215834,-10.312426,4.494676
1.57056,-1.462807,-0.534639,2.211855,5184.701722,2001-01-01 01:26:24.702 +0000,,,,-72.645274,-11.775233,3.960037
1.894941,-0.945757,-0.472951,2.170009,5184.681764,2001-01-01 01:26:24.682 +0000,,,,-70.750333,-12.72099,3.487086
2.360582,-0.80228,-0.743737,2.601758,5184.661775,2001-01-01 01:26:24.662 +0000,,,,-68.389751,-13.52327,2.743349
2.305797,-1.260189,-0.663792,2.710239,5184.641786,2001-01-01 01:26:24.642 +0000,,,,-66.083954,-14.783459,2.079557
2.165579,-1.306204,-0.706285,2.625784,5184.621827,2001-01-01 01:26:24.622 +0000,,,,-63.918375,-16.089663,1.373272
2.167058,-1.214499,-0.670195,2.572996,5184.601838,2001-01-01 01:26:24.602 +0000,,,,-61.751317,-17.304162,0.703077
2.321117,-1.116991,-0.487774,2.621674,5184.58188,2001-01-01 01:26:24.582 +0000,,,,-59.4302,-18.421153,0.215303
2.461039,-0.918375,-0.338846,2.648573,5184.561891,2001-01-01 01:26:24.562 +0000,,,,-56.969161,-19.339528,-0.123543
2.581616,-0.66336,-0.208367,2.673613,5184.541932,2001-01-01 01:26:24.542 +0000,,,,-54.387545,-20.002888,-0.33191
2.697923,-0.461948,-0.212404,2.745414,5184.521943,2001-01-01 01:26:24.522 +0000,,,,-51.689622,-20.464836,-0.544314
2.909413,-0.404572,-0.334011,2.956336,5184.501984,2001-01-01 01:26:24.502 +0000,,,,-48.780209,-20.869408,-0.878325
3.12102,-0.34361,-0.299625,3.154141,5184.481995,2001-01-01 01:26:24.482 +0000,,,,-45.659189,-21.213018,-1.17795
3.122465,-0.154699,-0.156948,3.130232,5184.462006,2001-01-01 01:26:24.462 +0000,,,,-42.536724,-21.367717,-1.334898
2.728594,-0.070758,-0.127779,2.732501,5184.442048,2001-01-01 01:26:24.442 +0000,,,,-39.80813,-21.438475,-1.462677
2.223474,-0.104123,-0.116138,2.228938,5184.422059,2001-01-01 01:26:24.422 +0000,,,,-37.584656,-21.542598,-1.578815
1.995507,-0.09052,-0.147632,2.003007,5184.4021,2001-01-01 01:26:24.402 +0000,,,,-35.589149,-21.633118,-1.726447
2.198987,-0.224116,-0.382037,2.243151,5184.382111,2001-01-01 01:26:24.382 +0000,,,,-33.390162,-21.857234,-2.108484
2.31766,-0.328815,-0.538022,2.401903,5184.362174,2001-01-01 01:26:24.362 +0000,,,,-31.072502,-22.186049,-2.646506
2.467081,-0.294769,-0.59908,2.555831,5184.342185,2001-01-01 01:26:24.342 +0000,,,,-28.605421,-22.480818,-3.245586
2.459472,-0.270261,-0.593855,2.544545,5184.322226,2001-01-01 01:26:24.322 +0000,,,,-26.145949,-22.751079,-3.839441
2.363213,-0.243613,-0.559317,2.440688,5184.302237,2001-01-01 01:26:24.302 +0000,,,,-23.782736,-22.994692,-4.398758
2.327371,-0.099834,-0.562086,2.396365,5184.282248,2001-01-01 01:26:24.282 +0000,,,,-21.455365,-23.094526,-4.960844
2.210852,-0.029608,-0.560926,2.281093,5184.26229,2001-01-01 01:26:24.262 +0000,,,,-19.244513,-23.124134,-5.52177
1.83569,-0.026699,-0.565603,1.921035,5184.242301,2001-01-01 01:26:24.242 +0000,,,,-17.408823,-23.150833,-6.087373
1.446253,-0.051268,-0.47841,1.524189,5184.222342,2001-01-01 01:26:24.222 +0000,,,,-15.96257,-23.202101,-6.565783
1.024367,0.013643,-0.38313,1.093756,5184.202353,2001-01-01 01:26:24.202 +0000,,,,-14.938203,-23.188458,-6.948913
0.747313,-0.003153,-0.202239,0.774201,5184.182395,2001-01-01 01:26:24.182 +0000,,,,-14.19089,-23.191611,-7.151152
0.574299,-0.041408,-0.113548,0.586879,5184.162406,2001-01-01 01:26:24.162 +0000,,,,-13.616591,-23.233019,-7.2647
0.401714,-0.049011,-0.121103,0.422424,5184.142447,2001-01-01 01:26:24.142 +0000,,,,-13.214877,-23.28203,-7.385803
0.185114,-0.034187,-0.093755,0.2103,5184.122458,2001-01-01 01:26:24.122 +0000,,,,-13.029763,-23.316217,-7.479558
0.063284,-0.010752,-0.058312,0.086722,5184.102469,2001-01-01 01:26:24.102 +0000,,,,-12.966479,-23.326969,-7.53787
0.123628,0.006474,-0.003457,0.123845,5184.082511,2001-01-01 01:26:24.083 +0000,,,,-12.842851,-23.320495,-7.541327
0.277526,-0.032925,-0.041847,0.282588,5184.062522,2001-01-01 01:26:24.063 +0000,,,,-12.565325,-23.35342,-7.583174
0.3164,-0.038422,-0.121708,0.341171,5184.042563,2001-01-01 01:26:24.043 +0000,,,,-12.248925,-23.391842,-7.704882
0.440332,-0.054401,-0.158226,0.471049,5184.022574,2001-01-01 01:26:24.023 +0000,,,,-11.808593,-23.446243,-7.863108
0.486324,-0.046993,-0.191059,0.524617,5184.002616,2001-01-01 01:26:24.003 +0000,,,,-11.322269,-23.493236,-8.054167
0.274012,-0.032177,-0.167957,0.322997,5183.982627,2001-01-01 01:26:23.983 +0000,,,,-11.048257,-23.525413,-8.222124
0.122523,-0.031166,-0.145474,0.192733,5183.962668,2001-01-01 01:26:23.963 +0000,,,,-10.925734,-23.556579,-8.367598
0.171395,-0.032128,-0.118429,0.210794,5183.942679,2001-01-01 01:26:23.943 +0000,,,,-10.754339,-23.588707,-8.486027
0.335727,-0.061857,-0.126856,0.364186,5183.92269,2001-01-01 01:26:23.923 +0000,,,,-10.418612,-23.650564,-8.612883
0.292952,-0.03844,-0.121866,0.319609,5183.902732,2001-01-01 01:26:23.903 +0000,,,,-10.12566,-23.689004,-8.734749
0.268184,-0.037289,-0.080364,0.282439,5183.882743,2001-01-01 01:26:23.883 +0000,,,,-9.857476,-23.726293,-8.815113
0.333234,-0.064897,-0.063822,0.345441,5183.862784,2001-01-01 01:26:23.863 +0000,,,,-9.524242,-23.79119,-8.878935
0.225956,-0.067257,-0.124377,0.266551,5183.842795,2001-01-01 01:26:23.843 +0000,,,,-9.298286,-23.858447,-9.003312
0.139527,-0.039638,-0.130377,0.195031,5183.822837,2001-01-01 01:26:23.823 +0000,,,,-9.158759,-23.898085,-9.133689
0.109494,-0.023634,-0.11139,0.157972,5183.802848,2001-01-01 01:26:23.803 +0000,,,,-9.049265,-23.921719,-9.245079
0.061064,-0.040485,-0.01978,0.075889,5183.782889,2001-01-01 01:26:23.783 +0000,,,,-8.988201,-23.962204,-9.264859
0.063813,-0.048183,-0.116975,0.141692,5183.7629,2001-01-01 01:26:23.763 +0000,,,,-8.924388,-24.010387,-9.381834
0.08467,-0.043105,-0.22263,0.242056,5183.742911,2001-01-01 01:26:23.743 +0000,,,,-8.839718,-24.053492,-9.604464
0.044766,-0.086528,-0.109519,0.14658,5183.722953,2001-01-01 01:26:23.723 +0000,,,,-8.794952,-24.14002,-9.713983
0.049188,-0.122738,-0.107254,0.170258,5183.702964,2001-01-01 01:26:23.703 +0000,,,,-8.745764,-24.262758,-9.821237
0.107561,-0.120465,-0.067331,0.174971,5183.683005,2001-01-01 01:26:23.683 +0000,,,,-8.638203,-24.383223,-9.888568
0.071894,-0.102212,0.000763,0.124966,5183.663016,2001-01-01 01:26:23.663 +0000,,,,-8.566309,-24.485435,-9.887805
0.00471,-0.021446,-0.05761,0.061652,5183.643058,2001-01-01 01:26:23.643 +0000,,,,-8.561599,-24.506881,-9.945415
-0.010241,-0.014003,-0.058799,0.061305,5183.623069,2001-01-01 01:26:23.623 +0000,,,,-8.57184,-24.520884,-10.004214
-0.009445,-0.014953,-0.012845,0.021858,5183.60311,2001-01-01 01:26:23.603 +0000,,,,-8.581285,-24.535837,-10.017059
-0.011575,-0.013892,-0.013931,0.022826,5183.583121,2001-01-01 01:26:23.583 +0000,,,,-8.59286,-24.549729,-10.03099
-0.01586,-0.010697,-0.0129,0.023073,5183.563132,2001-01-01 01:26:23.563 +0000,,,,-8.60872,-24.560426,-10.04389
-0.016922,-0.012825,-0.011833,0.024307,5183.543174,2001-01-01 01:26:23.543 +0000,,,,-8.625642,-24.573251,-10.055723
-0.013718,-0.012826,-0.01288,0.022772,5183.523185,2001-01-01 01:26:23.523 +0000,,,,-8.63936,-24.586077,-10.068603
-0.011593,-0.012821,-0.011797,0.020927,5183.503226,2001-01-01 01:26:23.503 +0000,,,,-8.650953,-24.598898,-10.0804
-0.012659,-0.012822,-0.011804,0.02154,5183.483237,2001-01-01 01:26:23.483 +0000,,,,-8.663612,-24.61172,-10.092204
-0.014794,-0.010696,-0.012893,0.022349,5183.463279,2001-01-01 01:26:23.463 +0000,,,,-8.678406,-24.622416,-10.105097
-0.014791,-0.013886,-0.010747,0.022959,5183.44329,2001-01-01 01:26:23.443 +0000,,,,-8.693197,-24.636302,-10.115844
-0.012659,-0.012822,-0.011804,0.02154,5183.423331,2001-01-01 01:26:23.423 +0000,,,,-8.705856,-24.649124,-10.127648
-0.016942,-0.008564,-0.011845,0.022376,5183.403342,2001-01-01 01:26:23.403 +0000,,,,-8.722798,-24.657688,-10.139493
-0.013724,-0.012823,-0.011811,0.022188,5183.383353,2001-01-01 01:26:23.383 +0000,,,,-8.736522,-24.670511,-10.151304
-0.013718,-0.012826,-0.01288,0.022772,5183.363435,2001-01-01 01:26:23.363 +0000,,,,-8.75024,-24.683337,-10.164184
-0.01585,-0.012827,-0.012894,0.024125,5183.343446,2001-01-01 01:26:23.343 +0000,,,,-8.76609,-24.696164,-10.177078
-0.016909,-0.012831,-0.01397,0.025411,5183.323487,2001-01-01 01:26:23.323 +0000,,,,-8.782999,-24.708995,-10.191048
-0.015856,-0.012824,-0.011826,0.023574,5183.303498,2001-01-01 01:26:23.303 +0000,,,,-8.798855,-24.721819,-10.202874
-0.015856,-0.012824,-0.011826,0.023574,5183.28354,2001-01-01 01:26:23.284 +0000,,,,-8.814711,-24.734643,-10.2147
-0.015861,-0.011759,-0.011829,0.023017,5183.263551,2001-01-01 01:26:23.264 +0000,,,,-8.830572,-24.746402,-10.226529
-0.014802,-0.011756,-0.010753,0.021747,5183.243592,2001-01-01 01:26:23.244 +0000,,,,-8.845374,-24.758158,-10.237282
-0.013729,-0.011758,-0.011814,0.021594,5183.223603,2001-01-01 01:26:23.224 +0000,,,,-8.859103,-24.769916,-10.249096
-0.013729,-0.011758,-0.011814,0.021594,5183.203614,2001-01-01 01:26:23.204 +0000,,,,-8.872832,-24.781674,-10.26091
-0.014795,-0.011758,-0.011822,0.022291,5183.183656,2001-01-01 01:26:23.184 +0000,,,,-8.887627,-24.793432,-10.272732
-0.014784,-0.012826,-0.012887,0.023434,5183.163667,2001-01-01 01:26:23.164 +0000,,,,-8.902411,-24.806258,-10.285619
-0.013723,-0.01176,-0.012883,0.022194,5183.143708,2001-01-01 01:26:23.144 +0000,,,,-8.916134,-24.818018,-10.298502
-0.014795,-0.011758,-0.011822,0.022291,5183.123719,2001-01-01 01:26:23.124 +0000,,,,-8.930929,-24.829776,-10.310324
-0.015861,-0.011759,-0.011829,0.023017,5183.103761,2001-01-01 01:26:23.104 +0000,,,,-8.94679,-24.841535,-10.322153
-0.014795,-0.011758,-0.011822,0.022291,5183.083772,2001-01-01 01:26:23.084 +0000,,,,-8.961585,-24.853293,-10.333975
-0.015855,-0.011762,-0.012897,0.023581,5183.063813,2001-01-01 01:26:23.064 +0000,,,,-8.97744,-24.865055,-10.346872
-0.014784,-0.012826,-0.012887,0.023434,5183.043824,2001-01-01 01:26:23.044 +0000,,,,-8.992224,-24.877881,-10.359759
-0.015866,-0.010694,-0.011832,0.022496,5183.023835,2001-01-01 01:26:23.024 +0000,,,,-9.00809,-24.888575,-10.371591
-0.01479,-0.012824,-0.011819,0.022866,5183.003877,2001-01-01 01:26:23.004 +0000,,,,-9.02288,-24.901399,-10.38341
-0.013718,-0.012826,-0.01288,0.022772,5182.983888,2001-01-01 01:26:22.984 +0000,,,,-9.036598,-24.914225,-10.39629
-0.01479,-0.012824,-0.011819,0.022866,5182.963929,2001-01-01 01:26:22.964 +0000,,,,-9.051388,-24.927049,-10.408109
-0.012664,-0.011757,-0.011807,0.020928,5182.94394,2001-01-01 01:26:22.944 +0000,,,,-9.064052,-24.938806,-10.419916
-0.01267,-0.011754,-0.010739,0.020347,5182.923982,2001-01-01 01:26:22.924 +0000,,,,-9.076722,-24.95056,-10.430655
-0.014799,-0.009631,-0.012896,0.021865,5182.903993,2001-01-01 01:26:22.904 +0000,,,,-9.091521,-24.960191,-10.443551
-0.015855,-0.011762,-0.012897,0.023581,5182.884034,2001-01-01 01:26:22.884 +0000,,,,-9.107376,-24.971953,-10.456448
-0.015861,-0.011759,-0.011829,0.023017,5182.864045,2001-01-01 01:26:22.864 +0000,,,,-9.123237,-24.983712,-10.468277
-0.016922,-0.012825,-0.011833,0.024307,5182.844056,2001-01-01 01:26:22.844 +0000,,,,-9.140159,-24.996537,-10.48011
-0.015861,-0.011759,-0.011829,0.023017,5182.824097,2001-01-01 01:26:22.824 +0000,,,,-9.15602,-25.008296,-10.491939
-0.015855,-0.011762,-0.012897,0.023581,5182.804108,2001-01-01 01:26:22.804 +0000,,,,-9.171875,-25.020058,-10.504836
-0.01479,-0.012824,-0.011819,0.022866,5182.78415,2001-01-01 01:26:22.784 +0000,,,,-9.186665,-25.032882,-10.516655
-0.013717,-0.011763,-0.013951,0.022829,5182.764161,2001-01-01 01:26:22.764 +0000,,,,-9.200382,-25.044645,-10.530606
-0.012657,-0.011759,-0.012876,0.021547,5182.744202,2001-01-01 01:26:22.744 +0000,,,,-9.213039,-25.056404,-10.543482
-0.012653,-0.013887,-0.011801,0.022186,5182.724213,2001-01-01 01:26:22.724 +0000,,,,-9.225692,-25.070291,-10.555283
-0.013723,-0.01176,-0.012883,0.022194,5182.704255,2001-01-01 01:26:22.704 +0000,,,,-9.239415,-25.082051,-10.568166
-0.013723,-0.01176,-0.012883,0.022194,5182.684266,2001-01-01 01:26:22.684 +0000,,,,-9.253138,-25.093811,-10.581049
-0.01479,-0.012824,-0.011819,0.022866,5182.664277,2001-01-01 01:26:22.664 +0000,,,,-9.267928,-25.106635,-10.592868
-0.013729,-0.011758,-0.011814,0.021594,5182.644318,2001-01-01 01:26:22.644 +0000,,,,-9.281657,-25.118393,-10.604682
-0.01692,-0.011763,-0.012904,0.024314,5182.624329,2001-01-01 01:26:22.624 +0000,,,,-9.298577,-25.130156,-10.617586
-0.016915,-0.012828,-0.012901,0.024842,5182.604371,2001-01-01 01:26:22.604 +0000,,,,-9.315492,-25.142984,-10.630487
-0.016917,-0.013891,-0.01183,0.024881,5182.584382,2001-01-01 01:26:22.584 +0000,,,,-9.332409,-25.156875,-10.642317
-0.015866,-0.010694,-0.011832,0.022496,5182.564423,2001-01-01 01:26:22.564 +0000,,,,-9.348275,-25.167569,-10.654149
-0.01479,-0.012824,-0.011819,0.022866,5182.544434,2001-01-01 01:26:22.544 +0000,,,,-9.363065,-25.180393,-10.665968
-0.013728,-0.010695,-0.012886,0.021654,5182.524476,2001-01-01 01:26:22.524 +0000,,,,-9.376793,-25.191088,-10.678854
-0.013734,-0.010692,-0.011817,0.021038,5182.504487,2001-01-01 01:26:22.504 +0000,,,,-9.390527,-25.20178,-10.690671
-0.012669,-0.010692,-0.01181,0.020354,5182.484498,2001-01-01 01:26:22.484 +0000,,,,-9.403196,-25.212472,-10.702481
-0.012657,-0.011759,-0.012876,0.021547,5182.464539,2001-01-01 01:26:22.465 +0000,,,,-9.415853,-25.224231,-10.715357
-0.012664,-0.011757,-0.011807,0.020928,5182.44455,2001-01-01 01:26:22.445 +0000,,,,-9.428517,-25.235988,-10.727164
-0.015862,-0.012822,-0.010757,0.023059,5182.424592,2001-01-01 01:26:22.425 +0000,,,,-9.444379,-25.24881,-10.737921
-0.015856,-0.012824,-0.011826,0.023574,5182.404603,2001-01-01 01:26:22.405 +0000,,,,-9.460235,-25.261634,-10.749747
-0.015856,-0.012824,-0.011826,0.023574,5182.384644,2001-01-01 01:26:22.385 +0000,,,,-9.476091,-25.274458,-10.761573
-0.01585,-0.012827,-0.012894,0.024125,5182.364678,2001-01-01 01:26:22.365 +0000,,,,-9.491941,-25.287285,-10.774467
-0.015839,-0.014958,-0.012888,0.025313,5182.34472,2001-01-01 01:26:22.345 +0000,,,,-9.50778,-25.302243,-10.787355
-0.015861,-0.011759,-0.011829,0.023017,5182.324731,2001-01-01 01:26:22.325 +0000,,,,-9.523641,-25.314002,-10.799184
-0.01374,-0.009627,-0.01182,0.020522,5182.304742,2001-01-01 01:26:22.305 +0000,,,,-9.537381,-25.323629,-10.811004
