x_rad_per_sec,y_rad_per_sec,z_rad_per_sec,rms_rad_per_sec,TimeInterval,Date,,,,Calculation,,Roll_x_angular_velocity
-0.30946,-0.110024,-0.029571,0.329765,91166.87616,2001-01-02 01:19:26.876 +0000,,,,,,-0.30946
-0.420623,-0.023858,-0.045514,0.42375,91166.85617,2001-01-02 01:19:26.856 +0000,,,,,,-0.420623
-0.54487,0.128337,-0.064931,0.563533,91166.83621,2001-01-02 01:19:26.836 +0000,,,,,,-0.54487
-0.567084,0.114429,-0.082139,0.584316,91166.81622,2001-01-02 01:19:26.816 +0000,,,,,,-0.567084
-0.578072,-0.130412,-0.009958,0.592684,91166.79626,2001-01-02 01:19:26.796 +0000,,,,,,-0.578072
-0.49341,-0.260247,0.016611,0.558084,91166.77627,2001-01-02 01:19:26.776 +0000,,,,,,-0.49341
-0.512292,-0.083459,0.003181,0.519056,91166.75631,2001-01-02 01:19:26.756 +0000,,,,,,-0.512292
-0.484481,-0.095175,-0.004079,0.493758,91166.73633,2001-01-02 01:19:26.736 +0000,,,,,,-0.484481
-0.43349,-0.07593,0.009035,0.440183,91166.71637,2001-01-02 01:19:26.716 +0000,,,,,,-0.43349
-0.427378,-0.031154,0.020708,0.429013,91166.69638,2001-01-02 01:19:26.696 +0000,,,,,,-0.427378
-0.390452,0.050894,0.018597,0.394194,91166.67642,2001-01-02 01:19:26.676 +0000,,,,,,-0.390452
-0.358603,0.094559,0.004802,0.370891,91166.65643,2001-01-02 01:19:26.656 +0000,,,,,,-0.358603
-0.287638,-0.0109,-0.014734,0.288221,91166.63647,2001-01-02 01:19:26.636 +0000,,,,,,-0.287638
-0.203029,-0.075861,-0.031082,0.218956,91166.61648,2001-01-02 01:19:26.616 +0000,,,,,,-0.203029
-0.175466,-0.020494,-0.05028,0.183675,91166.59652,2001-01-02 01:19:26.597 +0000,,,,,,-0.175466
-0.191576,0.024197,-0.065469,0.203895,91166.57654,2001-01-02 01:19:26.577 +0000,,,,,,-0.191576
-0.18272,0.007056,-0.107035,0.211879,91166.55658,2001-01-02 01:19:26.557 +0000,,,,,,-0.18272
-0.127802,-0.054801,-0.151374,0.205549,91166.53659,2001-01-02 01:19:26.537 +0000,,,,,,-0.127802
-0.006687,-0.13473,-0.200559,0.241704,91166.51663,2001-01-02 01:19:26.517 +0000,,,,,,-0.006687
0.060133,-0.093081,-0.178851,0.210399,91166.49664,2001-01-02 01:19:26.497 +0000,,,,,,0.060133
0.065184,-0.095088,-0.130728,0.174301,91166.47668,2001-01-02 01:19:26.477 +0000,,,,,,0.065184
0.072372,-0.134306,-0.053641,0.161719,91166.45669,2001-01-02 01:19:26.457 +0000,,,,,,0.072372
0.131555,-0.059631,-0.028868,0.147296,91166.4367,2001-01-02 01:19:26.437 +0000,,,,,,0.131555
0.15701,-0.061687,-0.006252,0.168809,91166.41675,2001-01-02 01:19:26.417 +0000,,,,,,0.15701
0.181903,0.038555,0.028904,0.188177,91166.39676,2001-01-02 01:19:26.397 +0000,,,,,,0.181903
0.200879,0.081183,0.029985,0.218728,91166.3768,2001-01-02 01:19:26.377 +0000,,,,,,0.200879
0.278898,0.054572,0.015624,0.284616,91166.35681,2001-01-02 01:19:26.357 +0000,,,,,,0.278898
0.273148,0.163185,-0.000737,0.318183,91166.33685,2001-01-02 01:19:26.337 +0000,,,,,,0.273148
0.20004,0.053445,0.014027,0.207531,91166.31686,2001-01-02 01:19:26.317 +0000,,,,,,0.20004
0.181199,-0.029638,0.022674,0.185002,91166.2969,2001-01-02 01:19:26.297 +0000,,,,,,0.181199
0.172583,0.016108,0.001121,0.173337,91166.27691,2001-01-02 01:19:26.277 +0000,,,,,,0.172583
0.172613,0.050117,-0.031027,0.1824,91166.25696,2001-01-02 01:19:26.257 +0000,,,,,,0.172613
0.18155,-0.040416,-0.027515,0.188019,91166.23697,2001-01-02 01:19:26.237 +0000,,,,,,0.18155
0.215906,-0.172326,0.036118,0.278597,91166.21701,2001-01-02 01:19:26.217 +0000,,,,,,0.215906
0.319128,-0.151982,0.047444,0.356641,91166.19702,2001-01-02 01:19:26.197 +0000,,,,,,0.319128
0.537182,-0.204177,-0.015053,0.574874,91166.17706,2001-01-02 01:19:26.177 +0000,,,,,,0.537182
0.651593,-0.260593,-0.031224,0.702465,91166.15707,2001-01-02 01:19:26.157 +0000,,,,,,0.651593
0.757915,-0.46285,-0.004312,0.888079,91166.13711,2001-01-02 01:19:26.137 +0000,,,,,,0.757915
0.829821,-0.683077,0.088664,1.078452,91166.11712,2001-01-02 01:19:26.117 +0000,,,,,,0.829821
0.879533,-0.532976,0.033029,1.028947,91166.09717,2001-01-02 01:19:26.097 +0000,,,,,,0.879533
0.935046,0.147719,0.010183,0.946697,91166.07718,2001-01-02 01:19:26.077 +0000,,,,,,0.935046
0.853769,0.650472,0.011473,1.073391,91166.05722,2001-01-02 01:19:26.057 +0000,,,,,,0.853769
0.6647,-0.167331,0.198341,0.713558,91166.03723,2001-01-02 01:19:26.037 +0000,,,,,,0.6647
0.588269,-0.651079,0.175633,0.89488,91166.01727,2001-01-02 01:19:26.017 +0000,,,,,,0.588269
0.746631,-0.1751,0.049324,0.768473,91165.99728,2001-01-02 01:19:25.997 +0000,,,,,,0.746631
0.7169,0.058107,0.022845,0.719613,91165.97734,2001-01-02 01:19:25.977 +0000,,,,,,0.7169
0.656974,0.115573,0.016942,0.667277,91165.95735,2001-01-02 01:19:25.957 +0000,,,,,,0.656974
0.617005,0.014322,0.008399,0.617228,91165.93739,2001-01-02 01:19:25.937 +0000,,,,,,0.617005
0.570723,-0.109295,0.004149,0.581108,91165.9174,2001-01-02 01:19:25.917 +0000,,,,,,0.570723
0.509134,-0.157278,0.003863,0.532887,91165.89744,2001-01-02 01:19:25.897 +0000,,,,,,0.509134
0.405432,-0.080675,-0.004524,0.413406,91165.87745,2001-01-02 01:19:25.877 +0000,,,,,,0.405432
0.265593,-0.026467,-0.012026,0.267179,91165.8575,2001-01-02 01:19:25.857 +0000,,,,,,0.265593
0.085735,-0.13409,0.028724,0.161727,91165.83751,2001-01-02 01:19:25.838 +0000,,,,,,0.085735
-0.042051,-0.149116,0.021492,0.156415,91165.81755,2001-01-02 01:19:25.818 +0000,,,,,,-0.042051
-0.112965,-0.023478,0.016398,0.116539,91165.79756,2001-01-02 01:19:25.798 +0000,,,,,,-0.112965
-0.093258,-0.085345,-0.021768,0.128275,91165.7776,2001-01-02 01:19:25.778 +0000,,,,,,-0.093258
-0.123089,-0.040719,-0.059488,0.142645,91165.75761,2001-01-02 01:19:25.758 +0000,,,,,,-0.123089
-0.263305,-0.024009,-0.152372,0.305161,91165.73765,2001-01-02 01:19:25.738 +0000,,,,,,-0.263305
-0.397047,0.134517,-0.19324,0.461609,91165.71766,2001-01-02 01:19:25.718 +0000,,,,,,-0.397047
-0.465631,0.390223,-0.157,0.627483,91165.69771,2001-01-02 01:19:25.698 +0000,,,,,,-0.465631
-0.474531,0.448846,-0.141192,0.668265,91165.67772,2001-01-02 01:19:25.678 +0000,,,,,,-0.474531
-0.490489,0.184714,-0.113869,0.536344,91165.65776,2001-01-02 01:19:25.658 +0000,,,,,,-0.490489
-0.512818,-0.01458,-0.142328,0.532402,91165.63777,2001-01-02 01:19:25.638 +0000,,,,,,-0.512818
-0.738795,0.008652,-0.157806,0.75551,91165.61781,2001-01-02 01:19:25.618 +0000,,,,,,-0.738795
-0.707879,0.009735,-0.159738,0.725743,91165.59782,2001-01-02 01:19:25.598 +0000,,,,,,-0.707879
-0.585355,-0.018861,-0.128915,0.599679,91165.57786,2001-01-02 01:19:25.578 +0000,,,,,,-0.585355
-0.582508,-0.002765,-0.082993,0.588397,91165.55787,2001-01-02 01:19:25.558 +0000,,,,,,-0.582508
-0.597762,0.017563,-0.043617,0.599608,91165.53792,2001-01-02 01:19:25.538 +0000,,,,,,-0.597762
-0.537118,0.034663,-0.03898,0.539645,91165.51793,2001-01-02 01:19:25.518 +0000,,,,,,-0.537118
-0.465411,-0.013249,-0.050119,0.46829,91165.49797,2001-01-02 01:19:25.498 +0000,,,,,,-0.465411
-0.457564,-0.10271,-0.043412,0.470955,91165.47798,2001-01-02 01:19:25.478 +0000,,,,,,-0.457564
-0.58256,-0.100553,0.003821,0.591187,91165.45802,2001-01-02 01:19:25.458 +0000,,,,,,-0.58256
-0.671485,-0.021753,0.017966,0.672078,91165.43803,2001-01-02 01:19:25.438 +0000,,,,,,-0.671485
-0.702967,0.132621,-0.009379,0.715429,91165.41807,2001-01-02 01:19:25.418 +0000,,,,,,-0.702967
-0.777153,0.280614,-0.019898,0.826503,91165.39808,2001-01-02 01:19:25.398 +0000,,,,,,-0.777153
-0.889682,0.16127,-0.000031,0.904181,91165.37813,2001-01-02 01:19:25.378 +0000,,,,,,-0.889682
-1.090677,-0.068707,0.108225,1.098185,91165.35814,2001-01-02 01:19:25.358 +0000,,,,,,-1.090677
-1.040219,-0.09859,0.071249,1.047307,91165.33818,2001-01-02 01:19:25.338 +0000,,,,,,-1.040219
-0.881036,-0.107134,0.015716,0.887665,91165.31819,2001-01-02 01:19:25.318 +0000,,,,,,-0.881036
-0.712849,-0.023994,-0.014362,0.713398,91165.29823,2001-01-02 01:19:25.298 +0000,,,,,,-0.712849
-0.573493,0.03682,-0.017861,0.574951,91165.27824,2001-01-02 01:19:25.278 +0000,,,,,,-0.573493
-0.416634,0.007091,-0.024201,0.417397,91165.25828,2001-01-02 01:19:25.258 +0000,,,,,,-0.416634
-0.240648,-0.006652,-0.033661,0.243082,91165.23829,2001-01-02 01:19:25.238 +0000,,,,,,-0.240648
-0.094703,0.009434,-0.033789,0.100992,91165.21834,2001-01-02 01:19:25.218 +0000,,,,,,-0.094703
0.018501,-0.041609,-0.030749,0.054946,91165.19835,2001-01-02 01:19:25.198 +0000,,,,,,0.018501
0.082554,-0.064994,-0.029185,0.109047,91165.17839,2001-01-02 01:19:25.178 +0000,,,,,,0.082554
0.129784,-0.119319,-0.04154,0.181126,91165.1584,2001-01-02 01:19:25.158 +0000,,,,,,0.129784
0.113693,-0.120351,-0.023481,0.167218,91165.13844,2001-01-02 01:19:25.138 +0000,,,,,,0.113693
0.061518,0.042697,0.016327,0.076642,91165.11845,2001-01-02 01:19:25.118 +0000,,,,,,0.061518
0.039125,0.043748,0.017241,0.061171,91165.09849,2001-01-02 01:19:25.098 +0000,,,,,,0.039125
0.108733,-0.008433,0.003962,0.109131,91165.0785,2001-01-02 01:19:25.079 +0000,,,,,,0.108733
0.182145,0.042707,-0.014915,0.187678,91165.05855,2001-01-02 01:19:25.059 +0000,,,,,,0.182145
0.172371,0.071481,-0.007579,0.186759,91165.03856,2001-01-02 01:19:25.039 +0000,,,,,,0.172371
0.07865,0.050119,-0.002811,0.093304,91165.0186,2001-01-02 01:19:25.019 +0000,,,,,,0.07865
0.008238,0.071358,-0.008686,0.072355,91164.99861,2001-01-02 01:19:24.999 +0000,,,,,,0.008238
-0.063163,0.061733,-0.002731,0.088363,91164.97869,2001-01-02 01:19:24.979 +0000,,,,,,-0.063163
-0.108704,-0.014969,0.009992,0.110184,91164.9587,2001-01-02 01:19:24.959 +0000,,,,,,-0.108704
-0.111002,0.030815,0.001304,0.115208,91164.93874,2001-01-02 01:19:24.939 +0000,,,,,,-0.111002
-0.063622,0.179935,-0.020152,0.191912,91164.91875,2001-01-02 01:19:24.919 +0000,,,,,,-0.063622
0.017872,0.104306,-0.041835,0.113795,91164.89879,2001-01-02 01:19:24.899 +0000,,,,,,0.017872
0.076705,0.045787,-0.030594,0.094425,91164.8788,2001-01-02 01:19:24.879 +0000,,,,,,0.076705
0.077207,0.126822,-0.000892,0.148478,91164.85885,2001-01-02 01:19:24.859 +0000,,,,,,0.077207
0.10409,0.08209,-0.004863,0.132655,91164.83886,2001-01-02 01:19:24.839 +0000,,,,,,0.10409
0.23166,-0.03188,-0.036816,0.236724,91164.8189,2001-01-02 01:19:24.819 +0000,,,,,,0.23166
0.380737,-0.000881,-0.038032,0.382633,91164.79891,2001-01-02 01:19:24.799 +0000,,,,,,0.380737
0.463996,0.178184,-0.022997,0.497565,91164.77895,2001-01-02 01:19:24.779 +0000,,,,,,0.463996
0.512378,0.327331,-0.033761,0.608947,91164.75896,2001-01-02 01:19:24.759 +0000,,,,,,0.512378
0.513587,0.298567,-0.034743,0.59508,91164.739,2001-01-02 01:19:24.739 +0000,,,,,,0.513587
0.538031,0.108927,-0.050091,0.551227,91164.71901,2001-01-02 01:19:24.719 +0000,,,,,,0.538031
0.479473,0.081216,-0.038657,0.487837,91164.69903,2001-01-02 01:19:24.699 +0000,,,,,,0.479473
0.42938,0.0546,-0.017552,0.433193,91164.67907,2001-01-02 01:19:24.679 +0000,,,,,,0.42938
0.470267,-0.024205,-0.019199,0.471281,91164.65908,2001-01-02 01:19:24.659 +0000,,,,,,0.470267
0.563268,-0.074219,-0.024847,0.568679,91164.63912,2001-01-02 01:19:24.639 +0000,,,,,,0.563268
0.723022,-0.017704,-0.049566,0.724936,91164.61913,2001-01-02 01:19:24.619 +0000,,,,,,0.723022
0.85855,0.186897,-0.06203,0.880844,91164.59917,2001-01-02 01:19:24.599 +0000,,,,,,0.85855
0.961032,0.150758,-0.060172,0.974644,91164.57918,2001-01-02 01:19:24.579 +0000,,,,,,0.961032
1.01824,-0.023858,-0.041146,1.01935,91164.55922,2001-01-02 01:19:24.559 +0000,,,,,,1.01824
1.079959,-0.004634,-0.039714,1.080699,91164.53924,2001-01-02 01:19:24.539 +0000,,,,,,1.079959
0.986891,0.07305,-0.044827,0.990605,91164.51928,2001-01-02 01:19:24.519 +0000,,,,,,0.986891
0.80133,0.075084,-0.028989,0.805362,91164.49929,2001-01-02 01:19:24.499 +0000,,,,,,0.80133
0.614044,-0.011295,-0.010784,0.614243,91164.47933,2001-01-02 01:19:24.479 +0000,,,,,,0.614044
0.46283,-0.035915,-0.013875,0.464429,91164.45934,2001-01-02 01:19:24.459 +0000,,,,,,0.46283
0.311146,0.043851,-0.021527,0.314957,91164.43938,2001-01-02 01:19:24.439 +0000,,,,,,0.311146
0.204308,0.087468,-0.013818,0.222673,91164.41939,2001-01-02 01:19:24.419 +0000,,,,,,0.204308
0.151034,0.074663,-0.006663,0.168613,91164.39943,2001-01-02 01:19:24.399 +0000,,,,,,0.151034
0.13321,0.013927,-0.007687,0.134156,91164.37945,2001-01-02 01:19:24.379 +0000,,,,,,0.13321
0.103587,-0.020208,-0.017411,0.106966,91164.35949,2001-01-02 01:19:24.359 +0000,,,,,,0.103587
0.05208,0.063888,-0.026535,0.086592,91164.3395,2001-01-02 01:19:24.339 +0000,,,,,,0.05208
0.033136,0.025501,-0.036175,0.055289,91164.31954,2001-01-02 01:19:24.320 +0000,,,,,,0.033136
-0.02835,-0.052294,-0.029967,0.066606,91164.29955,2001-01-02 01:19:24.300 +0000,,,,,,-0.02835
-0.136007,-0.051307,-0.029628,0.148351,91164.27959,2001-01-02 01:19:24.280 +0000,,,,,,-0.136007
-0.245164,0.041292,-0.029548,0.250367,91164.2596,2001-01-02 01:19:24.260 +0000,,,,,,-0.245164
-0.295357,0.078507,-0.04281,0.308597,91164.23964,2001-01-02 01:19:24.240 +0000,,,,,,-0.295357
-0.229327,0.064756,-0.023094,0.239411,91164.21966,2001-01-02 01:19:24.220 +0000,,,,,,-0.229327
-0.177125,0.067994,-0.021682,0.190962,91164.1997,2001-01-02 01:19:24.200 +0000,,,,,,-0.177125
-0.206048,0.078665,-0.005878,0.220632,91164.17971,2001-01-02 01:19:24.180 +0000,,,,,,-0.206048
-0.198741,0.129766,-0.020927,0.238275,91164.15975,2001-01-02 01:19:24.160 +0000,,,,,,-0.198741
-0.212219,0.047735,-0.018658,0.21832,91164.13976,2001-01-02 01:19:24.140 +0000,,,,,,-0.212219
-0.261134,-0.021453,0.017529,0.2626,91164.1198,2001-01-02 01:19:24.120 +0000,,,,,,-0.261134
-0.30392,-0.017168,0.039668,0.306979,91164.09981,2001-01-02 01:19:24.100 +0000,,,,,,-0.30392
-0.300633,-0.032087,0.036525,0.304539,91164.07985,2001-01-02 01:19:24.080 +0000,,,,,,-0.300633
-0.305811,-0.049165,0.024783,0.310728,91164.05986,2001-01-02 01:19:24.060 +0000,,,,,,-0.305811
-0.403124,-0.01827,0.05396,0.40713,91164.03991,2001-01-02 01:19:24.040 +0000,,,,,,-0.403124
-0.466206,0.051934,0.030905,0.470106,91164.01992,2001-01-02 01:19:24.020 +0000,,,,,,-0.466206
-0.44307,0.175408,-0.01522,0.476771,91163.99996,2001-01-02 01:19:24.000 +0000,,,,,,-0.44307
-0.395838,0.138092,-0.041513,0.421285,91163.98001,2001-01-02 01:19:23.980 +0000,,,,,,-0.395838
-0.364459,0.044361,-0.045321,0.369936,91163.96005,2001-01-02 01:19:23.960 +0000,,,,,,-0.364459
-0.294925,-0.020547,-0.036127,0.297839,91163.94006,2001-01-02 01:19:23.940 +0000,,,,,,-0.294925
-0.208543,0.00076,-0.061246,0.217352,91163.9201,2001-01-02 01:19:23.920 +0000,,,,,,-0.208543
-0.145165,0.138192,-0.075083,0.214026,91163.90011,2001-01-02 01:19:23.900 +0000,,,,,,-0.145165
-0.211451,0.146734,-0.047772,0.261772,91163.88015,2001-01-02 01:19:23.880 +0000,,,,,,-0.211451
-0.340968,-0.002418,-0.015117,0.341312,91163.86016,2001-01-02 01:19:23.860 +0000,,,,,,-0.340968
-0.4278,0.087031,-0.003124,0.436574,91163.8402,2001-01-02 01:19:23.840 +0000,,,,,,-0.4278
-0.495297,0.158359,-0.001636,0.519999,91163.82022,2001-01-02 01:19:23.820 +0000,,,,,,-0.495297
-0.516811,0.183941,0.010971,0.548678,91163.80026,2001-01-02 01:19:23.800 +0000,,,,,,-0.516811
-0.499549,0.146657,0.005847,0.520664,91163.78027,2001-01-02 01:19:23.780 +0000,,,,,,-0.499549
-0.489582,0.07315,0.00184,0.49502,91163.76031,2001-01-02 01:19:23.760 +0000,,,,,,-0.489582
-0.530067,0.069924,0.001575,0.534661,91163.74032,2001-01-02 01:19:23.740 +0000,,,,,,-0.530067
-0.613504,0.13803,-0.002378,0.628844,91163.72036,2001-01-02 01:19:23.720 +0000,,,,,,-0.613504
-0.690935,0.293483,-0.010803,0.75076,91163.70037,2001-01-02 01:19:23.700 +0000,,,,,,-0.690935
-0.732764,0.339277,-0.00373,0.807506,91163.68041,2001-01-02 01:19:23.680 +0000,,,,,,-0.732764
-0.738664,0.228498,0.001874,0.773201,91163.66043,2001-01-02 01:19:23.660 +0000,,,,,,-0.738664
-0.745579,0.308446,0.025117,0.807253,91163.64047,2001-01-02 01:19:23.640 +0000,,,,,,-0.745579
-0.673021,0.324413,-0.00115,0.747129,91163.62048,2001-01-02 01:19:23.620 +0000,,,,,,-0.673021
-0.565426,0.355346,-0.016535,0.668021,91163.60052,2001-01-02 01:19:23.601 +0000,,,,,,-0.565426
-0.426701,0.283084,0.013447,0.512242,91163.58053,2001-01-02 01:19:23.581 +0000,,,,,,-0.426701
-0.32136,0.123317,-0.007846,0.344298,91163.56057,2001-01-02 01:19:23.561 +0000,,,,,,-0.32136
-0.236297,0.17237,-0.012748,0.292763,91163.54058,2001-01-02 01:19:23.541 +0000,,,,,,-0.236297
-0.198386,0.276778,-0.019187,0.341074,91163.52062,2001-01-02 01:19:23.521 +0000,,,,,,-0.198386
-0.189206,0.109597,0.004836,0.218709,91163.50064,2001-01-02 01:19:23.501 +0000,,,,,,-0.189206
-0.146275,0.052094,0.001008,0.155278,91163.48068,2001-01-02 01:19:23.481 +0000,,,,,,-0.146275
-0.070185,-0.022445,-0.008961,0.074229,91163.46069,2001-01-02 01:19:23.461 +0000,,,,,,-0.070185
-0.003495,0.058595,0.003023,0.058777,91163.44073,2001-01-02 01:19:23.441 +0000,,,,,,-0.003495
0.055432,0.034058,-0.028568,0.071055,91163.42074,2001-01-02 01:19:23.421 +0000,,,,,,0.055432
0.09214,-0.028837,-0.056999,0.112118,91163.40078,2001-01-02 01:19:23.401 +0000,,,,,,0.09214
0.19175,-0.111894,-0.072129,0.233433,91163.38079,2001-01-02 01:19:23.381 +0000,,,,,,0.19175
0.213125,-0.131039,-0.06659,0.258897,91163.36083,2001-01-02 01:19:23.361 +0000,,,,,,0.213125
0.165234,0.089414,-0.076061,0.202688,91163.34085,2001-01-02 01:19:23.341 +0000,,,,,,0.165234
0.073288,0.100097,-0.037175,0.129509,91163.32089,2001-01-02 01:19:23.321 +0000,,,,,,0.073288
0.013968,0.048869,-0.057738,0.076922,91163.3009,2001-01-02 01:19:23.301 +0000,,,,,,0.013968
0.029844,0.068063,-0.054478,0.092147,91163.28094,2001-01-02 01:19:23.281 +0000,,,,,,0.029844
0.090128,-0.040583,-0.067666,0.119787,91163.26095,2001-01-02 01:19:23.261 +0000,,,,,,0.090128
0.157533,-0.093799,-0.068135,0.195595,91163.24099,2001-01-02 01:19:23.241 +0000,,,,,,0.157533
0.281505,0.067133,-0.074147,0.298747,91163.221,2001-01-02 01:19:23.221 +0000,,,,,,0.281505
0.362009,-0.071254,-0.058268,0.373527,91163.20104,2001-01-02 01:19:23.201 +0000,,,,,,0.362009
0.498789,-0.157417,-0.048563,0.52529,91163.18106,2001-01-02 01:19:23.181 +0000,,,,,,0.498789
0.566661,-0.282058,-0.070205,0.636859,91163.1611,2001-01-02 01:19:23.161 +0000,,,,,,0.566661
0.532542,-0.33311,-0.027556,0.628747,91163.14111,2001-01-02 01:19:23.141 +0000,,,,,,0.532542
0.436602,-0.333174,-0.024998,0.549773,91163.12115,2001-01-02 01:19:23.121 +0000,,,,,,0.436602
0.375732,-0.295959,-0.035126,0.479583,91163.10116,2001-01-02 01:19:23.101 +0000,,,,,,0.375732
0.376515,-0.400475,-0.08292,0.555895,91163.0812,2001-01-02 01:19:23.081 +0000,,,,,,0.376515
0.292685,-0.304562,-0.043143,0.424598,91163.06121,2001-01-02 01:19:23.061 +0000,,,,,,0.292685
0.275279,-0.223628,-0.048823,0.358011,91163.04125,2001-01-02 01:19:23.041 +0000,,,,,,0.275279
0.250821,-0.24068,-0.044668,0.350476,91163.02127,2001-01-02 01:19:23.021 +0000,,,,,,0.250821
0.257984,-0.167192,-0.053367,0.312021,91163.00131,2001-01-02 01:19:23.001 +0000,,,,,,0.257984
0.255557,-0.117103,-0.043903,0.284517,91162.98132,2001-01-02 01:19:22.981 +0000,,,,,,0.255557
0.237403,-0.109659,-0.044046,0.265189,91162.96139,2001-01-02 01:19:22.961 +0000,,,,,,0.237403
0.162738,-0.085238,-0.054233,0.191548,91162.9414,2001-01-02 01:19:22.941 +0000,,,,,,0.162738
0.178536,-0.057505,-0.044585,0.192795,91162.92144,2001-01-02 01:19:22.921 +0000,,,,,,0.178536
0.24358,-0.058533,-0.048417,0.25515,91162.90145,2001-01-02 01:19:22.901 +0000,,,,,,0.24358
0.284523,0.071464,-0.047426,0.297169,91162.88149,2001-01-02 01:19:22.881 +0000,,,,,,0.284523
0.287082,-0.036092,-0.033225,0.291244,91162.8615,2001-01-02 01:19:22.862 +0000,,,,,,0.287082
0.286367,-0.128733,-0.018019,0.314489,91162.84152,2001-01-02 01:19:22.842 +0000,,,,,,0.286367
0.337838,-0.185173,-0.024998,0.386068,91162.82156,2001-01-02 01:19:22.822 +0000,,,,,,0.337838
0.366644,-0.18729,-0.028003,0.412662,91162.80157,2001-01-02 01:19:22.802 +0000,,,,,,0.366644
0.351326,-0.12122,-0.014396,0.37193,91162.78161,2001-01-02 01:19:22.782 +0000,,,,,,0.351326
0.314639,-0.041323,-0.003107,0.317357,91162.76162,2001-01-02 01:19:22.762 +0000,,,,,,0.314639
0.296081,0.056657,-0.007772,0.301553,91162.74166,2001-01-02 01:19:22.742 +0000,,,,,,0.296081
0.273463,-0.097864,-0.023533,0.291399,91162.72167,2001-01-02 01:19:22.722 +0000,,,,,,0.273463
0.289824,-0.156481,-0.039291,0.331705,91162.70171,2001-01-02 01:19:22.702 +0000,,,,,,0.289824
0.260885,-0.158561,-0.010631,0.305476,91162.68173,2001-01-02 01:19:22.682 +0000,,,,,,0.260885
0.271465,-0.134068,-0.017037,0.303246,91162.66177,2001-01-02 01:19:22.662 +0000,,,,,,0.271465
0.322111,0.008646,-0.044864,0.325336,91162.64178,2001-01-02 01:19:22.642 +0000,,,,,,0.322111
0.415471,0.108833,-0.051986,0.432623,91162.62182,2001-01-02 01:19:22.622 +0000,,,,,,0.415471
0.563615,0.138713,-0.074575,0.585205,91162.60183,2001-01-02 01:19:22.602 +0000,,,,,,0.563615
0.650146,0.109989,-0.084598,0.664788,91162.58187,2001-01-02 01:19:22.582 +0000,,,,,,0.650146
0.625712,-0.144602,-0.073386,0.646383,91162.56188,2001-01-02 01:19:22.562 +0000,,,,,,0.625712
0.609611,-0.117988,-0.075704,0.625522,91162.54192,2001-01-02 01:19:22.542 +0000,,,,,,0.609611
0.581593,-0.072165,-0.061058,0.589226,91162.52194,2001-01-02 01:19:22.522 +0000,,,,,,0.581593
0.509093,-0.077524,-0.052985,0.517681,91162.50198,2001-01-02 01:19:22.502 +0000,,,,,,0.509093
0.358761,-0.080804,-0.042237,0.370165,91162.48199,2001-01-02 01:19:22.482 +0000,,,,,,0.358761
0.201043,-0.090498,-0.039001,0.223896,91162.46203,2001-01-02 01:19:22.462 +0000,,,,,,0.201043
0.081503,-0.073506,-0.024894,0.112542,91162.44204,2001-01-02 01:19:22.442 +0000,,,,,,0.081503
0.012142,-0.063955,-0.018977,0.067807,91162.42208,2001-01-02 01:19:22.422 +0000,,,,,,0.012142
-0.067085,-0.018149,0.003871,0.069604,91162.40209,2001-01-02 01:19:22.402 +0000,,,,,,-0.067085
-0.120231,-0.041638,-0.001767,0.12725,91162.38213,2001-01-02 01:19:22.382 +0000,,,,,,-0.120231
-0.155456,-0.012937,-0.015973,0.156809,91162.36215,2001-01-02 01:19:22.362 +0000,,,,,,-0.155456
-0.224654,-0.047043,-0.002457,0.22954,91162.34219,2001-01-02 01:19:22.342 +0000,,,,,,-0.224654
-0.331366,-0.050257,0.021408,0.335838,91162.3222,2001-01-02 01:19:22.322 +0000,,,,,,-0.331366
-0.429582,-0.017305,0.021724,0.430479,91162.30224,2001-01-02 01:19:22.302 +0000,,,,,,-0.429582
-0.45636,0.034825,0.002168,0.457692,91162.28225,2001-01-02 01:19:22.282 +0000,,,,,,-0.45636
-0.434754,0.196765,0.002942,0.477217,91162.26229,2001-01-02 01:19:22.262 +0000,,,,,,-0.434754
-0.397772,0.025314,0.015411,0.398875,91162.2423,2001-01-02 01:19:22.242 +0000,,,,,,-0.397772
-0.299181,-0.070521,0.002447,0.307389,91162.22234,2001-01-02 01:19:22.222 +0000,,,,,,-0.299181
-0.205761,-0.194068,-0.014752,0.283227,91162.20236,2001-01-02 01:19:22.202 +0000,,,,,,-0.205761
-0.138884,-0.12799,-0.02196,0.190138,91162.1824,2001-01-02 01:19:22.182 +0000,,,,,,-0.138884
-0.216694,0.031873,0.029438,0.220995,91162.16241,2001-01-02 01:19:22.162 +0000,,,,,,-0.216694
-0.301878,-0.001182,0.041775,0.304757,91162.14245,2001-01-02 01:19:22.142 +0000,,,,,,-0.301878
-0.339192,-0.000142,0.042589,0.341855,91162.12246,2001-01-02 01:19:22.122 +0000,,,,,,-0.339192
-0.359628,0.04032,0.041272,0.364227,91162.1025,2001-01-02 01:19:22.103 +0000,,,,,,-0.359628
-0.408677,0.05305,0.034496,0.413547,91162.08251,2001-01-02 01:19:22.083 +0000,,,,,,-0.408677
-0.476582,-0.008791,0.032068,0.47774,91162.06255,2001-01-02 01:19:22.063 +0000,,,,,,-0.476582
-0.522218,-0.06419,0.043665,0.527957,91162.04257,2001-01-02 01:19:22.043 +0000,,,,,,-0.522218
-0.545887,-0.016274,0.042306,0.547766,91162.02261,2001-01-02 01:19:22.023 +0000,,,,,,-0.545887
-0.496841,-0.005613,0.030855,0.497829,91162.00262,2001-01-02 01:19:22.003 +0000,,,,,,-0.496841
-0.397375,-0.060967,0.017786,0.402418,91161.98266,2001-01-02 01:19:21.983 +0000,,,,,,-0.397375
-0.268644,-0.004428,0.01209,0.268952,91161.96271,2001-01-02 01:19:21.963 +0000,,,,,,-0.268644
-0.085261,0.007377,-0.007007,0.085866,91161.94275,2001-01-02 01:19:21.943 +0000,,,,,,-0.085261
0.107986,-0.039398,-0.024808,0.117595,91161.92276,2001-01-02 01:19:21.923 +0000,,,,,,0.107986
0.291147,-0.232072,-0.02198,0.37297,91161.90281,2001-01-02 01:19:21.903 +0000,,,,,,0.291147
0.37312,-0.204329,-0.027913,0.426319,91161.88282,2001-01-02 01:19:21.883 +0000,,,,,,0.37312
0.326966,-0.121302,-0.040204,0.351052,91161.86286,2001-01-02 01:19:21.863 +0000,,,,,,0.326966
0.223344,-0.113838,-0.006731,0.250773,91161.84287,2001-01-02 01:19:21.843 +0000,,,,,,0.223344
0.133769,-0.126643,0.010864,0.184528,91161.82291,2001-01-02 01:19:21.823 +0000,,,,,,0.133769
0.115459,-0.08086,0.006342,0.1411,91161.80292,2001-01-02 01:19:21.803 +0000,,,,,,0.115459
0.142181,-0.075557,-0.010589,0.161358,91161.78296,2001-01-02 01:19:21.783 +0000,,,,,,0.142181
0.178216,-0.022288,-0.019038,0.18061,91161.76297,2001-01-02 01:19:21.763 +0000,,,,,,0.178216
0.192641,0.061919,-0.003142,0.202372,91161.74302,2001-01-02 01:19:21.743 +0000,,,,,,0.192641
0.247164,0.047006,-0.018761,0.252292,91161.72303,2001-01-02 01:19:21.723 +0000,,,,,,0.247164
0.346557,0.010819,-0.035088,0.348497,91161.70307,2001-01-02 01:19:21.703 +0000,,,,,,0.346557
0.403286,-0.04665,-0.029207,0.407024,91161.68308,2001-01-02 01:19:21.683 +0000,,,,,,0.403286
0.391689,-0.077543,-0.025996,0.400137,91161.66312,2001-01-02 01:19:21.663 +0000,,,,,,0.391689
0.311915,-0.112754,-0.02537,0.332638,91161.64313,2001-01-02 01:19:21.643 +0000,,,,,,0.311915
0.189124,-0.057468,-0.03276,0.200359,91161.62317,2001-01-02 01:19:21.623 +0000,,,,,,0.189124
0.057741,0.007407,-0.037028,0.068993,91161.60318,2001-01-02 01:19:21.603 +0000,,,,,,0.057741
-0.070148,-0.003323,-0.030383,0.076518,91161.58323,2001-01-02 01:19:21.583 +0000,,,,,,-0.070148
-0.127674,-0.017199,-0.024322,0.131103,91161.56324,2001-01-02 01:19:21.563 +0000,,,,,,-0.127674
-0.113897,0.007297,-0.030707,0.118189,91161.54328,2001-01-02 01:19:21.543 +0000,,,,,,-0.113897
-0.108687,0.029677,-0.028595,0.116238,91161.52329,2001-01-02 01:19:21.523 +0000,,,,,,-0.108687
-0.167694,0.067005,0.006166,0.18069,91161.50333,2001-01-02 01:19:21.503 +0000,,,,,,-0.167694
-0.179487,0.077657,0.009263,0.195786,91161.48334,2001-01-02 01:19:21.483 +0000,,,,,,-0.179487
-0.139791,0.046746,-0.009619,0.147713,91161.46338,2001-01-02 01:19:21.463 +0000,,,,,,-0.139791
-0.1004,0.042541,0.001344,0.109049,91161.44339,2001-01-02 01:19:21.443 +0000,,,,,,-0.1004
-0.129088,-0.004296,0.023716,0.131319,91161.42344,2001-01-02 01:19:21.423 +0000,,,,,,-0.129088
-0.093534,-0.091608,0.029536,0.134213,91161.40345,2001-01-02 01:19:21.403 +0000,,,,,,-0.093534
0.025963,-0.096888,0.013261,0.101179,91161.38349,2001-01-02 01:19:21.383 +0000,,,,,,0.025963
0.08341,-0.063843,0.00501,0.105158,91161.3635,2001-01-02 01:19:21.363 +0000,,,,,,0.08341
0.076014,-0.084075,0.010358,0.113816,91161.34354,2001-01-02 01:19:21.344 +0000,,,,,,0.076014
0.005491,-0.0394,0.004418,0.040025,91161.32355,2001-01-02 01:19:21.324 +0000,,,,,,0.005491
-0.017051,0.006365,-0.005475,0.019006,91161.30359,2001-01-02 01:19:21.304 +0000,,,,,,-0.017051
-0.015992,0.026569,-0.020482,0.037164,91161.2836,2001-01-02 01:19:21.284 +0000,,,,,,-0.015992
-0.077908,0.043575,-0.01774,0.091012,91161.26365,2001-01-02 01:19:21.264 +0000,,,,,,-0.077908
-0.15016,0.001965,-0.022389,0.151832,91161.24366,2001-01-02 01:19:21.244 +0000,,,,,,-0.15016
-0.134881,-0.049205,-0.04138,0.149419,91161.2237,2001-01-02 01:19:21.224 +0000,,,,,,-0.134881
-0.099001,0.032834,-0.046703,0.114283,91161.20371,2001-01-02 01:19:21.204 +0000,,,,,,-0.099001
-0.037163,0.029682,-0.047346,0.06711,91161.18375,2001-01-02 01:19:21.184 +0000,,,,,,-0.037163
-0.011465,-0.007559,-0.037455,0.039893,91161.16376,2001-01-02 01:19:21.164 +0000,,,,,,-0.011465
-0.017078,0.015945,-0.008707,0.024934,91161.1438,2001-01-02 01:19:21.144 +0000,,,,,,-0.017078
0.019398,-0.054295,0.007758,0.058176,91161.12381,2001-01-02 01:19:21.124 +0000,,,,,,0.019398
0.067644,-0.12242,0.01468,0.140634,91161.10386,2001-01-02 01:19:21.104 +0000,,,,,,0.067644
0.078289,-0.122407,0.016889,0.14628,91161.08387,2001-01-02 01:19:21.084 +0000,,,,,,0.078289
0.027924,-0.06492,0.016393,0.072547,91161.06391,2001-01-02 01:19:21.064 +0000,,,,,,0.027924
-0.107061,0.059657,0.032239,0.12673,91161.04392,2001-01-02 01:19:21.044 +0000,,,,,,-0.107061
-0.159035,0.02443,0.018094,0.161915,91161.02396,2001-01-02 01:19:21.024 +0000,,,,,,-0.159035
-0.121464,-0.006485,-0.001871,0.121652,91161.00397,2001-01-02 01:19:21.004 +0000,,,,,,-0.121464
-0.090501,0.00202,-0.017712,0.09224,91160.98401,2001-01-02 01:19:20.984 +0000,,,,,,-0.090501
-0.104765,0.078727,-0.010538,0.131471,91160.96404,2001-01-02 01:19:20.964 +0000,,,,,,-0.104765
-0.120963,0.109635,-0.000046,0.163254,91160.94409,2001-01-02 01:19:20.944 +0000,,,,,,-0.120963
-0.119239,-0.003333,-0.020029,0.120955,91160.9241,2001-01-02 01:19:20.924 +0000,,,,,,-0.119239
-0.097883,-0.002271,-0.027367,0.101663,91160.90414,2001-01-02 01:19:20.904 +0000,,,,,,-0.097883
-0.112896,0.031777,-0.039315,0.123697,91160.88415,2001-01-02 01:19:20.884 +0000,,,,,,-0.112896
-0.098811,0.006176,-0.057315,0.114397,91160.86419,2001-01-02 01:19:20.864 +0000,,,,,,-0.098811
-0.041729,-0.126924,-0.050157,0.142712,91160.8442,2001-01-02 01:19:20.844 +0000,,,,,,-0.041729
-0.001108,-0.157775,-0.045525,0.164216,91160.82421,2001-01-02 01:19:20.824 +0000,,,,,,-0.001108
-0.085119,-0.2536,-0.000954,0.267506,91160.80425,2001-01-02 01:19:20.804 +0000,,,,,,-0.085119
-0.089276,-0.28129,0.003368,0.295136,91160.78427,2001-01-02 01:19:20.784 +0000,,,,,,-0.089276
-0.060787,-0.204601,-0.009471,0.21365,91160.76431,2001-01-02 01:19:20.764 +0000,,,,,,-0.060787
-0.095543,-0.050198,-0.024016,0.110567,91160.74432,2001-01-02 01:19:20.744 +0000,,,,,,-0.095543
-0.15992,0.015848,-0.005396,0.160794,91160.72436,2001-01-02 01:19:20.724 +0000,,,,,,-0.15992
-0.124591,-0.011833,-0.009357,0.125501,91160.70437,2001-01-02 01:19:20.704 +0000,,,,,,-0.124591
-0.061158,-0.107699,-0.024696,0.126291,91160.68441,2001-01-02 01:19:20.684 +0000,,,,,,-0.061158
-0.132925,-0.041688,-0.01788,0.140452,91160.66442,2001-01-02 01:19:20.664 +0000,,,,,,-0.132925
-0.189985,0.062698,-0.005727,0.200145,91160.64446,2001-01-02 01:19:20.644 +0000,,,,,,-0.189985
-0.271368,0.129775,0.004227,0.300832,91160.62448,2001-01-02 01:19:20.624 +0000,,,,,,-0.271368
-0.304251,0.065896,0.028754,0.312631,91160.60452,2001-01-02 01:19:20.605 +0000,,,,,,-0.304251
-0.309021,-0.094878,0.063352,0.329407,91160.58453,2001-01-02 01:19:20.585 +0000,,,,,,-0.309021
-0.355874,0.077746,0.096759,0.376899,91160.56457,2001-01-02 01:19:20.565 +0000,,,,,,-0.355874
-0.362136,0.298204,0.076884,0.475372,91160.54458,2001-01-02 01:19:20.545 +0000,,,,,,-0.362136
-0.34119,0.169287,0.063485,0.386134,91160.52462,2001-01-02 01:19:20.525 +0000,,,,,,-0.34119
-0.332076,0.04147,0.067099,0.341316,91160.50463,2001-01-02 01:19:20.505 +0000,,,,,,-0.332076
-0.319005,-0.009669,0.060916,0.324913,91160.48467,2001-01-02 01:19:20.485 +0000,,,,,,-0.319005
-0.326157,-0.059771,0.04925,0.335226,91160.46469,2001-01-02 01:19:20.465 +0000,,,,,,-0.326157
-0.362415,-0.035337,0.032911,0.365618,91160.44473,2001-01-02 01:19:20.445 +0000,,,,,,-0.362415
-0.43882,-0.086565,0.017576,0.447622,91160.42474,2001-01-02 01:19:20.425 +0000,,,,,,-0.43882
-0.517546,-0.100505,0.00426,0.527232,91160.40478,2001-01-02 01:19:20.405 +0000,,,,,,-0.517546
-0.64047,-0.048353,0.021453,0.642651,91160.38479,2001-01-02 01:19:20.385 +0000,,,,,,-0.64047
-0.663099,0.045291,-0.012078,0.664753,91160.36483,2001-01-02 01:19:20.365 +0000,,,,,,-0.663099
-0.649973,0.070058,0.090521,0.659975,91160.34484,2001-01-02 01:19:20.345 +0000,,,,,,-0.649973
-0.452214,0.09973,-0.030036,0.464053,91160.32488,2001-01-02 01:19:20.325 +0000,,,,,,-0.452214
-0.396747,0.054037,-0.000687,0.400411,91160.3049,2001-01-02 01:19:20.305 +0000,,,,,,-0.396747
-0.387819,-0.079019,0.038201,0.397626,91160.28494,2001-01-02 01:19:20.285 +0000,,,,,,-0.387819
-0.405074,-0.021537,0.026175,0.40649,91160.26495,2001-01-02 01:19:20.265 +0000,,,,,,-0.405074
-0.446818,0.0104,0.03008,0.44795,91160.24499,2001-01-02 01:19:20.245 +0000,,,,,,-0.446818
-0.476477,-0.03754,0.03749,0.479422,91160.225,2001-01-02 01:19:20.225 +0000,,,,,,-0.476477
-0.476152,-0.104655,0.036606,0.48889,91160.20504,2001-01-02 01:19:20.205 +0000,,,,,,-0.476152
-0.464548,-0.052501,0.015172,0.467752,91160.18505,2001-01-02 01:19:20.185 +0000,,,,,,-0.464548
-0.472989,0.191364,-0.015466,0.510468,91160.16509,2001-01-02 01:19:20.165 +0000,,,,,,-0.472989
-0.489204,0.223342,-0.00284,0.537783,91160.14511,2001-01-02 01:19:20.145 +0000,,,,,,-0.489204
-0.493088,0.132813,0.005928,0.510696,91160.12515,2001-01-02 01:19:20.125 +0000,,,,,,-0.493088
-0.456584,0.080634,0.003111,0.46366,91160.10516,2001-01-02 01:19:20.105 +0000,,,,,,-0.456584
-0.383769,0.02101,-0.005853,0.384388,91160.0852,2001-01-02 01:19:20.085 +0000,,,,,,-0.383769
-0.316568,0.009342,-0.005367,0.316751,91160.06521,2001-01-02 01:19:20.065 +0000,,,,,,-0.316568
-0.266484,0.003004,0.001399,0.266504,91160.04525,2001-01-02 01:19:20.045 +0000,,,,,,-0.266484
-0.236583,-0.006566,-0.00051,0.236675,91160.02526,2001-01-02 01:19:20.025 +0000,,,,,,-0.236583
-0.205802,0.024342,-0.003592,0.207268,91160.0053,2001-01-02 01:19:20.005 +0000,,,,,,-0.205802
-0.163183,0.029695,-0.005456,0.165953,91159.98532,2001-01-02 01:19:19.985 +0000,,,,,,-0.163183
-0.122761,0.028694,0.00871,0.12637,91159.9654,2001-01-02 01:19:19.965 +0000,,,,,,-0.122761
-0.077888,-0.001086,0.014436,0.079222,91159.94542,2001-01-02 01:19:19.945 +0000,,,,,,-0.077888
-0.013795,-0.018109,0.00423,0.023155,91159.92546,2001-01-02 01:19:19.925 +0000,,,,,,-0.013795
0.051398,-0.033019,-0.013454,0.062555,91159.90547,2001-01-02 01:19:19.905 +0000,,,,,,0.051398
0.063015,-0.026587,-0.000571,0.068397,91159.88551,2001-01-02 01:19:19.886 +0000,,,,,,0.063015
0.014885,-0.013795,0.017234,0.026624,91159.86552,2001-01-02 01:19:19.866 +0000,,,,,,0.014885
-0.015013,0.003217,0.012712,0.019933,91159.84556,2001-01-02 01:19:19.846 +0000,,,,,,-0.015013
0.056457,0.03195,-0.020008,0.067886,91159.82557,2001-01-02 01:19:19.826 +0000,,,,,,0.056457
0.130973,0.062874,-0.029205,0.14819,91159.80561,2001-01-02 01:19:19.806 +0000,,,,,,0.130973
0.19381,0.067193,-0.024519,0.206587,91159.78563,2001-01-02 01:19:19.786 +0000,,,,,,0.19381
0.223543,0.118292,-0.046896,0.257223,91159.76567,2001-01-02 01:19:19.766 +0000,,,,,,0.223543
0.303731,0.085289,-0.062293,0.32157,91159.74568,2001-01-02 01:19:19.746 +0000,,,,,,0.303731
0.283202,-0.118118,-0.03196,0.308508,91159.72572,2001-01-02 01:19:19.726 +0000,,,,,,0.283202
0.237385,0.107677,-0.036088,0.263151,91159.70573,2001-01-02 01:19:19.706 +0000,,,,,,0.237385
0.176938,0.033084,-0.027746,0.18213,91159.68577,2001-01-02 01:19:19.686 +0000,,,,,,0.176938
0.105899,-0.064934,-0.011931,0.124794,91159.66578,2001-01-02 01:19:19.666 +0000,,,,,,0.105899
0.118846,-0.072432,-0.032125,0.142838,91159.64582,2001-01-02 01:19:19.646 +0000,,,,,,0.118846
0.054155,0.079861,-0.02977,0.100979,91159.62584,2001-01-02 01:19:19.626 +0000,,,,,,0.054155
-0.017923,0.203413,-0.016701,0.204883,91159.60588,2001-01-02 01:19:19.606 +0000,,,,,,-0.017923
-0.028636,0.185354,0.006783,0.187675,91159.58589,2001-01-02 01:19:19.586 +0000,,,,,,-0.028636
0.039314,0.001143,0.019495,0.043898,91159.56593,2001-01-02 01:19:19.566 +0000,,,,,,0.039314
0.21055,-0.087266,-0.027192,0.229534,91159.54594,2001-01-02 01:19:19.546 +0000,,,,,,0.21055
0.359045,-0.129827,-0.05065,0.385141,91159.52598,2001-01-02 01:19:19.526 +0000,,,,,,0.359045
0.411572,0.345143,-0.123176,0.551079,91159.50599,2001-01-02 01:19:19.506 +0000,,,,,,0.411572
0.381823,0.266409,-0.076149,0.471763,91159.48603,2001-01-02 01:19:19.486 +0000,,,,,,0.381823
0.426928,0.273742,-0.138906,0.52583,91159.46605,2001-01-02 01:19:19.466 +0000,,,,,,0.426928
0.458937,0.230162,-0.109722,0.525011,91159.44609,2001-01-02 01:19:19.446 +0000,,,,,,0.458937
0.436869,0.180046,-0.122557,0.488151,91159.4261,2001-01-02 01:19:19.426 +0000,,,,,,0.436869
0.309296,0.208966,-0.021988,0.373917,91159.40614,2001-01-02 01:19:19.406 +0000,,,,,,0.309296
0.208315,0.215156,-0.072906,0.308225,91159.38615,2001-01-02 01:19:19.386 +0000,,,,,,0.208315
0.153542,0.562323,-0.102001,0.591766,91159.36619,2001-01-02 01:19:19.366 +0000,,,,,,0.153542
0.265522,0.441177,-0.016503,0.515182,91159.3462,2001-01-02 01:19:19.346 +0000,,,,,,0.265522
0.315501,0.262207,-0.032776,0.411543,91159.32624,2001-01-02 01:19:19.326 +0000,,,,,,0.315501
0.366153,0.126991,-0.018176,0.387976,91159.30626,2001-01-02 01:19:19.306 +0000,,,,,,0.366153
0.439316,-0.0072,-0.025865,0.440136,91159.2863,2001-01-02 01:19:19.286 +0000,,,,,,0.439316
0.54942,-0.052969,-0.043163,0.553652,91159.26631,2001-01-02 01:19:19.266 +0000,,,,,,0.54942
0.621324,-0.137111,-0.058476,0.638954,91159.24635,2001-01-02 01:19:19.246 +0000,,,,,,0.621324
0.676944,-0.131837,-0.095513,0.696244,91159.22636,2001-01-02 01:19:19.226 +0000,,,,,,0.676944
0.666136,-0.133909,-0.068868,0.682943,91159.2064,2001-01-02 01:19:19.206 +0000,,,,,,0.666136
0.634839,-0.066791,-0.057508,0.640928,91159.18641,2001-01-02 01:19:19.186 +0000,,,,,,0.634839
0.611697,-0.133915,-0.055344,0.628625,91159.16645,2001-01-02 01:19:19.166 +0000,,,,,,0.611697
0.56914,-0.125472,-0.074888,0.587598,91159.14647,2001-01-02 01:19:19.146 +0000,,,,,,0.56914
0.458887,-0.036051,-0.067327,0.465198,91159.12651,2001-01-02 01:19:19.127 +0000,,,,,,0.458887
0.373196,0.026789,-0.046706,0.377061,91159.10652,2001-01-02 01:19:19.107 +0000,,,,,,0.373196
0.364949,-0.026492,-0.050891,0.369431,91159.08656,2001-01-02 01:19:19.087 +0000,,,,,,0.364949
0.403028,-0.187324,-0.052334,0.447505,91159.06657,2001-01-02 01:19:19.067 +0000,,,,,,0.403028
0.408449,-0.25221,-0.015791,0.480302,91159.04661,2001-01-02 01:19:19.047 +0000,,,,,,0.408449
0.418405,-0.128584,0.003173,0.437729,91159.02662,2001-01-02 01:19:19.027 +0000,,,,,,0.418405
0.431699,-0.050729,0.035107,0.436085,91159.00666,2001-01-02 01:19:19.007 +0000,,,,,,0.431699
0.461864,-0.083799,0.007619,0.469467,91158.98668,2001-01-02 01:19:18.987 +0000,,,,,,0.461864
0.476447,-0.21805,-0.006877,0.524018,91158.96676,2001-01-02 01:19:18.967 +0000,,,,,,0.476447
0.477073,-0.331005,-0.021525,0.581056,91158.94677,2001-01-02 01:19:18.947 +0000,,,,,,0.477073
0.51935,-0.230889,-0.041813,0.569897,91158.92681,2001-01-02 01:19:18.927 +0000,,,,,,0.51935
0.56472,-0.072252,-0.09109,0.576564,91158.90682,2001-01-02 01:19:18.907 +0000,,,,,,0.56472
0.530636,-0.075476,-0.09238,0.543879,91158.88686,2001-01-02 01:19:18.887 +0000,,,,,,0.530636
0.395553,0.052332,-0.062652,0.403888,91158.86687,2001-01-02 01:19:18.867 +0000,,,,,,0.395553
0.303804,0.046985,-0.044023,0.310552,91158.84691,2001-01-02 01:19:18.847 +0000,,,,,,0.303804
0.251687,0.015006,-0.036809,0.254807,91158.82692,2001-01-02 01:19:18.827 +0000,,,,,,0.251687
0.21652,0.012852,-0.035972,0.219863,91158.80697,2001-01-02 01:19:18.807 +0000,,,,,,0.21652
0.121648,-0.005286,-0.019466,0.123309,91158.78698,2001-01-02 01:19:18.787 +0000,,,,,,0.121648
0.048212,-0.039405,-0.010253,0.063106,91158.76702,2001-01-02 01:19:18.767 +0000,,,,,,0.048212
0.014172,-0.038395,-0.022239,0.046579,91158.74703,2001-01-02 01:19:18.747 +0000,,,,,,0.014172
-0.010448,0.004157,-0.038548,0.040155,91158.72707,2001-01-02 01:19:18.727 +0000,,,,,,-0.010448
-0.044379,-0.035278,-0.036533,0.067444,91158.70708,2001-01-02 01:19:18.707 +0000,,,,,,-0.044379
-0.10528,-0.027819,-0.017731,0.110328,91158.68712,2001-01-02 01:19:18.687 +0000,,,,,,-0.10528
-0.12781,0.00731,-0.021184,0.129759,91158.66713,2001-01-02 01:19:18.667 +0000,,,,,,-0.12781
-0.134244,0.026459,-0.029828,0.14004,91158.64718,2001-01-02 01:19:18.647 +0000,,,,,,-0.134244
-0.234493,0.021095,-0.01553,0.235952,91158.62719,2001-01-02 01:19:18.627 +0000,,,,,,-0.234493
-0.325643,0.138206,-0.016464,0.35414,91158.60723,2001-01-02 01:19:18.607 +0000,,,,,,-0.325643
-0.409522,0.071031,-0.016847,0.415978,91158.58724,2001-01-02 01:19:18.587 +0000,,,,,,-0.409522
-0.437479,0.104071,-0.002167,0.449693,91158.56728,2001-01-02 01:19:18.567 +0000,,,,,,-0.437479
-0.488498,0.046564,0.020084,0.491123,91158.54729,2001-01-02 01:19:18.547 +0000,,,,,,-0.488498
-0.513707,-0.297454,0.053973,0.596059,91158.52733,2001-01-02 01:19:18.527 +0000,,,,,,-0.513707
-0.45274,-0.364477,0.071662,0.585622,91158.50734,2001-01-02 01:19:18.507 +0000,,,,,,-0.45274
-0.318689,-0.027875,0.022501,0.320696,91158.48735,2001-01-02 01:19:18.487 +0000,,,,,,-0.318689
-0.299667,0.035997,-0.001052,0.301824,91158.4674,2001-01-02 01:19:18.467 +0000,,,,,,-0.299667
-0.438321,-0.152689,-0.013228,0.464343,91158.44741,2001-01-02 01:19:18.447 +0000,,,,,,-0.438321
-0.487122,-0.197472,-0.015573,0.525857,91158.42745,2001-01-02 01:19:18.427 +0000,,,,,,-0.487122
-0.412008,-0.096183,-0.002519,0.423094,91158.40746,2001-01-02 01:19:18.407 +0000,,,,,,-0.412008
-0.37758,0.065753,-0.007001,0.383327,91158.3875,2001-01-02 01:19:18.388 +0000,,,,,,-0.37758
-0.320825,0.024221,-0.018259,0.322256,91158.36751,2001-01-02 01:19:18.368 +0000,,,,,,-0.320825
-0.35865,-0.077035,-0.028924,0.367968,91158.34755,2001-01-02 01:19:18.348 +0000,,,,,,-0.35865
-0.386103,0.078503,-0.017778,0.394404,91158.32756,2001-01-02 01:19:18.328 +0000,,,,,,-0.386103
-0.532563,-0.038813,-0.029133,0.53477,91158.30761,2001-01-02 01:19:18.308 +0000,,,,,,-0.532563
-0.612077,0.053891,0.004271,0.614459,91158.28762,2001-01-02 01:19:18.288 +0000,,,,,,-0.612077
-0.7252,0.027289,0.049526,0.727401,91158.26766,2001-01-02 01:19:18.268 +0000,,,,,,-0.7252
-0.741674,-0.113301,0.064756,0.753067,91158.24767,2001-01-02 01:19:18.248 +0000,,,,,,-0.741674
-0.660322,-0.17505,0.055856,0.685411,91158.22771,2001-01-02 01:19:18.228 +0000,,,,,,-0.660322
-0.54306,-0.160088,0.040579,0.567617,91158.20772,2001-01-02 01:19:18.208 +0000,,,,,,-0.54306
-0.472863,-0.133396,0.044186,0.493301,91158.18776,2001-01-02 01:19:18.188 +0000,,,,,,-0.472863
-0.4506,-0.131203,0.062495,0.473455,91158.16777,2001-01-02 01:19:18.168 +0000,,,,,,-0.4506
-0.431695,-0.084293,0.072111,0.44572,91158.14782,2001-01-02 01:19:18.148 +0000,,,,,,-0.431695
-0.389416,0.022201,0.046463,0.392806,91158.12783,2001-01-02 01:19:18.128 +0000,,,,,,-0.389416
-0.355507,0.085035,0.029425,0.366718,91158.10787,2001-01-02 01:19:18.108 +0000,,,,,,-0.355507
-0.371338,0.030737,0.046562,0.375506,91158.08788,2001-01-02 01:19:18.088 +0000,,,,,,-0.371338
-0.385121,0.001991,0.057232,0.389355,91158.06792,2001-01-02 01:19:18.068 +0000,,,,,,-0.385121
-0.373738,0.076563,0.054969,0.38544,91158.04793,2001-01-02 01:19:18.048 +0000,,,,,,-0.373738
-0.351092,0.027565,0.049913,0.355692,91158.02797,2001-01-02 01:19:18.028 +0000,,,,,,-0.351092
-0.408748,0.031817,0.063403,0.414858,91158.00798,2001-01-02 01:19:18.008 +0000,,,,,,-0.408748
-0.489391,0.14581,0.09033,0.518578,91157.98803,2001-01-02 01:19:17.988 +0000,,,,,,-0.489391
-0.529214,0.223552,0.093055,0.581981,91157.96805,2001-01-02 01:19:17.968 +0000,,,,,,-0.529214
-0.534496,0.220339,0.087686,0.584743,91157.9481,2001-01-02 01:19:17.948 +0000,,,,,,-0.534496
-0.518522,0.240557,0.073848,0.576356,91157.92811,2001-01-02 01:19:17.928 +0000,,,,,,-0.518522
-0.449667,0.121266,0.061815,0.469816,91157.90815,2001-01-02 01:19:17.908 +0000,,,,,,-0.449667
-0.392502,0.004079,0.042217,0.394787,91157.88816,2001-01-02 01:19:17.888 +0000,,,,,,-0.392502
-0.34139,0.028589,0.030742,0.343961,91157.8682,2001-01-02 01:19:17.868 +0000,,,,,,-0.34139
-0.296072,0.130899,0.035044,0.325609,91157.84821,2001-01-02 01:19:17.848 +0000,,,,,,-0.296072
-0.228457,0.036133,0.032552,0.233576,91157.82825,2001-01-02 01:19:17.828 +0000,,,,,,-0.228457
-0.164328,0.0074,0.025584,0.166472,91157.80826,2001-01-02 01:19:17.808 +0000,,,,,,-0.164328
-0.096041,0.016988,0.005717,0.097699,91157.78831,2001-01-02 01:19:17.788 +0000,,,,,,-0.096041
-0.039219,-0.026698,-0.015151,0.049804,91157.76832,2001-01-02 01:19:17.768 +0000,,,,,,-0.039219
-0.030912,0.016989,-0.013077,0.037619,91157.74836,2001-01-02 01:19:17.748 +0000,,,,,,-0.030912
-0.04709,0.05852,-0.014367,0.076475,91157.72837,2001-01-02 01:19:17.728 +0000,,,,,,-0.04709
-0.038215,0.010539,-0.034479,0.052538,91157.70841,2001-01-02 01:19:17.708 +0000,,,,,,-0.038215
0.037214,-0.13859,-0.052798,0.152905,91157.68842,2001-01-02 01:19:17.688 +0000,,,,,,0.037214
0.134432,-0.174761,-0.06166,0.228943,91157.66846,2001-01-02 01:19:17.668 +0000,,,,,,0.134432
0.192757,-0.118247,-0.057146,0.233245,91157.64847,2001-01-02 01:19:17.648 +0000,,,,,,0.192757
0.28838,-0.050009,-0.06096,0.298965,91157.62852,2001-01-02 01:19:17.629 +0000,,,,,,0.28838
0.326737,-0.079744,-0.034976,0.338141,91157.60853,2001-01-02 01:19:17.609 +0000,,,,,,0.326737
0.284892,-0.077532,0.009613,0.295411,91157.58857,2001-01-02 01:19:17.589 +0000,,,,,,0.284892
0.243593,-0.114885,-0.005523,0.269382,91157.56858,2001-01-02 01:19:17.569 +0000,,,,,,0.243593
0.224357,-0.054278,-0.045353,0.235242,91157.54862,2001-01-02 01:19:17.549 +0000,,,,,,0.224357
0.20358,0.08201,-0.066165,0.229234,91157.52863,2001-01-02 01:19:17.529 +0000,,,,,,0.20358
0.197291,0.063888,-0.069364,0.21867,91157.50867,2001-01-02 01:19:17.509 +0000,,,,,,0.197291
0.220424,-0.091629,-0.070922,0.249023,91157.48868,2001-01-02 01:19:17.489 +0000,,,,,,0.220424
0.244597,-0.247135,-0.068199,0.354337,91157.46873,2001-01-02 01:19:17.469 +0000,,,,,,0.244597
0.238778,-0.164008,-0.052437,0.294386,91157.44874,2001-01-02 01:19:17.449 +0000,,,,,,0.238778
0.272234,-0.034007,-0.047222,0.278384,91157.42878,2001-01-02 01:19:17.429 +0000,,,,,,0.272234
0.303335,-0.048948,-0.067273,0.314537,91157.40879,2001-01-02 01:19:17.409 +0000,,,,,,0.303335
0.293983,-0.117098,-0.05326,0.320897,91157.38883,2001-01-02 01:19:17.389 +0000,,,,,,0.293983
0.305755,-0.124551,-0.055298,0.334749,91157.36884,2001-01-02 01:19:17.369 +0000,,,,,,0.305755
0.325565,-0.242808,-0.065528,0.41139,91157.34888,2001-01-02 01:19:17.349 +0000,,,,,,0.325565
0.366008,-0.237438,-0.059927,0.440375,91157.32889,2001-01-02 01:19:17.329 +0000,,,,,,0.366008
0.364745,-0.221409,-0.039677,0.428527,91157.30894,2001-01-02 01:19:17.309 +0000,,,,,,0.364745
0.378089,-0.124438,-0.031303,0.399269,91157.28895,2001-01-02 01:19:17.289 +0000,,,,,,0.378089
0.394919,-0.072238,-0.035605,0.403047,91157.26899,2001-01-02 01:19:17.269 +0000,,,,,,0.394919
0.376514,-0.025354,-0.025171,0.378205,91157.249,2001-01-02 01:19:17.249 +0000,,,,,,0.376514
0.35649,-0.074368,-0.024105,0.364962,91157.22904,2001-01-02 01:19:17.229 +0000,,,,,,0.35649
0.368496,-0.140393,-0.018502,0.394768,91157.20905,2001-01-02 01:19:17.209 +0000,,,,,,0.368496
0.4,-0.050868,-0.011053,0.403373,91157.18909,2001-01-02 01:19:17.189 +0000,,,,,,0.4
0.399728,-0.017797,0.008089,0.400206,91157.1691,2001-01-02 01:19:17.169 +0000,,,,,,0.399728
0.390007,0.006703,0.010093,0.390195,91157.14915,2001-01-02 01:19:17.149 +0000,,,,,,0.390007
0.369033,-0.066814,0.01122,0.375201,91157.12916,2001-01-02 01:19:17.129 +0000,,,,,,0.369033
0.323121,-0.041298,0.00443,0.32578,91157.1092,2001-01-02 01:19:17.109 +0000,,,,,,0.323121
0.308879,0.042842,0.001968,0.311842,91157.08921,2001-01-02 01:19:17.089 +0000,,,,,,0.308879
0.355888,0.021567,0.000206,0.356541,91157.06925,2001-01-02 01:19:17.069 +0000,,,,,,0.355888
0.462028,-0.075362,-0.026595,0.468889,91157.04926,2001-01-02 01:19:17.049 +0000,,,,,,0.462028
0.601663,-0.047622,-0.050304,0.605638,91157.0293,2001-01-02 01:19:17.029 +0000,,,,,,0.601663
0.615787,0.112195,-0.044232,0.627485,91157.00931,2001-01-02 01:19:17.009 +0000,,,,,,0.615787
0.517498,0.158998,-0.042886,0.543069,91156.98936,2001-01-02 01:19:16.989 +0000,,,,,,0.517498
0.404344,0.188757,-0.037319,0.44779,91156.96939,2001-01-02 01:19:16.969 +0000,,,,,,0.404344
0.390329,0.003379,-0.041184,0.39251,91156.94943,2001-01-02 01:19:16.949 +0000,,,,,,0.390329
0.318093,-0.061627,-0.029741,0.32537,91156.92944,2001-01-02 01:19:16.929 +0000,,,,,,0.318093
0.232221,0.050194,-0.017802,0.23825,91156.90948,2001-01-02 01:19:16.909 +0000,,,,,,0.232221
0.197992,0.094872,-0.033114,0.222032,91156.8895,2001-01-02 01:19:16.889 +0000,,,,,,0.197992
0.21857,0.029898,-0.036004,0.223525,91156.86954,2001-01-02 01:19:16.870 +0000,,,,,,0.21857
0.248839,-0.078699,-0.020545,0.261795,91156.84955,2001-01-02 01:19:16.850 +0000,,,,,,0.248839
0.21576,-0.074455,-0.017575,0.228921,91156.82959,2001-01-02 01:19:16.830 +0000,,,,,,0.21576
0.193188,-0.007413,-0.039279,0.19728,91156.8096,2001-01-02 01:19:16.810 +0000,,,,,,0.193188
0.16254,-0.03944,-0.057564,0.176885,91156.78964,2001-01-02 01:19:16.790 +0000,,,,,,0.16254
0.085473,-0.001087,-0.033613,0.091851,91156.76965,2001-01-02 01:19:16.770 +0000,,,,,,0.085473
0.034243,-0.01279,-0.012556,0.03865,91156.74969,2001-01-02 01:19:16.750 +0000,,,,,,0.034243
-0.023496,0.022329,-0.009836,0.033873,91156.72971,2001-01-02 01:19:16.730 +0000,,,,,,-0.023496
-0.073802,0.071286,-0.013514,0.103494,91156.70975,2001-01-02 01:19:16.710 +0000,,,,,,-0.073802
-0.161095,0.030777,0.000966,0.164011,91156.68976,2001-01-02 01:19:16.690 +0000,,,,,,-0.161095
-0.21757,-0.000102,0.023108,0.218793,91156.6698,2001-01-02 01:19:16.670 +0000,,,,,,-0.21757
-0.227443,0.056355,0.025025,0.235653,91156.64981,2001-01-02 01:19:16.650 +0000,,,,,,-0.227443
-0.229548,0.05209,0.023954,0.236599,91156.62985,2001-01-02 01:19:16.630 +0000,,,,,,-0.229548
-0.273835,-0.062963,0.035721,0.283242,91156.60986,2001-01-02 01:19:16.610 +0000,,,,,,-0.273835
-0.214166,-0.034206,0.015744,0.217451,91156.5899,2001-01-02 01:19:16.590 +0000,,,,,,-0.214166
-0.147741,-0.054501,-0.025425,0.159512,91156.56992,2001-01-02 01:19:16.570 +0000,,,,,,-0.147741
-0.066561,-0.028999,-0.075166,0.104505,91156.54996,2001-01-02 01:19:16.550 +0000,,,,,,-0.066561
-0.025079,0.011467,-0.093161,0.097156,91156.52997,2001-01-02 01:19:16.530 +0000,,,,,,-0.025079
-0.03268,0.037036,-0.090076,0.102729,91156.51001,2001-01-02 01:19:16.510 +0000,,,,,,-0.03268
-0.018237,0.129741,-0.08382,0.155535,91156.49002,2001-01-02 01:19:16.490 +0000,,,,,,-0.018237
-0.074154,0.008261,-0.082798,0.111457,91156.47006,2001-01-02 01:19:16.470 +0000,,,,,,-0.074154
-0.159847,-0.178121,-0.041198,0.242849,91156.45007,2001-01-02 01:19:16.450 +0000,,,,,,-0.159847
-0.182927,-0.133194,0.039731,0.229743,91156.43011,2001-01-02 01:19:16.430 +0000,,,,,,-0.182927
-0.152414,-0.064965,0.051505,0.173502,91156.41013,2001-01-02 01:19:16.410 +0000,,,,,,-0.152414
-0.146469,0.04048,0.04271,0.157847,91156.39017,2001-01-02 01:19:16.390 +0000,,,,,,-0.146469
-0.194887,-0.091642,0.045948,0.220205,91156.37018,2001-01-02 01:19:16.370 +0000,,,,,,-0.194887
-0.276282,-0.059643,0.085915,0.295416,91156.35022,2001-01-02 01:19:16.350 +0000,,,,,,-0.276282
-0.336784,-0.11614,0.088866,0.367163,91156.33023,2001-01-02 01:19:16.330 +0000,,,,,,-0.336784
-0.286288,-0.161986,0.058345,0.334073,91156.31027,2001-01-02 01:19:16.310 +0000,,,,,,-0.286288
-0.191472,-0.09173,0.009642,0.21253,91156.29028,2001-01-02 01:19:16.290 +0000,,,,,,-0.191472
-0.147909,-0.035294,-0.012656,0.152587,91156.27032,2001-01-02 01:19:16.270 +0000,,,,,,-0.147909
-0.145481,-0.074753,-0.030697,0.166418,91156.25034,2001-01-02 01:19:16.250 +0000,,,,,,-0.145481
-0.211411,-0.078054,-0.053572,0.23164,91156.23038,2001-01-02 01:19:16.230 +0000,,,,,,-0.211411
-0.294399,-0.080303,-0.076564,0.314613,91156.21039,2001-01-02 01:19:16.210 +0000,,,,,,-0.294399
-0.391015,0.064504,-0.076541,0.403624,91156.19043,2001-01-02 01:19:16.190 +0000,,,,,,-0.391015
-0.439291,0.098621,-0.051316,0.45314,91156.17044,2001-01-02 01:19:16.170 +0000,,,,,,-0.439291
-0.421845,0.019796,-0.054189,0.425772,91156.15048,2001-01-02 01:19:16.150 +0000,,,,,,-0.421845
-0.405369,-0.089901,-0.048437,0.418034,91156.13049,2001-01-02 01:19:16.130 +0000,,,,,,-0.405369
-0.437528,-0.053701,-0.046616,0.443269,91156.11053,2001-01-02 01:19:16.111 +0000,,,,,,-0.437528
-0.47408,0.00594,-0.041682,0.475946,91156.09054,2001-01-02 01:19:16.091 +0000,,,,,,-0.47408
-0.481687,0.036827,-0.041817,0.4849,91156.07059,2001-01-02 01:19:16.071 +0000,,,,,,-0.481687
-0.518159,0.099624,-0.052919,0.530296,91156.0506,2001-01-02 01:19:16.051 +0000,,,,,,-0.518159
-0.603798,0.162443,-0.040846,0.6266,91156.03064,2001-01-02 01:19:16.031 +0000,,,,,,-0.603798
-0.691048,0.104906,-0.019908,0.699249,91156.01065,2001-01-02 01:19:16.011 +0000,,,,,,-0.691048
-0.773506,0.14966,0.009332,0.787906,91155.99069,2001-01-02 01:19:15.991 +0000,,,,,,-0.773506
-0.797173,0.17844,0.022985,0.817223,91155.97074,2001-01-02 01:19:15.971 +0000,,,,,,-0.797173
-0.754588,0.172112,0.036112,0.774809,91155.95078,2001-01-02 01:19:15.951 +0000,,,,,,-0.754588
-0.684674,0.036878,0.03802,0.68672,91155.93079,2001-01-02 01:19:15.931 +0000,,,,,,-0.684674
-0.599394,0.055009,0.02145,0.602295,91155.91083,2001-01-02 01:19:15.911 +0000,,,,,,-0.599394
-0.456416,0.046543,0.002136,0.458788,91155.89084,2001-01-02 01:19:15.891 +0000,,,,,,-0.456416
-0.282587,0.042378,-0.01057,0.285943,91155.87088,2001-01-02 01:19:15.871 +0000,,,,,,-0.282587
-0.21432,0.021142,-0.002572,0.215376,91155.85089,2001-01-02 01:19:15.851 +0000,,,,,,-0.21432
-0.187663,0.015841,-0.000241,0.18833,91155.83094,2001-01-02 01:19:15.831 +0000,,,,,,-0.187663
-0.142856,0.029678,-0.018141,0.14703,91155.81095,2001-01-02 01:19:15.811 +0000,,,,,,-0.142856
-0.120455,0.029687,-0.021195,0.125857,91155.79099,2001-01-02 01:19:15.791 +0000,,,,,,-0.120455
-0.133206,0.014777,-0.015898,0.134963,91155.771,2001-01-02 01:19:15.771 +0000,,,,,,-0.133206
-0.164155,0.012644,-0.007553,0.164815,91155.75104,2001-01-02 01:19:15.751 +0000,,,,,,-0.164155
-0.160843,-0.018233,-0.002104,0.161887,91155.73105,2001-01-02 01:19:15.731 +0000,,,,,,-0.160843
-0.151529,0.050995,-0.010778,0.160242,91155.71109,2001-01-02 01:19:15.711 +0000,,,,,,-0.151529
-0.153478,0.012644,-0.010687,0.154368,91155.6911,2001-01-02 01:19:15.691 +0000,,,,,,-0.153478
-0.147828,-0.057654,-0.008321,0.158891,91155.67115,2001-01-02 01:19:15.671 +0000,,,,,,-0.147828
-0.125488,-0.044862,-0.01141,0.133753,91155.65116,2001-01-02 01:19:15.651 +0000,,,,,,-0.125488
-0.096878,-0.004371,-0.015601,0.098223,91155.6312,2001-01-02 01:19:15.631 +0000,,,,,,-0.096878
-0.06518,0.091452,-0.045566,0.121195,91155.61121,2001-01-02 01:19:15.611 +0000,,,,,,-0.06518
-0.054655,0.10321,-0.032705,0.121281,91155.59125,2001-01-02 01:19:15.591 +0000,,,,,,-0.054655
-0.040449,0.025464,-0.029192,0.056006,91155.57126,2001-01-02 01:19:15.571 +0000,,,,,,-0.040449
-0.042412,-0.008629,-0.030181,0.052765,91155.5513,2001-01-02 01:19:15.551 +0000,,,,,,-0.042412
-0.005035,-0.025642,-0.028814,0.038899,91155.53131,2001-01-02 01:19:15.531 +0000,,,,,,-0.005035
0.019315,0.007402,-0.027671,0.034548,91155.51136,2001-01-02 01:19:15.511 +0000,,,,,,0.019315
0.006425,0.013813,-0.016022,0.022108,91155.49137,2001-01-02 01:19:15.491 +0000,,,,,,0.006425
-0.023155,-0.05755,-0.003205,0.062116,91155.47141,2001-01-02 01:19:15.471 +0000,,,,,,-0.023155
-0.060374,-0.082066,0.001953,0.1019,91155.45142,2001-01-02 01:19:15.451 +0000,,,,,,-0.060374
-0.062633,-0.036298,-0.013146,0.073575,91155.43146,2001-01-02 01:19:15.431 +0000,,,,,,-0.062633
-0.020295,0.040404,-0.024823,0.05158,91155.41147,2001-01-02 01:19:15.411 +0000,,,,,,-0.020295
0.036042,0.109614,-0.054549,0.127631,91155.39151,2001-01-02 01:19:15.392 +0000,,,,,,0.036042
0.064727,0.143694,-0.066201,0.170939,91155.37152,2001-01-02 01:19:15.372 +0000,,,,,,0.064727
0.03795,-0.07041,-0.05191,0.095354,91155.35157,2001-01-02 01:19:15.352 +0000,,,,,,0.03795
0.013431,-0.090626,-0.034924,0.098046,91155.33158,2001-01-02 01:19:15.332 +0000,,,,,,0.013431
-0.034067,0.020159,-0.022723,0.045643,91155.31162,2001-01-02 01:19:15.312 +0000,,,,,,-0.034067
-0.053472,0.063825,-0.020836,0.085832,91155.29163,2001-01-02 01:19:15.292 +0000,,,,,,-0.053472
-0.039444,0.038248,-0.02922,0.06223,91155.27167,2001-01-02 01:19:15.272 +0000,,,,,,-0.039444
-0.045568,-0.010775,-0.035539,0.058784,91155.25168,2001-01-02 01:19:15.252 +0000,,,,,,-0.045568
-0.058867,-0.13328,-0.031022,0.148967,91155.23172,2001-01-02 01:19:15.232 +0000,,,,,,-0.058867
-0.126526,-0.03318,-0.025339,0.133236,91155.21173,2001-01-02 01:19:15.212 +0000,,,,,,-0.126526
-0.135076,0.214984,-0.041031,0.257191,91155.19178,2001-01-02 01:19:15.192 +0000,,,,,,-0.135076
-0.123968,0.325818,-0.026298,0.349595,91155.17179,2001-01-02 01:19:15.172 +0000,,,,,,-0.123968
-0.050961,-0.067099,0.02014,0.086631,91155.15183,2001-01-02 01:19:15.152 +0000,,,,,,-0.050961
0.117455,-0.2673,-0.000618,0.291968,91155.13184,2001-01-02 01:19:15.132 +0000,,,,,,0.117455
0.342567,-0.089679,-0.179091,0.396822,91155.11188,2001-01-02 01:19:15.112 +0000,,,,,,0.342567
0.429919,0.22448,-0.243466,0.542676,91155.09189,2001-01-02 01:19:15.092 +0000,,,,,,0.429919
0.435759,0.307642,-0.21694,0.575841,91155.07193,2001-01-02 01:19:15.072 +0000,,,,,,0.435759
0.30297,0.355648,-0.15065,0.490889,91155.05194,2001-01-02 01:19:15.052 +0000,,,,,,0.30297
0.249707,0.305628,-0.115613,0.411252,91155.03199,2001-01-02 01:19:15.032 +0000,,,,,,0.249707
0.242824,0.17993,-0.112112,0.322347,91155.012,2001-01-02 01:19:15.012 +0000,,,,,,0.242824
0.227727,-0.0182,-0.103128,0.250652,91154.99204,2001-01-02 01:19:14.992 +0000,,,,,,0.227727
0.221381,-0.040552,-0.093493,0.243711,91154.97205,2001-01-02 01:19:14.972 +0000,,,,,,0.221381
0.245158,0.066089,-0.055156,0.259832,91154.95214,2001-01-02 01:19:14.952 +0000,,,,,,0.245158
0.331626,-0.101264,-0.122502,0.367746,91154.93215,2001-01-02 01:19:14.932 +0000,,,,,,0.331626
0.344917,-0.210969,-0.118909,0.421444,91154.91219,2001-01-02 01:19:14.912 +0000,,,,,,0.344917
0.290077,-0.158713,-0.079886,0.340171,91154.8922,2001-01-02 01:19:14.892 +0000,,,,,,0.290077
0.192374,-0.051109,-0.046646,0.20444,91154.87224,2001-01-02 01:19:14.872 +0000,,,,,,0.192374
0.122937,-0.030894,-0.036484,0.131906,91154.85226,2001-01-02 01:19:14.852 +0000,,,,,,0.122937
0.063723,0.07031,-0.017926,0.096568,91154.8323,2001-01-02 01:19:14.832 +0000,,,,,,0.063723
-0.024989,0.074601,0.01993,0.08116,91154.81231,2001-01-02 01:19:14.812 +0000,,,,,,-0.024989
-0.066465,0.034132,0.036857,0.083313,91154.79235,2001-01-02 01:19:14.792 +0000,,,,,,-0.066465
-0.018075,-0.026611,0.013841,0.03502,91154.77236,2001-01-02 01:19:14.772 +0000,,,,,,-0.018075
0.074124,-0.105441,-0.013104,0.129552,91154.7524,2001-01-02 01:19:14.752 +0000,,,,,,0.074124
0.161631,-0.123495,-0.016738,0.204098,91154.73241,2001-01-02 01:19:14.732 +0000,,,,,,0.161631
0.225844,-0.187347,-0.00972,0.293597,91154.71245,2001-01-02 01:19:14.712 +0000,,,,,,0.225844
0.293449,-0.264036,-0.025083,0.395546,91154.69247,2001-01-02 01:19:14.692 +0000,,,,,,0.293449
0.307185,-0.206565,-0.050791,0.373646,91154.67251,2001-01-02 01:19:14.673 +0000,,,,,,0.307185
0.259522,-0.048933,-0.048336,0.268482,91154.65252,2001-01-02 01:19:14.653 +0000,,,,,,0.259522
0.18325,0.058639,-0.034184,0.195416,91154.63256,2001-01-02 01:19:14.633 +0000,,,,,,0.18325
0.165866,0.131059,-0.036635,0.214546,91154.61257,2001-01-02 01:19:14.613 +0000,,,,,,0.165866
0.204915,0.021299,-0.062786,0.215374,91154.59261,2001-01-02 01:19:14.593 +0000,,,,,,0.204915
0.24097,-0.15659,-0.06847,0.295424,91154.57262,2001-01-02 01:19:14.573 +0000,,,,,,0.24097
0.282707,-0.23424,-0.034853,0.368791,91154.55266,2001-01-02 01:19:14.553 +0000,,,,,,0.282707
0.370531,-0.351301,-0.012572,0.510748,91154.53268,2001-01-02 01:19:14.533 +0000,,,,,,0.370531
0.491786,-0.287318,-0.021544,0.569973,91154.51272,2001-01-02 01:19:14.513 +0000,,,,,,0.491786
0.602464,-0.235071,-0.03483,0.647638,91154.49273,2001-01-02 01:19:14.493 +0000,,,,,,0.602464
0.648572,-0.072045,-0.032825,0.653387,91154.47277,2001-01-02 01:19:14.473 +0000,,,,,,0.648572
0.621097,0.097322,-0.029197,0.629354,91154.45278,2001-01-02 01:19:14.453 +0000,,,,,,0.621097
0.580686,0.091939,-0.04014,0.589288,91154.43282,2001-01-02 01:19:14.433 +0000,,,,,,0.580686
0.508644,0.0024,-0.041451,0.510335,91154.41283,2001-01-02 01:19:14.413 +0000,,,,,,0.508644
0.386676,0.073735,-0.021098,0.394208,91154.39287,2001-01-02 01:19:14.393 +0000,,,,,,0.386676
0.302416,0.065192,-0.004547,0.309396,91154.37289,2001-01-02 01:19:14.373 +0000,,,,,,0.302416
0.361396,-0.00402,-0.009304,0.361538,91154.35293,2001-01-02 01:19:14.353 +0000,,,,,,0.361396
0.48343,-0.083887,-0.033907,0.491824,91154.33294,2001-01-02 01:19:14.333 +0000,,,,,,0.48343
0.554169,-0.139284,-0.055718,0.574115,91154.31298,2001-01-02 01:19:14.313 +0000,,,,,,0.554169
0.527599,-0.156346,-0.054783,0.552997,91154.29299,2001-01-02 01:19:14.293 +0000,,,,,,0.527599
0.429209,-0.093553,-0.049206,0.442033,91154.27303,2001-01-02 01:19:14.273 +0000,,,,,,0.429209
0.227567,-0.069165,-0.035674,0.240507,91154.25304,2001-01-02 01:19:14.253 +0000,,,,,,0.227567
-0.063018,0.034031,-0.004792,0.07178,91154.23308,2001-01-02 01:19:14.233 +0000,,,,,,-0.063018
-0.348478,0.179841,0.026009,0.393009,91154.2131,2001-01-02 01:19:14.213 +0000,,,,,,-0.348478
-0.600357,0.030512,0.023647,0.601596,91154.19314,2001-01-02 01:19:14.193 +0000,,,,,,-0.600357
-0.644894,0.047395,-0.027988,0.647239,91154.17315,2001-01-02 01:19:14.173 +0000,,,,,,-0.644894
-0.684419,0.00594,0.019941,0.684735,91154.15319,2001-01-02 01:19:14.153 +0000,,,,,,-0.684419
-0.670702,0.068734,-0.00685,0.67425,91154.1332,2001-01-02 01:19:14.133 +0000,,,,,,-0.670702
-0.623524,0.240265,-0.012341,0.668328,91154.11324,2001-01-02 01:19:14.113 +0000,,,,,,-0.623524
-0.495532,0.070833,-0.070853,0.505559,91154.09325,2001-01-02 01:19:14.093 +0000,,,,,,-0.495532
-0.388812,0.065539,-0.089351,0.404294,91154.07329,2001-01-02 01:19:14.073 +0000,,,,,,-0.388812
-0.387065,0.084838,-0.040241,0.398292,91154.0533,2001-01-02 01:19:14.053 +0000,,,,,,-0.387065
-0.554763,0.092308,0.01417,0.562569,91154.03335,2001-01-02 01:19:14.033 +0000,,,,,,-0.554763
-0.647255,0.294586,-0.008374,0.71119,91154.01336,2001-01-02 01:19:14.013 +0000,,,,,,-0.647255
-0.74047,0.413794,-0.02215,0.848535,91153.9934,2001-01-02 01:19:13.993 +0000,,,,,,-0.74047
-0.806352,0.341368,0.002178,0.875637,91153.97341,2001-01-02 01:19:13.973 +0000,,,,,,-0.806352
-0.886397,0.309459,0.045534,0.939967,91153.95347,2001-01-02 01:19:13.953 +0000,,,,,,-0.886397
-0.92469,0.298767,0.041031,0.972624,91153.93348,2001-01-02 01:19:13.933 +0000,,,,,,-0.92469
-0.852889,0.255068,0.010647,0.890276,91153.91352,2001-01-02 01:19:13.914 +0000,,,,,,-0.852889
-0.781801,0.325423,0.008799,0.846871,91153.89354,2001-01-02 01:19:13.894 +0000,,,,,,-0.781801
-0.692027,0.206314,0.063154,0.724883,91153.87358,2001-01-02 01:19:13.874 +0000,,,,,,-0.692027
-0.550038,0.197816,0.031011,0.58535,91153.85359,2001-01-02 01:19:13.854 +0000,,,,,,-0.550038
-0.369287,0.10413,0.001499,0.38369,91153.83363,2001-01-02 01:19:13.834 +0000,,,,,,-0.369287
-0.138463,0.026437,-0.037336,0.145825,91153.81364,2001-01-02 01:19:13.814 +0000,,,,,,-0.138463
0.068608,0.021149,-0.082938,0.109696,91153.79368,2001-01-02 01:19:13.794 +0000,,,,,,0.068608
0.208303,-0.170591,-0.119941,0.294749,91153.77369,2001-01-02 01:19:13.774 +0000,,,,,,0.208303
0.354953,-0.125649,-0.082744,0.38552,91153.75373,2001-01-02 01:19:13.754 +0000,,,,,,0.354953
0.379064,0.032947,-0.14178,0.40605,91153.73375,2001-01-02 01:19:13.734 +0000,,,,,,0.379064
0.502283,-0.033148,-0.1974,0.540698,91153.71379,2001-01-02 01:19:13.714 +0000,,,,,,0.502283
0.584272,-0.18872,-0.238096,0.658543,91153.6938,2001-01-02 01:19:13.694 +0000,,,,,,0.584272
0.678,-0.402763,-0.234745,0.822805,91153.67384,2001-01-02 01:19:13.674 +0000,,,,,,0.678
0.71687,-0.393993,-0.146888,0.83109,91153.65385,2001-01-02 01:19:13.654 +0000,,,,,,0.71687
0.669965,-0.397214,-0.142922,0.79187,91153.63389,2001-01-02 01:19:13.634 +0000,,,,,,0.669965
0.633906,-0.242713,-0.117941,0.688953,91153.6139,2001-01-02 01:19:13.614 +0000,,,,,,0.633906
0.597259,-0.136253,-0.134505,0.627196,91153.59394,2001-01-02 01:19:13.594 +0000,,,,,,0.597259
0.543486,-0.042534,-0.128712,0.560136,91153.57396,2001-01-02 01:19:13.574 +0000,,,,,,0.543486
0.541665,0.069411,-0.091631,0.553728,91153.554,2001-01-02 01:19:13.554 +0000,,,,,,0.541665
0.601224,-0.1138,-0.102484,0.620423,91153.53401,2001-01-02 01:19:13.534 +0000,,,,,,0.601224
0.722143,-0.398218,-0.134019,0.835481,91153.51405,2001-01-02 01:19:13.514 +0000,,,,,,0.722143
0.82839,-0.326769,-0.134565,0.900619,91153.49406,2001-01-02 01:19:13.494 +0000,,,,,,0.82839
0.908438,-0.147701,-0.117415,0.927826,91153.4741,2001-01-02 01:19:13.474 +0000,,,,,,0.908438
0.948316,-0.016643,-0.117502,0.955713,91153.45411,2001-01-02 01:19:13.454 +0000,,,,,,0.948316
0.969382,0.054709,-0.132513,0.979926,91153.43415,2001-01-02 01:19:13.434 +0000,,,,,,0.969382
0.905346,0.070645,-0.130851,0.917477,91153.41417,2001-01-02 01:19:13.414 +0000,,,,,,0.905346
0.640729,0.07695,-0.087777,0.651276,91153.39421,2001-01-02 01:19:13.394 +0000,,,,,,0.640729
0.361268,0.083212,-0.057625,0.37518,91153.37422,2001-01-02 01:19:13.374 +0000,,,,,,0.361268
0.075623,0.084066,-0.058486,0.127305,91153.35426,2001-01-02 01:19:13.354 +0000,,,,,,0.075623
-0.239431,0.016675,-0.077525,0.252222,91153.33427,2001-01-02 01:19:13.334 +0000,,,,,,-0.239431
-0.55562,0.049694,0.013211,0.557995,91153.31431,2001-01-02 01:19:13.314 +0000,,,,,,-0.55562
-0.615816,-0.022878,-0.022258,0.616642,91153.29432,2001-01-02 01:19:13.294 +0000,,,,,,-0.615816
-0.612427,-0.244536,-0.055825,0.661802,91153.27436,2001-01-02 01:19:13.274 +0000,,,,,,-0.612427
-0.592269,-0.395896,-0.098018,0.719113,91153.25438,2001-01-02 01:19:13.254 +0000,,,,,,-0.592269
-0.499601,-0.328824,-0.141384,0.614586,91153.23442,2001-01-02 01:19:13.234 +0000,,,,,,-0.499601
-0.467468,-0.154064,-0.12882,0.508779,91153.21443,2001-01-02 01:19:13.214 +0000,,,,,,-0.467468
-0.423652,-0.223185,-0.093076,0.487807,91153.19447,2001-01-02 01:19:13.194 +0000,,,,,,-0.423652
-0.276834,-0.542803,-0.149984,0.627509,91153.17448,2001-01-02 01:19:13.174 +0000,,,,,,-0.276834
-0.462338,-0.360674,-0.108991,0.596424,91153.15452,2001-01-02 01:19:13.155 +0000,,,,,,-0.462338
-0.811744,0.286106,0.056786,0.86256,91153.13453,2001-01-02 01:19:13.135 +0000,,,,,,-0.811744
-1.065304,0.352235,0.163883,1.133931,91153.11457,2001-01-02 01:19:13.115 +0000,,,,,,-1.065304
-1.064329,-0.030289,0.127532,1.07237,91153.09459,2001-01-02 01:19:13.095 +0000,,,,,,-1.064329
-0.921977,-0.106981,0.089166,0.932436,91153.07463,2001-01-02 01:19:13.075 +0000,,,,,,-0.921977
-0.764164,0.046646,0.133623,0.77716,91153.05464,2001-01-02 01:19:13.055 +0000,,,,,,-0.764164
-0.672025,0.316382,0.195485,0.768069,91153.03468,2001-01-02 01:19:13.035 +0000,,,,,,-0.672025
-0.427729,0.042794,0.198946,0.47367,91153.01469,2001-01-02 01:19:13.015 +0000,,,,,,-0.427729
-0.101175,-0.189349,0.13767,0.255034,91152.99473,2001-01-02 01:19:12.995 +0000,,,,,,-0.101175
0.159476,0.048126,0.028727,0.169038,91152.97474,2001-01-02 01:19:12.975 +0000,,,,,,0.159476
0.23578,0.680768,-0.046205,0.721923,91152.95481,2001-01-02 01:19:12.955 +0000,,,,,,0.23578
0.168265,0.900946,-0.160521,0.930475,91152.93482,2001-01-02 01:19:12.935 +0000,,,,,,0.168265
0.100717,0.458963,-0.097802,0.479955,91152.91486,2001-01-02 01:19:12.915 +0000,,,,,,0.100717
0.234743,-0.221517,-0.044828,0.325859,91152.89487,2001-01-02 01:19:12.895 +0000,,,,,,0.234743
0.49841,-0.473906,-0.089377,0.693532,91152.87491,2001-01-02 01:19:12.875 +0000,,,,,,0.49841
0.653103,-0.72095,-0.095141,0.977428,91152.85492,2001-01-02 01:19:12.855 +0000,,,,,,0.653103
0.680936,-0.186386,-0.185093,0.729845,91152.83497,2001-01-02 01:19:12.835 +0000,,,,,,0.680936
0.590605,0.173673,-0.159968,0.636055,91152.81501,2001-01-02 01:19:12.815 +0000,,,,,,0.590605
0.406256,0.166524,0.017248,0.439399,91152.79502,2001-01-02 01:19:12.795 +0000,,,,,,0.406256
-0.013296,-0.261335,0.293392,0.393131,91152.77506,2001-01-02 01:19:12.775 +0000,,,,,,-0.013296
-0.21001,-0.298884,0.245153,0.439927,91152.75507,2001-01-02 01:19:12.755 +0000,,,,,,-0.21001
-0.373751,0.061684,0.0689,0.385022,91152.73511,2001-01-02 01:19:12.735 +0000,,,,,,-0.373751
-0.585729,0.303258,0.033689,0.660439,91152.71512,2001-01-02 01:19:12.715 +0000,,,,,,-0.585729
-0.667275,0.342762,0.092868,0.755887,91152.69516,2001-01-02 01:19:12.695 +0000,,,,,,-0.667275
-0.456275,0.264258,0.161822,0.551548,91152.67518,2001-01-02 01:19:12.675 +0000,,,,,,-0.456275
-0.158804,0.032221,0.151638,0.221925,91152.65522,2001-01-02 01:19:12.655 +0000,,,,,,-0.158804
0.037013,0.188772,0.076669,0.207082,91152.63523,2001-01-02 01:19:12.635 +0000,,,,,,0.037013
0.139522,0.267887,0.16049,0.342034,91152.61527,2001-01-02 01:19:12.615 +0000,,,,,,0.139522
0.478455,0.04443,0.161248,0.506847,91152.59528,2001-01-02 01:19:12.595 +0000,,,,,,0.478455
0.697041,-0.187042,-0.025774,0.72216,91152.57532,2001-01-02 01:19:12.575 +0000,,,,,,0.697041
0.767316,-0.355384,-0.057966,0.847604,91152.55533,2001-01-02 01:19:12.555 +0000,,,,,,0.767316
0.731191,-0.393732,-0.046352,0.831753,91152.53537,2001-01-02 01:19:12.535 +0000,,,,,,0.731191
0.395637,-0.273029,0.182922,0.514329,91152.51539,2001-01-02 01:19:12.515 +0000,,,,,,0.395637
0.084727,-0.173007,0.228635,0.298971,91152.49543,2001-01-02 01:19:12.495 +0000,,,,,,0.084727
-0.028282,-0.093341,0.169956,0.195952,91152.47544,2001-01-02 01:19:12.475 +0000,,,,,,-0.028282
0.044782,-0.1637,0.1279,0.212513,91152.45548,2001-01-02 01:19:12.455 +0000,,,,,,0.044782
0.156434,-0.118857,0.136011,0.238951,91152.43549,2001-01-02 01:19:12.435 +0000,,,,,,0.156434
0.215154,-0.258574,0.052375,0.340433,91152.41553,2001-01-02 01:19:12.416 +0000,,,,,,0.215154
